id,name,age,city,department,salary
1,Rahul,35,Jaipur,HR,127877
2,Anuj,50,Delhi,IT,31521
3,Vikas,51,Hyderabad,Operations,36092
4,Rohit,26,Hyderabad,HR,61376
5,Rohit,20,Delhi,Finance,112952
6,Aman,23,Kolkata,Finance,102158
7,Rahul,37,Kolkata,Operations,85836
8,Simran,20,Bangalore,Marketing,42580
9,Rahul,22,Delhi,Sales,116443
10,Karan,26,Chennai,Finance,75554
11,Priya,33,Hyderabad,HR,91390
12,Anuj,53,Kolkata,HR,41966
13,Anuj,20,Lucknow,IT,140466
14,Rahul,44,Hyderabad,Sales,38180
15,Rohit,53,Hyderabad,Operations,38786
16,Rohit,37,Noida,Operations,98815
17,Simran,51,Hyderabad,HR,69020
18,Karan,50,Chennai,Sales,80941
19,Anuj,41,Mumbai,Marketing,109866
20,Simran,47,Pune,Finance,110988
21,Rohit,41,Lucknow,IT,126306
22,Simran,43,Mumbai,Finance,121370
23,Priya,41,Delhi,Operations,103629
24,Rohit,40,Lucknow,Marketing,144113
25,Pooja,35,Delhi,Marketing,77590
26,Karan,43,Jaipur,Sales,65096
27,Vikas,45,Hyderabad,HR,81887
28,Anuj,44,Hyderabad,Finance,28692
29,Aman,23,Noida,IT,89337
30,Priya,42,Delhi,HR,83929
31,Neha,41,Kolkata,IT,51513
32,Vikas,26,Bangalore,Sales,108327
33,Aman,20,Delhi,HR,66672
34,Rohit,49,Lucknow,IT,102938
35,Neha,45,Noida,Operations,72450
36,Rahul,28,Pune,Sales,76163
37,Rahul,21,Noida,Marketing,116142
38,Priya,27,Noida,HR,129616
39,Rahul,53,Noida,Operations,98784
40,Neha,37,Kolkata,Finance,114895
41,Neha,35,Jaipur,Finance,39689
42,Karan,43,Chennai,Operations,102705
43,Vikas,48,Noida,Sales,132142
44,Anuj,50,Lucknow,Finance,46920
45,Pooja,52,Delhi,HR,44568
46,Simran,46,Mumbai,Marketing,29839
47,Rahul,32,Hyderabad,IT,71412
48,Priya,20,Bangalore,Operations,138419
49,Rahul,40,Kolkata,Finance,131948
50,Simran,21,Chennai,Sales,143171
51,Vikas,43,Delhi,Marketing,135664
52,Karan,22,Mumbai,Operations,40745
53,Neha,40,Mumbai,HR,51824
54,Karan,48,Delhi,Marketing,73286
55,Rohit,34,Chennai,Sales,77595
56,Rahul,51,Lucknow,Operations,56478
57,Anuj,45,Hyderabad,Finance,137129
58,Rohit,25,Pune,Marketing,146563
59,Vikas,42,Hyderabad,IT,120595
60,Rahul,47,Bangalore,Operations,134302
61,Rohit,50,Noida,Finance,99571
62,Rahul,26,Mumbai,Sales,147388
63,Priya,44,Delhi,HR,121800
64,Vikas,38,Noida,Marketing,111887
65,Pooja,32,Mumbai,HR,85235
66,Neha,29,Mumbai,Sales,129474
67,Aman,53,Kolkata,IT,62002
68,Neha,52,Hyderabad,Operations,120762
69,Neha,22,Lucknow,IT,94552
70,Rohit,28,Hyderabad,IT,127555
71,Vikas,51,Delhi,IT,112846
72,Rahul,25,Delhi,Sales,104929
73,Karan,39,Mumbai,Finance,47899
74,Aman,55,Chennai,Marketing,71098
75,Simran,49,Delhi,Marketing,30883
76,Rohit,30,Noida,Finance,31384
77,Aman,48,Hyderabad,Marketing,90010
78,Pooja,27,Noida,HR,71782
79,Priya,50,Hyderabad,IT,38872
80,Vikas,54,Pune,Marketing,80629
81,Simran,35,Mumbai,Operations,86207
82,Rohit,35,Hyderabad,Sales,122911
83,Neha,33,Lucknow,IT,59823
84,Anuj,30,Bangalore,HR,140249
85,Rohit,25,Kolkata,Operations,131230
86,Anuj,26,Lucknow,Marketing,119696
87,Neha,47,Hyderabad,HR,93805
88,Priya,21,Delhi,Sales,79534
89,Vikas,30,Kolkata,Operations,108750
90,Rahul,40,Bangalore,Finance,86981
91,Rohit,44,Delhi,Finance,49790
92,Karan,37,Kolkata,HR,72593
93,Neha,34,Noida,Marketing,95954
94,Rohit,36,Kolkata,Finance,40813
95,Pooja,50,Pune,Finance,97220
96,Priya,27,Mumbai,IT,42133
97,Pooja,28,Kolkata,Sales,120790
98,Aman,54,Lucknow,Finance,39811
99,Vikas,51,Jaipur,HR,89233
100,Aman,25,Delhi,Finance,120281
101,Rohit,41,Hyderabad,Sales,90095
102,Simran,34,Lucknow,IT,59359
103,Simran,24,Hyderabad,Sales,91793
104,Vikas,41,Delhi,Operations,83887
105,Karan,44,Pune,Finance,148715
106,Priya,44,Noida,Sales,61982
107,Karan,55,Delhi,HR,90421
108,Priya,47,Delhi,HR,84130
109,Neha,34,Chennai,Operations,104588
110,Rohit,34,Bangalore,HR,56294
111,Aman,36,Lucknow,Sales,73996
112,Simran,27,Pune,Operations,138156
113,Pooja,38,Bangalore,Marketing,105506
114,Rahul,25,Delhi,HR,146701
115,Anuj,27,Pune,Finance,106651
116,Rahul,25,Lucknow,Marketing,112381
117,Aman,41,Noida,Marketing,113879
118,Aman,32,Delhi,Finance,148879
119,Priya,27,Bangalore,Operations,68659
120,Karan,43,Hyderabad,Operations,110800
121,Rahul,28,Mumbai,Operations,97098
122,Priya,40,Delhi,Sales,65225
123,Priya,44,Pune,Sales,53332
124,Karan,20,Chennai,IT,95391
125,Pooja,39,Delhi,Marketing,55827
126,Simran,23,Jaipur,IT,73869
127,Vikas,54,Lucknow,Operations,75676
128,Simran,32,Bangalore,Sales,104221
129,Anuj,44,Noida,Sales,100849
130,Rahul,47,Noida,Sales,102365
131,Simran,40,Jaipur,HR,86561
132,Vikas,43,Bangalore,Finance,123530
133,Neha,28,Lucknow,Operations,41278
134,Rahul,53,Noida,Finance,48257
135,Vikas,34,Pune,IT,70962
136,Priya,26,Hyderabad,Finance,43952
137,Aman,45,Lucknow,Operations,126321
138,Pooja,20,Lucknow,Operations,29731
139,Anuj,54,Mumbai,IT,135408
140,Vikas,49,Jaipur,Finance,35519
141,Simran,40,Hyderabad,Sales,105168
142,Aman,29,Hyderabad,IT,51233
143,Simran,38,Pune,Finance,33071
144,Rahul,34,Hyderabad,HR,116360
145,Vikas,51,Lucknow,HR,74802
146,Simran,49,Hyderabad,HR,141923
147,Karan,29,Mumbai,Finance,58314
148,Rohit,38,Delhi,Finance,80808
149,Aman,29,Hyderabad,Finance,108940
150,Neha,22,Chennai,Sales,100750
151,Aman,40,Noida,Operations,41133
152,Simran,39,Delhi,Finance,44490
153,Simran,52,Delhi,Sales,75007
154,Anuj,27,Chennai,Finance,131149
155,Karan,37,Kolkata,Sales,89343
156,Neha,50,Lucknow,Finance,39671
157,Pooja,33,Lucknow,Finance,100671
158,Anuj,51,Delhi,Marketing,36671
159,Rahul,38,Delhi,HR,99527
160,Neha,44,Chennai,Operations,80080
161,Vikas,23,Lucknow,IT,101712
162,Rohit,41,Chennai,Marketing,100392
163,Anuj,29,Jaipur,Marketing,49792
164,Rohit,33,Delhi,Marketing,52632
165,Karan,34,Noida,Marketing,73439
166,Rahul,23,Jaipur,Finance,56322
167,Rahul,31,Chennai,Finance,113898
168,Pooja,51,Kolkata,HR,29924
169,Rahul,45,Kolkata,Finance,52903
170,Simran,39,Bangalore,HR,107197
171,Aman,30,Delhi,Marketing,35001
172,Aman,21,Pune,HR,57154
173,Pooja,55,Kolkata,Operations,125224
174,Simran,45,Jaipur,HR,97759
175,Aman,41,Bangalore,Operations,87703
176,Vikas,47,Mumbai,Sales,97982
177,Simran,50,Pune,HR,53409
178,Karan,42,Pune,Marketing,30191
179,Priya,45,Lucknow,Operations,67065
180,Rohit,45,Bangalore,HR,109068
181,Simran,24,Bangalore,Sales,76552
182,Rohit,53,Lucknow,Marketing,94516
183,Vikas,38,Hyderabad,HR,42380
184,Priya,38,Pune,Sales,92580
185,Neha,32,Delhi,Finance,129574
186,Pooja,55,Delhi,Operations,121736
187,Simran,45,Chennai,Finance,119856
188,Pooja,26,Kolkata,HR,127619
189,Rahul,28,Kolkata,IT,87579
190,Rohit,40,Chennai,Sales,74009
191,Rohit,23,Mumbai,Finance,55427
192,Rahul,39,Hyderabad,Finance,55857
193,Neha,49,Hyderabad,Finance,68178
194,Anuj,30,Delhi,Finance,135507
195,Karan,28,Pune,Marketing,68448
196,Simran,48,Mumbai,Finance,48322
197,Rohit,50,Hyderabad,HR,80512
198,Karan,38,Delhi,IT,115380
199,Rohit,29,Noida,HR,47500
200,Anuj,33,Kolkata,Sales,31981
201,Rahul,33,Pune,IT,42793
202,Anuj,32,Chennai,Finance,103410
203,Rohit,20,Hyderabad,Finance,113543
204,Rahul,43,Bangalore,Finance,61276
205,Anuj,26,Mumbai,HR,126653
206,Neha,29,Chennai,IT,96940
207,Rahul,44,Mumbai,HR,89351
208,Simran,47,Bangalore,Marketing,58237
209,Rohit,30,Noida,Finance,87921
210,Vikas,23,Kolkata,HR,91083
211,Pooja,26,Jaipur,Sales,41238
212,Rohit,42,Bangalore,HR,39907
213,Simran,50,Mumbai,IT,49418
214,Aman,31,Lucknow,IT,98207
215,Karan,23,Delhi,HR,45662
216,Karan,27,Mumbai,Finance,77852
217,Pooja,52,Lucknow,Sales,102449
218,Rohit,41,Mumbai,Operations,137000
219,Pooja,47,Pune,Sales,112091
220,Priya,29,Pune,IT,102232
221,Rohit,45,Bangalore,Marketing,50816
222,Rahul,35,Hyderabad,Marketing,63061
223,Rahul,22,Noida,IT,122780
224,Priya,27,Noida,IT,73285
225,Neha,35,Delhi,Operations,41019
226,Priya,45,Delhi,Operations,84252
227,Priya,51,Lucknow,IT,55245
228,Pooja,39,Delhi,Marketing,99787
229,Anuj,31,Chennai,HR,46653
230,Rahul,44,Delhi,Operations,129941
231,Anuj,25,Hyderabad,IT,41716
232,Priya,49,Pune,Finance,43015
233,Neha,44,Delhi,HR,100891
234,Rahul,37,Jaipur,Finance,53970
235,Rohit,48,Jaipur,HR,35840
236,Rohit,43,Chennai,Operations,82736
237,Rohit,20,Jaipur,Marketing,109513
238,Simran,27,Bangalore,Sales,85304
239,Pooja,27,Pune,Sales,91936
240,Aman,25,Delhi,Operations,81557
241,Priya,27,Mumbai,HR,68993
242,Aman,51,Noida,Operations,143707
243,Vikas,52,Noida,HR,147251
244,Pooja,34,Chennai,HR,26058
245,Rohit,21,Chennai,Sales,128968
246,Rahul,50,Kolkata,Marketing,57020
247,Pooja,37,Pune,HR,99404
248,Simran,26,Mumbai,Operations,110330
249,Rahul,31,Lucknow,Operations,61294
250,Anuj,44,Delhi,Finance,114870
251,Simran,50,Bangalore,HR,119531
252,Anuj,47,Hyderabad,Sales,131314
253,Rahul,39,Kolkata,HR,135623
254,Rohit,28,Hyderabad,Sales,82590
255,Aman,26,Lucknow,Sales,73958
256,Priya,40,Jaipur,Operations,134641
257,Pooja,24,Jaipur,Sales,124357
258,Pooja,54,Kolkata,Finance,109432
259,Rohit,31,Hyderabad,Finance,109983
260,Priya,45,Lucknow,IT,32271
261,Anuj,21,Mumbai,Operations,66453
262,Aman,45,Noida,Operations,67684
263,Priya,55,Mumbai,Operations,88223
264,Anuj,54,Lucknow,IT,115796
265,Priya,53,Lucknow,IT,111529
266,Vikas,51,Chennai,HR,89873
267,Pooja,24,Bangalore,Finance,119997
268,Vikas,53,Mumbai,IT,88244
269,Priya,54,Chennai,Marketing,127363
270,Simran,27,Delhi,Operations,135759
271,Pooja,33,Pune,IT,98733
272,Aman,27,Pune,IT,35338
273,Rohit,31,Chennai,IT,85120
274,Vikas,31,Mumbai,Operations,64407
275,Rohit,20,Delhi,Sales,51717
276,Anuj,55,Mumbai,HR,34720
277,Karan,48,Kolkata,Marketing,144882
278,Simran,40,Hyderabad,Operations,41454
279,Anuj,27,Hyderabad,HR,112728
280,Neha,22,Jaipur,Finance,64487
281,Anuj,28,Mumbai,IT,52745
282,Anuj,33,Noida,IT,64558
283,Karan,30,Bangalore,Marketing,108982
284,Pooja,25,Kolkata,Operations,66846
285,Simran,55,Kolkata,Marketing,52052
286,Simran,36,Delhi,Marketing,70841
287,Aman,22,Lucknow,Marketing,57458
288,Anuj,25,Mumbai,Marketing,90916
289,Simran,27,Delhi,Operations,146240
290,Rahul,52,Kolkata,Finance,116182
291,Aman,39,Noida,HR,35025
292,Rahul,43,Noida,IT,34005
293,Karan,54,Hyderabad,IT,115431
294,Rahul,30,Mumbai,Marketing,68309
295,Rohit,47,Pune,IT,89874
296,Priya,20,Jaipur,Operations,71100
297,Rahul,35,Delhi,HR,29149
298,Karan,39,Mumbai,Marketing,137335
299,Rohit,22,Pune,Sales,102019
300,Karan,53,Chennai,Operations,43444
301,Karan,38,Mumbai,Finance,142955
302,Anuj,54,Noida,HR,85218
303,Karan,48,Lucknow,Finance,45699
304,Rahul,28,Mumbai,Finance,31575
305,Priya,51,Noida,IT,106120
306,Karan,40,Hyderabad,HR,60608
307,Karan,53,Jaipur,Operations,92576
308,Simran,42,Noida,HR,29540
309,Neha,54,Jaipur,Finance,121085
310,Vikas,52,Lucknow,Finance,128182
311,Rohit,33,Kolkata,Finance,49654
312,Neha,26,Delhi,IT,74877
313,Rohit,22,Hyderabad,Marketing,102532
314,Vikas,35,Lucknow,Operations,116990
315,Priya,22,Noida,Operations,137019
316,Aman,32,Chennai,Finance,73910
317,Vikas,29,Noida,Marketing,84075
318,Pooja,39,Noida,Finance,109364
319,Neha,33,Jaipur,Operations,71181
320,Rahul,28,Chennai,IT,79749
321,Anuj,55,Pune,HR,49438
322,Pooja,33,Jaipur,Operations,140613
323,Karan,42,Hyderabad,Finance,105191
324,Karan,37,Hyderabad,Operations,58630
325,Rahul,28,Jaipur,Marketing,50831
326,Rahul,47,Jaipur,Finance,51144
327,Simran,24,Noida,Finance,100578
328,Rohit,55,Lucknow,Operations,38162
329,Simran,36,Hyderabad,Operations,78338
330,Vikas,36,Lucknow,Finance,95233
331,Aman,44,Kolkata,Marketing,74488
332,Neha,30,Kolkata,Sales,141642
333,Rahul,45,Mumbai,Operations,133368
334,Rohit,49,Noida,Marketing,128676
335,Neha,25,Chennai,IT,85373
336,Vikas,36,Jaipur,Operations,25624
337,Aman,47,Jaipur,HR,130720
338,Pooja,29,Delhi,Operations,93269
339,Simran,54,Delhi,Sales,95399
340,Vikas,33,Hyderabad,HR,66343
341,Karan,24,Pune,Finance,67534
342,Simran,37,Kolkata,HR,27172
343,Anuj,32,Jaipur,Marketing,77394
344,Simran,43,Lucknow,Marketing,100055
345,Vikas,52,Pune,HR,124485
346,Rahul,30,Noida,IT,60687
347,Aman,46,Jaipur,Marketing,54862
348,Vikas,29,Chennai,Operations,126451
349,Rahul,40,Lucknow,Marketing,145945
350,Rahul,47,Mumbai,IT,100918
351,Simran,44,Jaipur,HR,109307
352,Aman,21,Lucknow,Operations,145044
353,Vikas,35,Kolkata,Sales,60728
354,Vikas,24,Mumbai,Operations,59868
355,Karan,37,Jaipur,Sales,130102
356,Rohit,27,Bangalore,Operations,38913
357,Neha,54,Hyderabad,Sales,32922
358,Rohit,27,Bangalore,IT,128002
359,Vikas,55,Delhi,Operations,118959
360,Simran,46,Noida,Sales,33841
361,Pooja,24,Jaipur,Marketing,27050
362,Vikas,41,Mumbai,Operations,64300
363,Anuj,25,Mumbai,Sales,44124
364,Rahul,43,Kolkata,Finance,137473
365,Priya,41,Mumbai,Finance,88803
366,Vikas,37,Delhi,HR,127173
367,Anuj,29,Delhi,IT,123130
368,Anuj,34,Mumbai,HR,102726
369,Neha,37,Jaipur,HR,87120
370,Aman,20,Pune,Finance,59136
371,Vikas,26,Lucknow,Operations,106557
372,Aman,44,Bangalore,Sales,50290
373,Pooja,34,Jaipur,Marketing,70718
374,Simran,44,Mumbai,Marketing,61491
375,Priya,26,Pune,Finance,135296
376,Simran,27,Mumbai,Sales,101616
377,Anuj,31,Mumbai,Sales,44694
378,Rahul,53,Delhi,IT,40038
379,Rahul,39,Bangalore,HR,145694
380,Aman,51,Noida,IT,25183
381,Simran,26,Bangalore,HR,38999
382,Anuj,53,Bangalore,IT,136516
383,Neha,42,Kolkata,Sales,93756
384,Karan,38,Bangalore,IT,129817
385,Simran,55,Pune,Marketing,34306
386,Aman,37,Mumbai,Finance,91182
387,Priya,26,Jaipur,Finance,96525
388,Aman,23,Noida,IT,139988
389,Anuj,30,Noida,HR,108935
390,Vikas,40,Chennai,Finance,105603
391,Neha,44,Hyderabad,HR,79481
392,Anuj,31,Lucknow,Finance,105123
393,Neha,42,Lucknow,Sales,142132
394,Rohit,54,Pune,Sales,147954
395,Rohit,55,Delhi,Marketing,106585
396,Rahul,45,Mumbai,Marketing,109082
397,Neha,50,Delhi,IT,39892
398,Simran,28,Mumbai,HR,53066
399,Priya,36,Delhi,Finance,45397
400,Karan,20,Pune,Operations,124963
401,Aman,52,Delhi,Operations,136086
402,Rohit,29,Bangalore,Marketing,138070
403,Aman,28,Mumbai,HR,107268
404,Aman,29,Pune,Sales,101837
405,Priya,44,Mumbai,HR,57167
406,Anuj,37,Mumbai,Finance,73458
407,Aman,23,Kolkata,HR,83759
408,Neha,43,Kolkata,HR,149943
409,Priya,35,Hyderabad,Sales,67068
410,Rohit,46,Mumbai,IT,52543
411,Vikas,49,Noida,Sales,94293
412,Aman,31,Pune,HR,65197
413,Rahul,48,Hyderabad,Marketing,129408
414,Priya,42,Pune,HR,90902
415,Anuj,49,Delhi,HR,141357
416,Pooja,52,Mumbai,IT,108120
417,Rohit,38,Jaipur,IT,35166
418,Rohit,37,Noida,Operations,38204
419,Pooja,47,Chennai,Operations,36685
420,Neha,53,Hyderabad,Sales,67591
421,Vikas,34,Delhi,Operations,118931
422,Rohit,39,Chennai,Sales,90468
423,Rohit,25,Bangalore,Marketing,29926
424,Anuj,39,Chennai,Finance,137078
425,Rohit,46,Pune,Operations,49727
426,Priya,40,Delhi,Sales,64264
427,Neha,25,Delhi,HR,85038
428,Vikas,25,Hyderabad,IT,73422
429,Rahul,24,Lucknow,Marketing,76854
430,Vikas,35,Pune,Operations,31974
431,Neha,25,Kolkata,Operations,109282
432,Simran,30,Kolkata,Operations,37125
433,Priya,23,Kolkata,Finance,139117
434,Simran,25,Hyderabad,Finance,134722
435,Neha,38,Chennai,HR,79006
436,Anuj,55,Lucknow,Finance,62524
437,Rahul,51,Noida,Finance,135305
438,Vikas,20,Lucknow,HR,147292
439,Aman,47,Jaipur,IT,140184
440,Karan,52,Pune,Sales,115061
441,Vikas,28,Mumbai,IT,46151
442,Anuj,50,Noida,Sales,75377
443,Rahul,51,Delhi,HR,49559
444,Karan,52,Mumbai,IT,64569
445,Priya,54,Lucknow,Marketing,134074
446,Neha,27,Noida,Operations,148313
447,Neha,45,Chennai,Sales,68820
448,Priya,20,Noida,IT,144090
449,Karan,32,Kolkata,Sales,67380
450,Simran,20,Bangalore,HR,62202
451,Rahul,47,Chennai,Marketing,79555
452,Priya,54,Lucknow,HR,46321
453,Karan,42,Delhi,Sales,25425
454,Rohit,35,Mumbai,HR,144541
455,Vikas,53,Lucknow,Finance,48313
456,Anuj,22,Jaipur,HR,41179
457,Priya,48,Pune,Marketing,133859
458,Anuj,30,Noida,IT,55214
459,Simran,53,Delhi,HR,69785
460,Simran,34,Bangalore,Sales,117936
461,Rohit,31,Pune,Marketing,57854
462,Neha,24,Jaipur,Marketing,128946
463,Priya,43,Bangalore,Marketing,76037
464,Rahul,28,Noida,HR,106655
465,Neha,52,Lucknow,Operations,117955
466,Karan,42,Chennai,Sales,116195
467,Neha,23,Chennai,Operations,47232
468,Rahul,47,Mumbai,IT,43885
469,Vikas,51,Mumbai,Finance,111980
470,Simran,44,Lucknow,Marketing,57762
471,Vikas,30,Noida,Marketing,99660
472,Priya,43,Pune,HR,62288
473,Neha,27,Noida,HR,25519
474,Priya,41,Chennai,Marketing,89250
475,Vikas,35,Kolkata,Marketing,134646
476,Simran,54,Delhi,IT,137734
477,Aman,27,Jaipur,Marketing,35926
478,Rohit,38,Delhi,Marketing,123402
479,Priya,39,Hyderabad,HR,83303
480,Priya,50,Chennai,Operations,57259
481,Aman,38,Jaipur,Operations,112347
482,Karan,36,Hyderabad,IT,63679
483,Karan,33,Chennai,Sales,55025
484,Vikas,20,Chennai,Marketing,61201
485,Priya,45,Kolkata,Finance,75452
486,Simran,33,Delhi,HR,75203
487,Anuj,39,Chennai,HR,144677
488,Vikas,52,Pune,Marketing,33134
489,Vikas,22,Chennai,IT,145366
490,Rohit,49,Mumbai,Finance,149738
491,Priya,51,Noida,Finance,130046
492,Karan,23,Lucknow,HR,106818
493,Karan,42,Jaipur,Marketing,146361
494,Neha,20,Chennai,Sales,69632
495,Pooja,49,Hyderabad,Sales,134209
496,Pooja,41,Hyderabad,Marketing,146396
497,Pooja,39,Delhi,Sales,58972
498,Rohit,42,Bangalore,IT,86903
499,Simran,26,Lucknow,Marketing,114807
500,Pooja,20,Bangalore,Sales,31499
501,Aman,42,Bangalore,HR,119469
502,Rahul,31,Bangalore,Marketing,111768
503,Vikas,45,Delhi,Marketing,31637
504,Simran,42,Kolkata,IT,79672
505,Karan,20,Chennai,Marketing,31648
506,Neha,26,Chennai,Operations,129347
507,Rahul,47,Pune,IT,128731
508,Rohit,51,Bangalore,Operations,57746
509,Vikas,32,Lucknow,IT,146416
510,Rohit,25,Pune,Sales,99800
511,Rohit,53,Pune,Marketing,93876
512,Aman,52,Lucknow,IT,136834
513,Anuj,29,Chennai,HR,35091
514,Anuj,46,Hyderabad,Finance,31746
515,Rohit,27,Delhi,Sales,82867
516,Pooja,51,Bangalore,HR,100771
517,Karan,20,Lucknow,Sales,126422
518,Rahul,29,Chennai,Operations,71854
519,Pooja,36,Mumbai,Marketing,39202
520,Priya,34,Kolkata,Sales,76273
521,Karan,50,Pune,HR,49888
522,Rohit,45,Mumbai,Sales,69210
523,Priya,43,Mumbai,IT,42493
524,Pooja,39,Chennai,Operations,34772
525,Priya,43,Mumbai,Marketing,59047
526,Rohit,47,Chennai,HR,107890
527,Aman,31,Noida,Marketing,124948
528,Anuj,54,Noida,Finance,121749
529,Rahul,37,Bangalore,Operations,36194
530,Priya,26,Mumbai,Sales,122021
531,Rohit,48,Bangalore,IT,48241
532,Aman,48,Pune,Marketing,25059
533,Simran,30,Chennai,Operations,144620
534,Pooja,28,Mumbai,IT,47342
535,Anuj,42,Hyderabad,Sales,46686
536,Simran,47,Jaipur,IT,63150
537,Rohit,20,Hyderabad,Marketing,107982
538,Rahul,42,Bangalore,HR,38984
539,Pooja,32,Mumbai,Sales,88911
540,Aman,27,Noida,Finance,69296
541,Pooja,32,Jaipur,Sales,77344
542,Simran,38,Jaipur,HR,33830
543,Simran,22,Delhi,IT,75196
544,Karan,28,Jaipur,IT,92449
545,Neha,45,Kolkata,HR,30453
546,Pooja,46,Lucknow,Operations,143678
547,Karan,41,Lucknow,Finance,104609
548,Simran,22,Noida,IT,69228
549,Priya,30,Lucknow,Sales,82163
550,Simran,32,Chennai,Sales,58173
551,Pooja,50,Mumbai,IT,112091
552,Aman,37,Pune,HR,133789
553,Pooja,27,Bangalore,Operations,36258
554,Pooja,46,Noida,HR,94308
555,Vikas,51,Lucknow,HR,120935
556,Rohit,55,Lucknow,Sales,143927
557,Vikas,51,Chennai,IT,69010
558,Simran,28,Bangalore,IT,60364
559,Pooja,40,Pune,HR,40970
560,Rohit,45,Pune,Sales,50132
561,Vikas,52,Jaipur,IT,53617
562,Pooja,44,Hyderabad,Sales,113357
563,Rahul,28,Pune,IT,50828
564,Vikas,27,Mumbai,HR,81983
565,Rohit,26,Bangalore,HR,76388
566,Vikas,21,Kolkata,IT,72140
567,Neha,28,Mumbai,Finance,120789
568,Neha,29,Hyderabad,Finance,130331
569,Simran,42,Delhi,Marketing,26616
570,Rahul,52,Hyderabad,IT,43412
571,Aman,20,Jaipur,Operations,92880
572,Aman,35,Pune,Operations,69635
573,Rohit,23,Pune,IT,148256
574,Priya,41,Pune,IT,103286
575,Aman,47,Bangalore,Marketing,129873
576,Rohit,20,Pune,Operations,145720
577,Rahul,47,Delhi,Finance,33826
578,Priya,50,Pune,HR,68088
579,Priya,38,Noida,Marketing,143592
580,Neha,38,Noida,Marketing,81504
581,Simran,51,Hyderabad,HR,116310
582,Pooja,25,Jaipur,Operations,124485
583,Priya,47,Kolkata,HR,140247
584,Anuj,35,Chennai,HR,66876
585,Rohit,29,Delhi,Finance,97341
586,Priya,52,Hyderabad,Finance,40279
587,Priya,31,Bangalore,Operations,82572
588,Karan,35,Hyderabad,Operations,109776
589,Anuj,37,Kolkata,Finance,105297
590,Karan,27,Chennai,Sales,37963
591,Priya,36,Lucknow,Operations,112422
592,Pooja,35,Bangalore,HR,73917
593,Anuj,47,Kolkata,HR,120292
594,Neha,32,Hyderabad,HR,87055
595,Vikas,50,Kolkata,IT,96932
596,Priya,26,Chennai,Marketing,47339
597,Priya,52,Lucknow,Operations,99163
598,Simran,31,Bangalore,Sales,32804
599,Simran,32,Hyderabad,Marketing,117260
600,Karan,29,Pune,Marketing,68148
601,Rohit,34,Hyderabad,IT,48288
602,Pooja,27,Pune,Sales,121695
603,Rohit,28,Chennai,Finance,130250
604,Vikas,45,Hyderabad,Marketing,64848
605,Priya,22,Lucknow,Marketing,102679
606,Pooja,37,Kolkata,HR,48367
607,Anuj,32,Bangalore,HR,47306
608,Priya,29,Chennai,Sales,36225
609,Neha,47,Chennai,IT,131750
610,Priya,21,Lucknow,Finance,101663
611,Aman,32,Jaipur,HR,138087
612,Pooja,25,Chennai,Operations,40223
613,Aman,23,Noida,IT,109295
614,Karan,44,Chennai,Marketing,114859
615,Simran,46,Pune,Operations,38453
616,Anuj,53,Bangalore,IT,110250
617,Priya,39,Mumbai,IT,62111
618,Karan,34,Noida,Finance,45975
619,Karan,34,Mumbai,IT,99767
620,Anuj,41,Hyderabad,Operations,101401
621,Rahul,47,Bangalore,Operations,144339
622,Priya,50,Hyderabad,Finance,104639
623,Aman,23,Delhi,Operations,60433
624,Pooja,52,Jaipur,Finance,91031
625,Aman,47,Delhi,Operations,39798
626,Anuj,23,Lucknow,Marketing,63036
627,Vikas,39,Hyderabad,IT,39438
628,Priya,27,Lucknow,IT,62256
629,Neha,37,Bangalore,IT,25896
630,Rohit,43,Jaipur,Operations,123445
631,Pooja,37,Noida,Operations,36021
632,Neha,42,Hyderabad,Marketing,53363
633,Neha,46,Mumbai,Operations,131898
634,Priya,35,Chennai,Sales,92270
635,Vikas,40,Lucknow,Sales,72424
636,Priya,23,Mumbai,Operations,115881
637,Vikas,31,Hyderabad,HR,117179
638,Rahul,22,Hyderabad,Sales,77005
639,Pooja,20,Lucknow,Operations,143132
640,Anuj,23,Chennai,IT,100660
641,Simran,40,Chennai,Finance,101163
642,Anuj,33,Bangalore,Marketing,49846
643,Neha,38,Kolkata,Sales,101085
644,Rohit,50,Mumbai,Finance,40859
645,Rahul,37,Noida,Marketing,62291
646,Anuj,26,Pune,Sales,137029
647,Anuj,47,Delhi,Sales,47073
648,Rohit,31,Kolkata,Operations,79026
649,Rohit,36,Bangalore,IT,67132
650,Anuj,51,Mumbai,Operations,45163
651,Karan,43,Pune,Finance,25749
652,Aman,41,Hyderabad,HR,143720
653,Rohit,39,Lucknow,Operations,40821
654,Aman,27,Noida,Finance,133638
655,Pooja,26,Bangalore,Sales,46271
656,Rahul,20,Mumbai,Operations,132582
657,Karan,55,Chennai,Finance,118140
658,Rohit,28,Noida,Marketing,29001
659,Pooja,41,Bangalore,Marketing,39165
660,Vikas,43,Delhi,Finance,84011
661,Neha,43,Bangalore,Sales,64579
662,Aman,53,Jaipur,IT,141657
663,Karan,43,Lucknow,Marketing,30630
664,Karan,35,Pune,Sales,44942
665,Rahul,37,Pune,Operations,31768
666,Aman,33,Mumbai,HR,106170
667,Vikas,44,Chennai,Finance,143249
668,Rahul,25,Noida,Marketing,91334
669,Karan,26,Bangalore,Operations,109751
670,Anuj,28,Hyderabad,IT,64678
671,Vikas,27,Bangalore,Operations,116991
672,Karan,22,Pune,IT,65268
673,Priya,32,Delhi,IT,82126
674,Priya,32,Kolkata,HR,106037
675,Rohit,48,Lucknow,Marketing,90954
676,Rahul,26,Chennai,Sales,92304
677,Karan,24,Pune,Sales,93232
678,Rohit,54,Kolkata,Operations,76249
679,Rahul,41,Pune,Operations,77854
680,Vikas,39,Noida,Operations,72708
681,Karan,50,Delhi,Operations,106820
682,Rahul,32,Delhi,HR,63967
683,Karan,54,Jaipur,Finance,96271
684,Anuj,29,Noida,Sales,34712
685,Neha,22,Kolkata,Sales,115574
686,Simran,28,Jaipur,Marketing,96101
687,Priya,32,Hyderabad,Operations,44251
688,Neha,46,Mumbai,Finance,85732
689,Rahul,55,Mumbai,IT,49460
690,Simran,36,Noida,Operations,148141
691,Neha,55,Noida,Sales,129764
692,Anuj,42,Hyderabad,Sales,103624
693,Priya,43,Jaipur,Sales,41334
694,Pooja,48,Kolkata,IT,57413
695,Rahul,27,Noida,IT,111779
696,Priya,47,Jaipur,Operations,75539
697,Neha,24,Bangalore,Operations,84908
698,Pooja,50,Hyderabad,Finance,141249
699,Aman,46,Mumbai,HR,112559
700,Priya,53,Pune,Marketing,67853
701,Aman,52,Hyderabad,HR,149442
702,Simran,21,Bangalore,Marketing,104517
703,Vikas,30,Mumbai,Finance,149734
704,Karan,37,Chennai,Operations,38340
705,Simran,28,Jaipur,Sales,144687
706,Pooja,38,Kolkata,HR,79570
707,Pooja,22,Bangalore,Sales,65916
708,Priya,23,Bangalore,Marketing,60797
709,Karan,32,Kolkata,Finance,115944
710,Vikas,45,Delhi,IT,108789
711,Neha,51,Noida,Sales,100591
712,Rohit,54,Kolkata,Marketing,41220
713,Rahul,52,Pune,HR,144125
714,Vikas,24,Mumbai,IT,66072
715,Pooja,30,Delhi,HR,50085
716,Rohit,48,Jaipur,HR,129319
717,Pooja,52,Chennai,Sales,44599
718,Karan,44,Hyderabad,Operations,119283
719,Karan,55,Mumbai,IT,39900
720,Priya,44,Pune,HR,98367
721,Neha,45,Kolkata,Operations,110803
722,Anuj,37,Kolkata,Marketing,28334
723,Pooja,33,Kolkata,Operations,141972
724,Neha,31,Mumbai,IT,37465
725,Aman,20,Lucknow,Operations,37894
726,Pooja,30,Chennai,Sales,49993
727,Rohit,33,Chennai,Operations,33078
728,Neha,20,Hyderabad,Marketing,92814
729,Vikas,52,Chennai,Finance,66241
730,Neha,49,Pune,IT,140693
731,Vikas,52,Pune,Finance,43008
732,Karan,53,Kolkata,IT,53538
733,Vikas,36,Delhi,HR,38414
734,Simran,39,Noida,Marketing,72094
735,Anuj,34,Bangalore,IT,77775
736,Simran,38,Delhi,Sales,133635
737,Rohit,37,Delhi,Sales,140057
738,Rahul,55,Hyderabad,HR,94942
739,Rohit,27,Mumbai,IT,125598
740,Priya,30,Kolkata,Finance,47390
741,Pooja,34,Jaipur,HR,141288
742,Simran,22,Noida,HR,55909
743,Rohit,54,Delhi,Finance,62987
744,Pooja,35,Hyderabad,HR,48990
745,Pooja,38,Hyderabad,Finance,96191
746,Pooja,22,Jaipur,Finance,57860
747,Anuj,29,Delhi,Operations,147432
748,Rahul,37,Delhi,Marketing,118751
749,Vikas,28,Delhi,HR,26621
750,Rohit,37,Mumbai,IT,120324
751,Priya,23,Kolkata,Operations,41434
752,Rohit,35,Mumbai,Marketing,44339
753,Vikas,33,Mumbai,IT,140527
754,Karan,54,Noida,HR,120227
755,Neha,27,Bangalore,IT,139915
756,Pooja,20,Mumbai,Operations,121308
757,Simran,42,Hyderabad,Marketing,145735
758,Simran,43,Kolkata,Operations,58003
759,Neha,40,Pune,Marketing,76712
760,Priya,25,Noida,Marketing,47826
761,Simran,55,Chennai,HR,148557
762,Neha,36,Delhi,Finance,76519
763,Neha,28,Lucknow,Finance,87470
764,Pooja,46,Bangalore,Operations,134265
765,Vikas,38,Pune,HR,35705
766,Vikas,40,Lucknow,Sales,107540
767,Vikas,23,Noida,IT,56810
768,Rohit,20,Pune,IT,127283
769,Rahul,42,Chennai,Finance,45722
770,Rohit,34,Jaipur,HR,26314
771,Neha,37,Noida,Operations,43276
772,Rahul,31,Kolkata,HR,66043
773,Simran,36,Mumbai,Finance,57361
774,Aman,21,Delhi,Sales,147852
775,Rohit,54,Pune,Sales,134449
776,Rohit,26,Noida,Marketing,124296
777,Pooja,44,Pune,Marketing,140493
778,Vikas,36,Chennai,Finance,58179
779,Karan,55,Lucknow,Marketing,45830
780,Simran,33,Hyderabad,Marketing,56685
781,Karan,48,Hyderabad,Marketing,95372
782,Vikas,34,Mumbai,Finance,80562
783,Rahul,40,Jaipur,Operations,82804
784,Rohit,37,Chennai,Finance,129836
785,Vikas,33,Mumbai,HR,30158
786,Rohit,45,Delhi,Finance,131632
787,Neha,29,Lucknow,Operations,83744
788,Aman,48,Mumbai,Marketing,87139
789,Vikas,34,Lucknow,Marketing,75445
790,Anuj,47,Kolkata,Sales,28884
791,Simran,43,Pune,IT,65755
792,Aman,29,Hyderabad,Sales,126286
793,Vikas,50,Mumbai,Finance,42644
794,Anuj,25,Hyderabad,Operations,106143
795,Anuj,51,Lucknow,IT,145417
796,Simran,31,Hyderabad,Finance,120910
797,Vikas,49,Pune,Operations,50939
798,Aman,31,Pune,Sales,110434
799,Pooja,31,Mumbai,Sales,108162
800,Rahul,32,Mumbai,Marketing,147376
801,Anuj,51,Mumbai,IT,111653
802,Karan,31,Kolkata,IT,111596
803,Vikas,38,Pune,IT,102338
804,Pooja,21,Lucknow,Operations,123473
805,Pooja,39,Pune,Sales,95157
806,Pooja,30,Jaipur,Marketing,89683
807,Neha,31,Lucknow,Finance,108858
808,Aman,45,Lucknow,IT,117547
809,Anuj,32,Mumbai,HR,144266
810,Vikas,24,Delhi,Finance,142934
811,Pooja,29,Bangalore,Marketing,80916
812,Rahul,24,Hyderabad,HR,117842
813,Rahul,47,Kolkata,Operations,76791
814,Priya,35,Pune,Finance,144269
815,Pooja,49,Hyderabad,IT,86573
816,Rahul,45,Pune,Marketing,64634
817,Karan,26,Mumbai,Marketing,31790
818,Anuj,53,Pune,IT,95658
819,Aman,28,Chennai,Sales,116855
820,Aman,20,Chennai,Marketing,139886
821,Karan,26,Noida,IT,142399
822,Vikas,44,Jaipur,Sales,138398
823,Rahul,44,Hyderabad,HR,90432
824,Rohit,21,Delhi,IT,88805
825,Rahul,27,Kolkata,Operations,138148
826,Simran,20,Chennai,Operations,42575
827,Priya,22,Noida,HR,34835
828,Karan,28,Delhi,Marketing,30205
829,Karan,35,Jaipur,Marketing,83827
830,Karan,25,Kolkata,HR,110234
831,Rohit,37,Delhi,Operations,69307
832,Simran,29,Jaipur,Sales,48393
833,Priya,20,Mumbai,Marketing,129004
834,Pooja,20,Chennai,Sales,63287
835,Pooja,26,Lucknow,Operations,135472
836,Vikas,54,Kolkata,Marketing,115197
837,Karan,41,Noida,HR,31784
838,Priya,25,Jaipur,HR,27682
839,Vikas,32,Mumbai,IT,56601
840,Karan,28,Pune,Marketing,134125
841,Karan,50,Chennai,Operations,53660
842,Anuj,48,Delhi,IT,116613
843,Karan,30,Noida,HR,29691
844,Rahul,39,Delhi,Finance,140667
845,Rohit,41,Kolkata,Marketing,128727
846,Rohit,50,Noida,Operations,73545
847,Vikas,29,Mumbai,IT,136997
848,Rahul,35,Chennai,HR,34573
849,Aman,23,Noida,Sales,27447
850,Rohit,54,Hyderabad,HR,115167
851,Aman,37,Jaipur,Finance,113239
852,Simran,54,Pune,Sales,131741
853,Rahul,27,Jaipur,Marketing,130368
854,Aman,21,Jaipur,Sales,123871
855,Anuj,22,Mumbai,Marketing,103426
856,Priya,26,Noida,HR,118675
857,Pooja,54,Kolkata,IT,138107
858,Karan,38,Chennai,Operations,89624
859,Pooja,26,Bangalore,Finance,145222
860,Vikas,52,Jaipur,Finance,43958
861,Anuj,46,Bangalore,Sales,62179
862,Rohit,29,Chennai,Operations,129631
863,Vikas,20,Kolkata,IT,85548
864,Vikas,34,Pune,Marketing,130424
865,Pooja,21,Hyderabad,HR,43031
866,Rahul,34,Kolkata,Operations,70175
867,Rohit,47,Bangalore,Sales,61242
868,Vikas,44,Mumbai,Sales,48966
869,Karan,29,Mumbai,Operations,81657
870,Rohit,42,Pune,Operations,70397
871,Priya,38,Pune,Finance,62924
872,Rahul,34,Mumbai,Finance,141046
873,Simran,44,Mumbai,IT,33484
874,Rohit,27,Mumbai,Marketing,82261
875,Aman,51,Jaipur,HR,122640
876,Vikas,30,Delhi,Marketing,131276
877,Aman,27,Noida,Marketing,112349
878,Rahul,34,Lucknow,Finance,94710
879,Anuj,26,Bangalore,Operations,102674
880,Aman,38,Bangalore,Marketing,112937
881,Vikas,42,Mumbai,Operations,52180
882,Karan,24,Hyderabad,Finance,102794
883,Karan,41,Jaipur,HR,48315
884,Vikas,27,Lucknow,Finance,88621
885,Pooja,43,Mumbai,Operations,135625
886,Rahul,25,Mumbai,Operations,81937
887,Pooja,22,Mumbai,Sales,123625
888,Vikas,29,Hyderabad,Marketing,119885
889,Priya,31,Chennai,Sales,149977
890,Vikas,47,Delhi,HR,123754
891,Simran,53,Chennai,Operations,118005
892,Simran,41,Mumbai,Operations,118494
893,Pooja,31,Lucknow,Marketing,55662
894,Pooja,47,Hyderabad,Operations,101143
895,Rahul,29,Pune,Sales,97208
896,Karan,39,Hyderabad,Sales,66820
897,Anuj,38,Delhi,Marketing,116660
898,Priya,42,Chennai,Sales,49285
899,Neha,26,Pune,Operations,53774
900,Karan,37,Kolkata,Marketing,97817
901,Vikas,51,Pune,IT,111188
902,Anuj,43,Noida,IT,38552
903,Rahul,36,Noida,Marketing,130504
904,Rohit,24,Jaipur,Sales,97264
905,Karan,20,Delhi,Sales,47185
906,Karan,29,Bangalore,Sales,129206
907,Anuj,29,Chennai,HR,146622
908,Vikas,40,Kolkata,Sales,92015
909,Karan,29,Bangalore,IT,100570
910,Anuj,44,Noida,Finance,49998
911,Aman,48,Pune,Marketing,143991
912,Pooja,50,Delhi,Marketing,74981
913,Simran,24,Kolkata,HR,109948
914,Pooja,27,Hyderabad,Finance,50127
915,Vikas,47,Pune,Marketing,112899
916,Aman,37,Jaipur,Operations,107124
917,Karan,29,Bangalore,HR,46811
918,Priya,25,Noida,Operations,126851
919,Pooja,40,Jaipur,Finance,134340
920,Rahul,28,Hyderabad,Finance,85217
921,Pooja,31,Mumbai,Finance,96995
922,Neha,44,Delhi,Operations,110316
923,Priya,42,Noida,Finance,80899
924,Neha,40,Pune,Marketing,92629
925,Neha,51,Chennai,IT,27797
926,Rahul,47,Mumbai,Marketing,87666
927,Aman,50,Chennai,Finance,140951
928,Neha,46,Delhi,HR,121677
929,Priya,41,Jaipur,HR,145404
930,Pooja,28,Bangalore,Marketing,30207
931,Vikas,35,Chennai,Sales,60939
932,Priya,44,Pune,Finance,48677
933,Simran,46,Lucknow,HR,110290
934,Anuj,55,Kolkata,Operations,139871
935,Pooja,51,Hyderabad,HR,55441
936,Rahul,54,Chennai,Marketing,71174
937,Neha,54,Noida,HR,143461
938,Vikas,51,Hyderabad,Marketing,144811
939,Neha,54,Bangalore,Finance,84848
940,Rahul,54,Kolkata,HR,126354
941,Priya,34,Delhi,Sales,110254
942,Simran,44,Hyderabad,IT,55275
943,Anuj,25,Hyderabad,Sales,35364
944,Simran,46,Bangalore,HR,93296
945,Pooja,53,Lucknow,Operations,105503
946,Priya,34,Noida,Sales,103916
947,Anuj,25,Mumbai,IT,73131
948,Rohit,35,Noida,Finance,100866
949,Simran,43,Hyderabad,HR,55836
950,Neha,20,Noida,HR,34276
951,Karan,33,Chennai,Operations,132560
952,Pooja,21,Bangalore,Operations,35570
953,Pooja,43,Noida,HR,120088
954,Anuj,55,Noida,Marketing,80886
955,Rohit,50,Lucknow,Operations,114350
956,Vikas,28,Hyderabad,Sales,100837
957,Simran,27,Hyderabad,Marketing,102748
958,Aman,23,Chennai,Operations,49521
959,Vikas,42,Bangalore,Marketing,113403
960,Pooja,43,Delhi,Finance,35600
961,Pooja,28,Lucknow,HR,110301
962,Rahul,38,Noida,Marketing,50056
963,Anuj,49,Lucknow,Operations,66779
964,Karan,29,Chennai,Finance,57695
965,Rohit,55,Lucknow,HR,65954
966,Aman,46,Pune,IT,117682
967,Vikas,35,Lucknow,Operations,86286
968,Simran,33,Hyderabad,IT,119360
969,Anuj,34,Kolkata,Operations,32474
970,Simran,23,Jaipur,Operations,70374
971,Priya,28,Kolkata,HR,25896
972,Rahul,27,Hyderabad,Marketing,131836
973,Rohit,29,Mumbai,Finance,86509
974,Rahul,44,Delhi,Operations,137023
975,Pooja,21,Kolkata,Sales,110910
976,Rahul,47,Delhi,Finance,25432
977,Aman,43,Mumbai,Finance,89961
978,Pooja,23,Delhi,HR,87847
979,Vikas,26,Bangalore,IT,74146
980,Simran,24,Mumbai,Operations,25803
981,Vikas,50,Chennai,Operations,119793
982,Priya,30,Mumbai,IT,98215
983,Pooja,21,Delhi,Marketing,97296
984,Pooja,29,Noida,Marketing,145432
985,Rohit,43,Lucknow,Finance,126492
986,Pooja,29,Kolkata,Finance,143277
987,Simran,25,Noida,HR,63998
988,Aman,35,Mumbai,HR,99231
989,Priya,24,Noida,Sales,62034
990,Rohit,20,Mumbai,HR,111326
991,Karan,46,Bangalore,Marketing,100742
992,Simran,29,Noida,Finance,104878
993,Aman,31,Pune,HR,105210
994,Rahul,50,Lucknow,HR,128857
995,Vikas,28,Pune,IT,144661
996,Priya,53,Chennai,HR,77363
997,Neha,39,Lucknow,Operations,50928
998,Simran,50,Chennai,Finance,127529
999,Vikas,46,Kolkata,HR,70416
1000,Anuj,41,Jaipur,IT,84777
1001,Vikas,48,Lucknow,Marketing,74530
1002,Vikas,20,Kolkata,Finance,91134
1003,Karan,38,Chennai,Finance,79545
1004,Karan,27,Delhi,Marketing,117320
1005,Pooja,29,Lucknow,Marketing,79342
1006,Aman,23,Jaipur,Finance,41416
1007,Pooja,22,Kolkata,Sales,125754
1008,Simran,31,Pune,Operations,34265
1009,Pooja,52,Noida,IT,56153
1010,Neha,30,Mumbai,IT,96674
1011,Neha,20,Chennai,Marketing,147468
1012,Simran,45,Kolkata,Sales,26505
1013,Simran,47,Kolkata,HR,131412
1014,Priya,49,Pune,Operations,67644
1015,Pooja,55,Noida,Marketing,144531
1016,Neha,36,Lucknow,Sales,100864
1017,Rohit,52,Mumbai,IT,71976
1018,Rohit,39,Mumbai,IT,34562
1019,Karan,34,Kolkata,Finance,105070
1020,Priya,47,Chennai,Sales,127385
1021,Rohit,30,Delhi,IT,132899
1022,Priya,37,Kolkata,IT,58712
1023,Anuj,25,Hyderabad,Operations,97410
1024,Neha,53,Lucknow,HR,61631
1025,Pooja,44,Jaipur,Marketing,121973
1026,Priya,28,Jaipur,Finance,72054
1027,Priya,33,Lucknow,Operations,61425
1028,Aman,45,Kolkata,Operations,123074
1029,Pooja,23,Jaipur,Sales,47454
1030,Anuj,34,Chennai,Sales,46349
1031,Aman,45,Hyderabad,HR,142994
1032,Simran,31,Pune,Sales,73599
1033,Karan,55,Pune,Sales,101375
1034,Neha,24,Lucknow,Marketing,68622
1035,Rahul,49,Bangalore,HR,69124
1036,Pooja,50,Pune,Marketing,38214
1037,Rahul,40,Noida,Operations,50709
1038,Simran,45,Lucknow,Sales,132103
1039,Pooja,44,Noida,HR,135901
1040,Anuj,30,Chennai,Operations,133064
1041,Aman,23,Hyderabad,Marketing,49763
1042,Priya,43,Bangalore,Sales,117796
1043,Aman,47,Pune,Finance,29531
1044,Rahul,32,Delhi,Finance,122320
1045,Pooja,37,Jaipur,Finance,67913
1046,Vikas,26,Lucknow,Marketing,105259
1047,Neha,26,Hyderabad,IT,33823
1048,Karan,24,Mumbai,Marketing,71008
1049,Priya,43,Pune,Operations,63554
1050,Rahul,41,Noida,Marketing,37617
1051,Neha,21,Mumbai,HR,101262
1052,Simran,35,Delhi,Finance,79194
1053,Priya,38,Mumbai,Operations,52285
1054,Neha,30,Noida,Operations,111435
1055,Pooja,54,Lucknow,IT,115277
1056,Simran,26,Noida,IT,71450
1057,Anuj,24,Hyderabad,Operations,39383
1058,Karan,33,Delhi,Marketing,145680
1059,Rahul,20,Hyderabad,IT,122997
1060,Rohit,39,Kolkata,HR,117274
1061,Vikas,32,Chennai,IT,146089
1062,Rohit,55,Bangalore,Sales,145157
1063,Rahul,32,Bangalore,Sales,38041
1064,Priya,22,Lucknow,HR,28396
1065,Rahul,35,Kolkata,Marketing,103204
1066,Rahul,37,Bangalore,IT,78834
1067,Pooja,25,Kolkata,IT,90258
1068,Aman,22,Delhi,HR,65451
1069,Vikas,50,Delhi,Sales,69908
1070,Anuj,22,Delhi,Finance,39058
1071,Anuj,23,Mumbai,Operations,113149
1072,Neha,40,Chennai,Sales,55198
1073,Anuj,25,Jaipur,HR,137795
1074,Vikas,39,Kolkata,Marketing,130734
1075,Neha,20,Chennai,Finance,147118
1076,Neha,42,Bangalore,Finance,81215
1077,Priya,38,Bangalore,Operations,55065
1078,Aman,45,Jaipur,Finance,77678
1079,Rohit,52,Chennai,IT,124131
1080,Simran,32,Kolkata,HR,71593
1081,Priya,40,Chennai,HR,121224
1082,Karan,45,Bangalore,HR,104351
1083,Aman,42,Lucknow,HR,26286
1084,Aman,28,Kolkata,Finance,148572
1085,Aman,26,Lucknow,IT,136870
1086,Rahul,41,Kolkata,HR,68932
1087,Karan,46,Bangalore,Sales,121203
1088,Priya,52,Noida,Marketing,28989
1089,Karan,26,Chennai,Sales,58005
1090,Rohit,52,Pune,Finance,33504
1091,Pooja,29,Chennai,IT,89387
1092,Karan,21,Hyderabad,Marketing,56110
1093,Aman,44,Chennai,Finance,90093
1094,Rohit,50,Delhi,Finance,140723
1095,Pooja,22,Bangalore,HR,145793
1096,Vikas,38,Hyderabad,Operations,143700
1097,Pooja,30,Delhi,Finance,43659
1098,Vikas,29,Delhi,Operations,43437
1099,Anuj,49,Chennai,Operations,56097
1100,Pooja,25,Pune,Sales,59185
1101,Vikas,25,Hyderabad,Finance,42604
1102,Simran,34,Hyderabad,Sales,80025
1103,Aman,33,Pune,IT,138530
1104,Rahul,29,Kolkata,Operations,117020
1105,Pooja,30,Pune,HR,88814
1106,Neha,52,Delhi,Operations,135530
1107,Karan,53,Lucknow,Sales,90841
1108,Vikas,53,Chennai,Finance,128133
1109,Priya,41,Bangalore,Operations,131147
1110,Vikas,48,Lucknow,HR,86095
1111,Pooja,28,Chennai,Marketing,138819
1112,Vikas,41,Lucknow,Marketing,30182
1113,Rohit,38,Mumbai,IT,117978
1114,Priya,43,Kolkata,IT,51046
1115,Pooja,47,Kolkata,Marketing,140804
1116,Rahul,22,Noida,Operations,133273
1117,Rohit,44,Noida,Sales,113923
1118,Priya,35,Lucknow,Operations,47608
1119,Karan,33,Hyderabad,Marketing,53374
1120,Neha,24,Mumbai,HR,108008
1121,Karan,29,Lucknow,Finance,133204
1122,Vikas,51,Chennai,Finance,96433
1123,Vikas,26,Pune,Operations,39684
1124,Anuj,20,Hyderabad,Operations,43340
1125,Priya,29,Pune,Operations,92627
1126,Vikas,39,Delhi,Sales,35509
1127,Anuj,55,Hyderabad,Marketing,82848
1128,Karan,25,Lucknow,HR,33274
1129,Anuj,51,Kolkata,Operations,141240
1130,Karan,26,Delhi,IT,128868
1131,Pooja,49,Mumbai,Sales,139452
1132,Vikas,40,Hyderabad,IT,93986
1133,Rohit,30,Hyderabad,HR,131955
1134,Karan,38,Noida,HR,106538
1135,Neha,30,Mumbai,Operations,110700
1136,Rohit,24,Jaipur,Operations,120090
1137,Rohit,37,Mumbai,Operations,99737
1138,Karan,43,Kolkata,Sales,123319
1139,Vikas,42,Chennai,Marketing,55154
1140,Aman,25,Pune,Sales,71308
1141,Rahul,24,Chennai,IT,148801
1142,Anuj,31,Bangalore,Operations,137816
1143,Vikas,49,Pune,Finance,65266
1144,Pooja,36,Noida,Finance,113440
1145,Anuj,50,Hyderabad,HR,83080
1146,Karan,36,Lucknow,HR,122219
1147,Neha,48,Bangalore,Marketing,114389
1148,Aman,28,Jaipur,Sales,136622
1149,Rahul,27,Lucknow,IT,123189
1150,Vikas,51,Jaipur,Sales,66963
1151,Neha,22,Lucknow,Finance,139992
1152,Priya,43,Hyderabad,Sales,43222
1153,Aman,38,Lucknow,Finance,132623
1154,Rohit,45,Chennai,HR,40729
1155,Aman,46,Hyderabad,Sales,34254
1156,Simran,28,Bangalore,Marketing,143378
1157,Neha,48,Chennai,HR,46132
1158,Simran,43,Chennai,Finance,82833
1159,Simran,52,Pune,Finance,123199
1160,Vikas,40,Bangalore,Operations,66572
1161,Aman,43,Hyderabad,Marketing,149255
1162,Vikas,25,Bangalore,HR,101197
1163,Pooja,46,Bangalore,HR,80458
1164,Vikas,52,Pune,Operations,57003
1165,Neha,48,Bangalore,Finance,124276
1166,Rahul,36,Bangalore,IT,137280
1167,Pooja,22,Noida,Finance,90279
1168,Rahul,23,Bangalore,Marketing,141804
1169,Aman,35,Lucknow,Marketing,132052
1170,Rohit,55,Noida,IT,53502
1171,Priya,20,Chennai,Finance,34218
1172,Simran,29,Lucknow,HR,36492
1173,Neha,26,Lucknow,IT,65083
1174,Rahul,38,Lucknow,Operations,104472
1175,Priya,44,Pune,Marketing,135265
1176,Anuj,30,Lucknow,Operations,51980
1177,Vikas,45,Pune,Marketing,56274
1178,Simran,24,Bangalore,IT,38782
1179,Rahul,34,Bangalore,Marketing,142658
1180,Pooja,44,Lucknow,Marketing,27116
1181,Neha,49,Kolkata,IT,95128
1182,Vikas,25,Bangalore,Finance,91043
1183,Karan,42,Pune,Finance,77789
1184,Priya,49,Lucknow,HR,46230
1185,Neha,49,Bangalore,HR,56553
1186,Rahul,54,Chennai,IT,32056
1187,Rohit,49,Bangalore,Sales,132008
1188,Pooja,26,Delhi,Marketing,81621
1189,Anuj,25,Jaipur,Operations,120945
1190,Karan,31,Jaipur,Operations,125512
1191,Simran,26,Mumbai,HR,68821
1192,Neha,45,Mumbai,HR,127428
1193,Karan,47,Pune,IT,101213
1194,Rohit,32,Delhi,HR,141473
1195,Rahul,45,Lucknow,Marketing,59002
1196,Pooja,41,Hyderabad,Sales,113254
1197,Vikas,24,Jaipur,HR,133858
1198,Priya,40,Chennai,Sales,28453
1199,Rahul,41,Mumbai,Operations,28506
1200,Aman,51,Lucknow,IT,55785
1201,Anuj,33,Kolkata,Finance,131697
1202,Anuj,50,Pune,HR,146605
1203,Vikas,27,Lucknow,Marketing,94802
1204,Pooja,37,Jaipur,Marketing,37520
1205,Rahul,49,Jaipur,Sales,91772
1206,Rahul,22,Lucknow,Marketing,130010
1207,Rohit,54,Bangalore,Operations,27452
1208,Simran,29,Noida,Sales,56910
1209,Aman,50,Pune,Marketing,117403
1210,Priya,29,Mumbai,Operations,79720
1211,Pooja,33,Noida,HR,64038
1212,Neha,40,Delhi,Operations,96714
1213,Simran,22,Lucknow,Marketing,149758
1214,Priya,44,Kolkata,Finance,73788
1215,Karan,23,Mumbai,HR,118750
1216,Aman,43,Delhi,Finance,37147
1217,Priya,47,Mumbai,Finance,113802
1218,Rahul,50,Noida,Finance,29906
1219,Pooja,33,Kolkata,HR,145284
1220,Karan,23,Delhi,Finance,30836
1221,Priya,33,Kolkata,HR,41906
1222,Vikas,21,Hyderabad,Marketing,33876
1223,Anuj,47,Bangalore,IT,90640
1224,Neha,37,Jaipur,Finance,45062
1225,Rohit,36,Hyderabad,IT,64918
1226,Pooja,31,Pune,HR,34935
1227,Pooja,25,Bangalore,HR,117592
1228,Rohit,29,Chennai,HR,58138
1229,Neha,24,Hyderabad,Operations,28111
1230,Rahul,37,Hyderabad,Marketing,96299
1231,Neha,45,Kolkata,HR,36435
1232,Simran,25,Lucknow,Operations,83686
1233,Neha,39,Mumbai,Operations,30969
1234,Anuj,48,Mumbai,Sales,42657
1235,Priya,46,Delhi,Operations,92868
1236,Vikas,53,Pune,HR,59313
1237,Rohit,33,Delhi,Sales,80398
1238,Rahul,36,Delhi,Finance,33215
1239,Pooja,31,Bangalore,Marketing,80654
1240,Rahul,23,Bangalore,Finance,108153
1241,Rohit,25,Lucknow,Operations,97109
1242,Karan,47,Chennai,Finance,86680
1243,Anuj,41,Bangalore,IT,94855
1244,Anuj,39,Chennai,HR,83407
1245,Neha,30,Noida,Finance,109086
1246,Rohit,32,Mumbai,Marketing,128879
1247,Aman,42,Lucknow,Sales,107881
1248,Karan,46,Pune,Sales,50108
1249,Rohit,50,Lucknow,Operations,49080
1250,Rahul,50,Delhi,IT,124547
1251,Simran,54,Delhi,Marketing,33418
1252,Rohit,30,Mumbai,HR,61903
1253,Karan,47,Hyderabad,Marketing,99432
1254,Rohit,42,Noida,IT,104505
1255,Rohit,44,Mumbai,Finance,100227
1256,Neha,20,Noida,Finance,87684
1257,Aman,55,Pune,Operations,137968
1258,Karan,32,Kolkata,Sales,144899
1259,Anuj,24,Hyderabad,HR,136940
1260,Vikas,29,Chennai,IT,26408
1261,Aman,40,Hyderabad,HR,52475
1262,Aman,40,Jaipur,Sales,112128
1263,Simran,20,Lucknow,HR,41824
1264,Vikas,29,Chennai,Marketing,27700
1265,Aman,49,Pune,Finance,61713
1266,Rahul,29,Hyderabad,Finance,49603
1267,Anuj,51,Lucknow,IT,109440
1268,Aman,40,Hyderabad,IT,65814
1269,Anuj,27,Kolkata,Operations,112070
1270,Neha,46,Delhi,IT,89956
1271,Rohit,36,Jaipur,IT,58529
1272,Karan,53,Chennai,IT,52924
1273,Neha,20,Noida,HR,119927
1274,Anuj,48,Lucknow,Operations,51860
1275,Aman,28,Lucknow,HR,65211
1276,Vikas,48,Pune,Finance,65034
1277,Anuj,26,Noida,Finance,42001
1278,Aman,22,Bangalore,Sales,38693
1279,Priya,33,Hyderabad,HR,30686
1280,Simran,32,Jaipur,Marketing,78917
1281,Rahul,46,Bangalore,HR,72346
1282,Rahul,54,Pune,Sales,33695
1283,Pooja,30,Bangalore,Operations,139136
1284,Pooja,44,Hyderabad,IT,30896
1285,Neha,33,Chennai,Operations,130485
1286,Simran,42,Chennai,HR,27727
1287,Karan,33,Pune,Operations,63565
1288,Rahul,32,Noida,Marketing,135553
1289,Pooja,20,Noida,Finance,76786
1290,Simran,43,Pune,Sales,25254
1291,Rohit,43,Jaipur,Sales,33603
1292,Karan,21,Jaipur,HR,26571
1293,Anuj,39,Hyderabad,HR,107445
1294,Simran,39,Delhi,Finance,63311
1295,Vikas,52,Pune,Marketing,39486
1296,Pooja,27,Bangalore,HR,51119
1297,Anuj,51,Mumbai,Finance,40985
1298,Anuj,49,Pune,HR,55724
1299,Pooja,46,Chennai,IT,69070
1300,Priya,46,Mumbai,Sales,73023
1301,Priya,42,Mumbai,HR,68772
1302,Rahul,42,Delhi,HR,122674
1303,Pooja,54,Pune,Operations,84665
1304,Pooja,47,Pune,Operations,99871
1305,Rahul,53,Bangalore,Operations,64775
1306,Rahul,41,Kolkata,Finance,42453
1307,Neha,27,Bangalore,HR,31202
1308,Karan,31,Mumbai,IT,119470
1309,Aman,49,Bangalore,Finance,86912
1310,Rahul,47,Chennai,Marketing,124593
1311,Aman,43,Pune,HR,44233
1312,Vikas,31,Noida,Operations,114736
1313,Karan,55,Delhi,HR,114254
1314,Karan,30,Bangalore,Finance,41764
1315,Simran,54,Pune,Sales,113999
1316,Neha,47,Kolkata,Marketing,55411
1317,Priya,44,Lucknow,Operations,103223
1318,Karan,38,Chennai,HR,71837
1319,Simran,47,Jaipur,Sales,80477
1320,Vikas,38,Chennai,Sales,123962
1321,Pooja,26,Jaipur,Sales,137803
1322,Simran,25,Delhi,Marketing,115760
1323,Karan,26,Delhi,HR,85850
1324,Priya,25,Jaipur,HR,42101
1325,Rahul,21,Hyderabad,HR,111105
1326,Rahul,46,Mumbai,Marketing,36152
1327,Simran,26,Lucknow,IT,89110
1328,Rohit,51,Bangalore,Operations,74515
1329,Priya,54,Chennai,Operations,129190
1330,Pooja,26,Lucknow,Marketing,127380
1331,Rohit,48,Delhi,HR,35060
1332,Priya,52,Mumbai,Finance,118162
1333,Neha,22,Noida,Operations,93515
1334,Pooja,38,Kolkata,Marketing,129954
1335,Priya,46,Kolkata,HR,125174
1336,Priya,33,Bangalore,Finance,103631
1337,Rahul,34,Noida,HR,141814
1338,Neha,49,Kolkata,Marketing,124418
1339,Priya,55,Bangalore,IT,98308
1340,Neha,44,Pune,Operations,148331
1341,Vikas,27,Delhi,Finance,101291
1342,Neha,32,Bangalore,Finance,97655
1343,Aman,50,Pune,IT,90118
1344,Pooja,27,Hyderabad,Sales,118757
1345,Rahul,42,Delhi,Marketing,97577
1346,Rahul,49,Mumbai,HR,143780
1347,Rahul,46,Pune,Operations,136279
1348,Rahul,45,Jaipur,Operations,132894
1349,Priya,20,Hyderabad,IT,84500
1350,Rahul,43,Delhi,Sales,89370
1351,Neha,34,Mumbai,Finance,80511
1352,Aman,52,Mumbai,Sales,87406
1353,Simran,38,Jaipur,Sales,121410
1354,Anuj,37,Lucknow,Sales,82403
1355,Karan,36,Bangalore,Operations,145301
1356,Simran,39,Chennai,Operations,73636
1357,Simran,46,Chennai,Operations,138346
1358,Neha,35,Hyderabad,Operations,33331
1359,Rahul,20,Mumbai,HR,53539
1360,Priya,46,Kolkata,Finance,90549
1361,Neha,22,Hyderabad,IT,87964
1362,Priya,20,Mumbai,HR,85911
1363,Anuj,21,Pune,IT,111020
1364,Vikas,29,Pune,Finance,35021
1365,Karan,43,Mumbai,IT,41881
1366,Vikas,53,Jaipur,HR,128525
1367,Neha,40,Mumbai,Finance,52929
1368,Rahul,41,Lucknow,Marketing,104491
1369,Karan,30,Pune,Finance,95391
1370,Simran,47,Delhi,Operations,36013
1371,Rohit,35,Mumbai,Operations,94865
1372,Aman,55,Delhi,IT,100203
1373,Pooja,45,Mumbai,HR,54256
1374,Rohit,32,Hyderabad,Operations,105573
1375,Rahul,45,Chennai,Finance,84830
1376,Neha,23,Lucknow,Operations,109308
1377,Simran,47,Noida,Marketing,108343
1378,Neha,28,Pune,Finance,129842
1379,Rahul,44,Pune,Operations,46068
1380,Vikas,31,Delhi,Operations,30468
1381,Karan,45,Pune,Sales,61403
1382,Rohit,40,Delhi,HR,91411
1383,Priya,53,Pune,IT,87462
1384,Simran,30,Pune,Marketing,54468
1385,Karan,47,Bangalore,HR,30090
1386,Karan,34,Chennai,Operations,61033
1387,Simran,26,Kolkata,HR,72349
1388,Anuj,28,Kolkata,Marketing,40323
1389,Karan,52,Noida,HR,101929
1390,Vikas,27,Noida,IT,58149
1391,Anuj,45,Chennai,Marketing,66823
1392,Aman,36,Kolkata,Operations,69771
1393,Vikas,55,Hyderabad,Sales,121896
1394,Vikas,30,Delhi,Finance,90705
1395,Neha,40,Kolkata,HR,78724
1396,Neha,33,Chennai,HR,146817
1397,Anuj,25,Mumbai,Operations,91821
1398,Aman,25,Kolkata,Finance,130970
1399,Aman,21,Lucknow,IT,133663
1400,Karan,47,Lucknow,IT,36074
1401,Priya,20,Hyderabad,Finance,109567
1402,Rahul,29,Hyderabad,IT,121540
1403,Aman,21,Pune,Sales,128594
1404,Anuj,54,Delhi,Marketing,84800
1405,Rahul,25,Mumbai,Finance,133566
1406,Simran,44,Bangalore,IT,119921
1407,Rohit,21,Hyderabad,IT,54274
1408,Priya,28,Pune,IT,61772
1409,Priya,49,Delhi,Finance,39872
1410,Pooja,42,Noida,HR,95588
1411,Neha,31,Mumbai,Marketing,97813
1412,Aman,35,Pune,Operations,142811
1413,Neha,34,Lucknow,IT,114861
1414,Vikas,39,Jaipur,Operations,29013
1415,Neha,32,Bangalore,IT,90356
1416,Karan,54,Kolkata,IT,100856
1417,Karan,35,Mumbai,Finance,111156
1418,Rahul,44,Pune,Operations,77787
1419,Anuj,36,Delhi,IT,127086
1420,Aman,23,Pune,Finance,65854
1421,Aman,37,Bangalore,Finance,120409
1422,Karan,25,Mumbai,Marketing,113779
1423,Anuj,29,Delhi,Operations,30249
1424,Rahul,21,Mumbai,HR,57502
1425,Vikas,26,Jaipur,Marketing,107100
1426,Pooja,27,Bangalore,IT,108057
1427,Priya,49,Kolkata,Finance,129249
1428,Pooja,27,Noida,Marketing,39017
1429,Karan,26,Lucknow,Finance,70591
1430,Pooja,29,Delhi,Operations,139867
1431,Priya,38,Noida,Marketing,88499
1432,Vikas,36,Kolkata,Sales,130494
1433,Rohit,31,Mumbai,Marketing,66811
1434,Simran,25,Mumbai,HR,91846
1435,Rahul,24,Mumbai,HR,68444
1436,Neha,51,Bangalore,Operations,106240
1437,Priya,43,Delhi,IT,50258
1438,Rahul,33,Hyderabad,Finance,143904
1439,Vikas,45,Delhi,Operations,99544
1440,Karan,26,Kolkata,Sales,38899
1441,Pooja,51,Chennai,IT,125562
1442,Simran,21,Bangalore,Operations,95691
1443,Vikas,46,Jaipur,HR,108566
1444,Anuj,24,Kolkata,Marketing,67636
1445,Rohit,51,Noida,Sales,56250
1446,Priya,24,Kolkata,Operations,111727
1447,Karan,33,Kolkata,Marketing,76288
1448,Anuj,46,Hyderabad,Marketing,119410
1449,Anuj,44,Bangalore,Finance,43377
1450,Rohit,40,Chennai,Finance,29321
1451,Vikas,48,Noida,Finance,72408
1452,Rohit,30,Lucknow,Operations,143033
1453,Aman,31,Lucknow,Sales,61559
1454,Vikas,39,Mumbai,HR,133427
1455,Vikas,20,Bangalore,Sales,65064
1456,Neha,31,Delhi,Finance,103767
1457,Rahul,22,Chennai,Finance,50062
1458,Anuj,27,Hyderabad,Sales,125559
1459,Pooja,41,Jaipur,HR,55872
1460,Priya,42,Pune,Operations,101484
1461,Aman,50,Jaipur,HR,48946
1462,Aman,54,Kolkata,Operations,83727
1463,Priya,20,Mumbai,Marketing,35636
1464,Simran,30,Kolkata,Marketing,113378
1465,Rohit,53,Mumbai,Finance,98864
1466,Simran,36,Hyderabad,IT,66444
1467,Simran,27,Jaipur,Finance,57985
1468,Neha,32,Noida,IT,29075
1469,Rahul,21,Mumbai,Finance,148621
1470,Priya,54,Mumbai,Sales,78815
1471,Anuj,21,Hyderabad,Sales,54871
1472,Priya,53,Lucknow,Marketing,92706
1473,Anuj,52,Delhi,Marketing,66158
1474,Pooja,29,Lucknow,Sales,136075
1475,Rahul,33,Hyderabad,HR,80112
1476,Neha,43,Chennai,IT,142493
1477,Karan,27,Chennai,Sales,84780
1478,Priya,33,Jaipur,Sales,26105
1479,Karan,21,Bangalore,HR,43385
1480,Priya,40,Bangalore,IT,32149
1481,Priya,28,Jaipur,Sales,121846
1482,Vikas,34,Mumbai,Marketing,86375
1483,Rahul,25,Pune,IT,108215
1484,Priya,28,Kolkata,IT,34791
1485,Anuj,37,Pune,HR,125627
1486,Neha,37,Pune,Sales,71545
1487,Aman,50,Kolkata,IT,50849
1488,Karan,32,Lucknow,Marketing,85114
1489,Pooja,25,Noida,Finance,98259
1490,Neha,42,Mumbai,HR,111078
1491,Rahul,55,Noida,Sales,61582
1492,Priya,38,Mumbai,Finance,49367
1493,Rahul,49,Noida,Operations,32231
1494,Rohit,51,Noida,HR,115018
1495,Priya,47,Delhi,Marketing,142352
1496,Karan,52,Noida,Sales,70398
1497,Priya,45,Jaipur,Finance,72060
1498,Simran,32,Kolkata,Finance,114448
1499,Rahul,36,Jaipur,Operations,110050
1500,Priya,31,Delhi,Sales,70644
1501,Vikas,32,Pune,HR,119239
1502,Neha,37,Hyderabad,Finance,69115
1503,Rohit,45,Jaipur,Operations,124059
1504,Neha,26,Chennai,Operations,53710
1505,Aman,39,Lucknow,Marketing,113312
1506,Rahul,30,Delhi,Finance,66891
1507,Simran,33,Noida,Finance,59993
1508,Rahul,51,Kolkata,IT,62016
1509,Simran,47,Delhi,Operations,147810
1510,Simran,48,Kolkata,HR,124525
1511,Rohit,47,Bangalore,Marketing,136335
1512,Neha,37,Delhi,IT,29720
1513,Neha,40,Pune,Sales,84005
1514,Aman,26,Lucknow,Operations,124463
1515,Rohit,44,Mumbai,Operations,148085
1516,Rahul,47,Hyderabad,IT,145375
1517,Aman,32,Noida,Operations,92652
1518,Vikas,42,Lucknow,IT,117826
1519,Rohit,43,Lucknow,Finance,102788
1520,Aman,24,Lucknow,Operations,113805
1521,Karan,48,Bangalore,Operations,79156
1522,Aman,30,Hyderabad,Sales,84773
1523,Rahul,22,Mumbai,HR,86339
1524,Aman,52,Lucknow,Operations,116559
1525,Pooja,36,Hyderabad,Finance,90973
1526,Pooja,46,Noida,HR,139626
1527,Karan,38,Kolkata,Marketing,93895
1528,Karan,53,Noida,Sales,95522
1529,Pooja,42,Mumbai,Finance,130184
1530,Karan,45,Mumbai,IT,102046
1531,Karan,21,Mumbai,Marketing,146520
1532,Neha,27,Kolkata,Sales,139914
1533,Neha,31,Chennai,HR,46593
1534,Aman,40,Bangalore,Sales,109455
1535,Pooja,47,Pune,Operations,118822
1536,Rahul,31,Pune,Finance,142635
1537,Pooja,42,Jaipur,Sales,120671
1538,Pooja,35,Kolkata,Operations,42750
1539,Vikas,24,Mumbai,Finance,129734
1540,Vikas,33,Mumbai,Marketing,38874
1541,Karan,43,Delhi,HR,124914
1542,Anuj,43,Hyderabad,Operations,146240
1543,Neha,29,Bangalore,IT,29100
1544,Simran,40,Mumbai,Sales,122028
1545,Rahul,27,Mumbai,Marketing,30072
1546,Vikas,20,Noida,Marketing,84707
1547,Pooja,40,Chennai,Finance,127187
1548,Pooja,20,Mumbai,Finance,43328
1549,Anuj,41,Chennai,Marketing,114015
1550,Anuj,33,Hyderabad,IT,112304
1551,Neha,49,Bangalore,IT,26199
1552,Vikas,40,Lucknow,Sales,146315
1553,Rahul,34,Chennai,Operations,61337
1554,Rahul,55,Pune,Sales,27839
1555,Karan,24,Pune,Sales,125798
1556,Karan,44,Delhi,Sales,124103
1557,Simran,38,Jaipur,IT,106074
1558,Priya,33,Pune,HR,65678
1559,Pooja,53,Pune,Operations,89813
1560,Karan,33,Bangalore,Operations,124590
1561,Simran,26,Bangalore,Sales,33919
1562,Anuj,55,Bangalore,HR,41357
1563,Pooja,37,Kolkata,Sales,127536
1564,Karan,24,Delhi,Finance,47778
1565,Rohit,46,Bangalore,IT,63672
1566,Neha,47,Jaipur,IT,77760
1567,Karan,40,Jaipur,Marketing,38847
1568,Pooja,40,Kolkata,Finance,115188
1569,Simran,32,Jaipur,Operations,83142
1570,Aman,32,Lucknow,Marketing,73111
1571,Anuj,23,Lucknow,Marketing,112643
1572,Pooja,51,Hyderabad,Sales,89458
1573,Rahul,51,Delhi,HR,95440
1574,Neha,22,Bangalore,Marketing,115813
1575,Rahul,37,Kolkata,HR,27047
1576,Simran,46,Delhi,Finance,141982
1577,Aman,27,Mumbai,HR,148677
1578,Anuj,27,Delhi,Finance,61633
1579,Rohit,48,Hyderabad,HR,37422
1580,Pooja,30,Lucknow,Operations,148549
1581,Pooja,40,Chennai,Operations,141355
1582,Simran,44,Jaipur,HR,28012
1583,Simran,35,Hyderabad,Finance,149854
1584,Karan,21,Noida,HR,115971
1585,Aman,38,Lucknow,Operations,65714
1586,Neha,21,Hyderabad,Sales,97345
1587,Neha,20,Pune,Sales,81036
1588,Vikas,49,Kolkata,HR,78589
1589,Priya,38,Kolkata,Operations,88370
1590,Priya,28,Bangalore,HR,35724
1591,Neha,45,Lucknow,HR,93395
1592,Karan,22,Mumbai,HR,79845
1593,Anuj,54,Chennai,IT,58700
1594,Neha,53,Chennai,IT,149654
1595,Rahul,22,Pune,Marketing,60837
1596,Neha,41,Mumbai,IT,44521
1597,Rahul,21,Lucknow,Operations,81807
1598,Simran,24,Hyderabad,Marketing,41525
1599,Priya,50,Chennai,Operations,125871
1600,Vikas,26,Pune,Operations,63318
1601,Vikas,46,Bangalore,HR,64402
1602,Karan,39,Mumbai,IT,132967
1603,Aman,37,Kolkata,Sales,149153
1604,Neha,40,Kolkata,Finance,90216
1605,Rahul,42,Kolkata,Finance,32771
1606,Karan,45,Hyderabad,Sales,116187
1607,Aman,25,Mumbai,Marketing,58916
1608,Neha,55,Mumbai,IT,98787
1609,Vikas,40,Hyderabad,Operations,96907
1610,Priya,51,Lucknow,HR,79319
1611,Aman,23,Mumbai,Sales,86606
1612,Karan,45,Delhi,IT,35769
1613,Rahul,39,Chennai,Sales,40070
1614,Vikas,49,Noida,Marketing,130539
1615,Simran,51,Chennai,Operations,27054
1616,Priya,27,Hyderabad,Operations,40397
1617,Neha,43,Jaipur,Marketing,90808
1618,Aman,26,Noida,IT,85710
1619,Simran,21,Mumbai,Operations,86105
1620,Rahul,34,Lucknow,Marketing,127051
1621,Priya,23,Mumbai,Sales,26806
1622,Simran,20,Delhi,Finance,55268
1623,Neha,28,Hyderabad,Operations,56744
1624,Anuj,26,Lucknow,Finance,45582
1625,Neha,40,Mumbai,Marketing,67768
1626,Vikas,47,Mumbai,HR,85718
1627,Aman,34,Lucknow,IT,126785
1628,Rohit,30,Bangalore,Marketing,31161
1629,Neha,25,Noida,HR,115824
1630,Pooja,32,Noida,Finance,62390
1631,Rohit,43,Hyderabad,IT,111456
1632,Rohit,54,Chennai,HR,63503
1633,Aman,20,Pune,Finance,54377
1634,Aman,23,Delhi,Operations,128000
1635,Rahul,36,Mumbai,Sales,123922
1636,Vikas,22,Lucknow,Sales,28820
1637,Rahul,27,Hyderabad,IT,85762
1638,Simran,23,Hyderabad,IT,57017
1639,Simran,39,Lucknow,HR,42642
1640,Simran,24,Chennai,Operations,65364
1641,Anuj,36,Pune,Marketing,135114
1642,Neha,41,Chennai,Sales,74310
1643,Karan,44,Pune,Sales,111429
1644,Aman,37,Kolkata,Sales,80462
1645,Karan,30,Mumbai,HR,126276
1646,Priya,28,Chennai,HR,94482
1647,Aman,49,Mumbai,IT,99225
1648,Aman,27,Lucknow,IT,105421
1649,Aman,28,Bangalore,IT,139669
1650,Karan,40,Mumbai,Sales,88292
1651,Aman,29,Delhi,Finance,111149
1652,Pooja,46,Chennai,Sales,141934
1653,Anuj,48,Chennai,Marketing,58602
1654,Priya,27,Noida,Sales,103737
1655,Neha,53,Hyderabad,Finance,131336
1656,Rohit,53,Bangalore,IT,131282
1657,Pooja,35,Lucknow,Sales,114039
1658,Karan,50,Jaipur,IT,32843
1659,Vikas,51,Delhi,Marketing,123928
1660,Pooja,37,Jaipur,Finance,53021
1661,Rohit,40,Hyderabad,Finance,108766
1662,Simran,50,Noida,HR,126685
1663,Rohit,34,Pune,Finance,32477
1664,Vikas,25,Pune,Finance,59181
1665,Pooja,36,Noida,IT,129607
1666,Rohit,38,Pune,Operations,54829
1667,Neha,25,Jaipur,Marketing,92295
1668,Karan,42,Delhi,IT,38251
1669,Pooja,55,Delhi,Finance,130224
1670,Pooja,35,Bangalore,Operations,85822
1671,Vikas,33,Lucknow,Operations,82974
1672,Priya,24,Jaipur,Finance,106831
1673,Simran,24,Pune,Finance,102961
1674,Simran,51,Mumbai,IT,140127
1675,Priya,23,Noida,Marketing,122083
1676,Aman,33,Noida,Sales,90563
1677,Rohit,20,Mumbai,Finance,147355
1678,Karan,33,Mumbai,Finance,102317
1679,Aman,49,Noida,Sales,100158
1680,Vikas,44,Mumbai,Operations,43708
1681,Anuj,32,Noida,Marketing,59225
1682,Pooja,51,Hyderabad,HR,77945
1683,Neha,26,Bangalore,IT,135294
1684,Simran,41,Jaipur,Finance,100184
1685,Rahul,33,Noida,Finance,46082
1686,Simran,53,Hyderabad,Operations,62175
1687,Rahul,52,Jaipur,Finance,86225
1688,Vikas,40,Mumbai,Operations,27927
1689,Rahul,39,Chennai,IT,62029
1690,Aman,49,Jaipur,Operations,137076
1691,Vikas,29,Chennai,Finance,94126
1692,Pooja,52,Jaipur,Sales,40887
1693,Simran,26,Kolkata,IT,38799
1694,Aman,28,Chennai,Finance,146777
1695,Priya,34,Bangalore,Sales,147538
1696,Rahul,43,Delhi,IT,114140
1697,Rohit,44,Noida,HR,50119
1698,Pooja,48,Lucknow,Marketing,32757
1699,Neha,52,Noida,Marketing,37221
1700,Anuj,32,Jaipur,Marketing,92063
1701,Priya,45,Hyderabad,Finance,80837
1702,Anuj,32,Bangalore,Marketing,125637
1703,Priya,24,Jaipur,IT,62802
1704,Simran,37,Jaipur,Operations,57120
1705,Neha,47,Delhi,HR,42812
1706,Rohit,30,Chennai,IT,57435
1707,Priya,39,Bangalore,Marketing,35975
1708,Rahul,26,Bangalore,Finance,131701
1709,Neha,29,Mumbai,Marketing,59640
1710,Rohit,49,Delhi,Sales,145891
1711,Anuj,26,Delhi,IT,71828
1712,Neha,27,Chennai,Sales,115353
1713,Rahul,35,Mumbai,Operations,74670
1714,Neha,21,Lucknow,Sales,131901
1715,Aman,49,Jaipur,Finance,73704
1716,Aman,31,Kolkata,HR,37700
1717,Anuj,37,Kolkata,Operations,91860
1718,Vikas,21,Jaipur,HR,128172
1719,Pooja,50,Kolkata,Finance,41344
1720,Aman,53,Pune,HR,46764
1721,Pooja,48,Hyderabad,Marketing,85780
1722,Pooja,42,Jaipur,Finance,73130
1723,Karan,36,Hyderabad,Finance,102945
1724,Anuj,27,Chennai,HR,35574
1725,Rahul,55,Chennai,IT,142641
1726,Anuj,25,Bangalore,Marketing,132070
1727,Vikas,42,Chennai,Marketing,87210
1728,Rohit,47,Bangalore,IT,32453
1729,Aman,33,Noida,Finance,27827
1730,Simran,29,Lucknow,IT,57208
1731,Karan,45,Chennai,HR,60550
1732,Simran,52,Mumbai,Operations,56723
1733,Priya,47,Pune,Operations,143427
1734,Rahul,52,Bangalore,Sales,124474
1735,Vikas,41,Mumbai,Marketing,85331
1736,Rohit,23,Noida,Operations,60495
1737,Vikas,48,Lucknow,IT,50927
1738,Rahul,37,Mumbai,Finance,120530
1739,Anuj,43,Chennai,HR,135477
1740,Rohit,26,Mumbai,Marketing,45258
1741,Priya,23,Mumbai,IT,71412
1742,Karan,44,Noida,Marketing,141431
1743,Pooja,47,Pune,Operations,74982
1744,Rahul,32,Mumbai,Operations,130652
1745,Rahul,38,Delhi,Finance,114473
1746,Pooja,32,Bangalore,Operations,86472
1747,Karan,45,Noida,IT,63799
1748,Simran,31,Delhi,Sales,28713
1749,Anuj,37,Bangalore,HR,131498
1750,Simran,53,Mumbai,Sales,129064
1751,Karan,51,Lucknow,HR,127504
1752,Rohit,53,Bangalore,Operations,115285
1753,Aman,47,Jaipur,IT,68332
1754,Vikas,26,Pune,Operations,52523
1755,Priya,23,Noida,Marketing,74799
1756,Anuj,35,Bangalore,Finance,43097
1757,Karan,27,Kolkata,Operations,66314
1758,Neha,34,Jaipur,IT,36981
1759,Rohit,27,Lucknow,IT,139732
1760,Karan,23,Noida,Marketing,110118
1761,Priya,22,Noida,IT,113048
1762,Aman,37,Kolkata,Operations,45294
1763,Rahul,35,Lucknow,HR,51935
1764,Simran,24,Kolkata,Marketing,41183
1765,Neha,54,Mumbai,Marketing,34573
1766,Rahul,26,Chennai,IT,132691
1767,Simran,37,Lucknow,Sales,69113
1768,Simran,34,Lucknow,Finance,58794
1769,Simran,45,Lucknow,Marketing,39315
1770,Simran,45,Lucknow,Sales,108491
1771,Simran,45,Bangalore,Marketing,33711
1772,Anuj,26,Lucknow,Finance,39882
1773,Priya,34,Jaipur,Finance,102577
1774,Pooja,37,Noida,IT,134571
1775,Anuj,51,Mumbai,Finance,145606
1776,Priya,33,Jaipur,HR,143093
1777,Neha,30,Pune,Sales,28541
1778,Vikas,33,Noida,IT,108896
1779,Anuj,42,Jaipur,HR,43023
1780,Neha,38,Delhi,Sales,28639
1781,Rahul,38,Delhi,IT,74699
1782,Neha,20,Pune,Marketing,26517
1783,Rohit,26,Chennai,Sales,89068
1784,Rahul,31,Chennai,Operations,38429
1785,Karan,52,Chennai,Finance,57485
1786,Neha,50,Delhi,Operations,121600
1787,Aman,39,Mumbai,Sales,77692
1788,Anuj,35,Delhi,HR,110146
1789,Neha,30,Delhi,Sales,101422
1790,Simran,40,Delhi,Finance,51725
1791,Neha,24,Hyderabad,IT,31915
1792,Aman,30,Pune,Sales,127768
1793,Pooja,31,Mumbai,Sales,29331
1794,Pooja,41,Jaipur,IT,72248
1795,Aman,49,Hyderabad,Finance,139182
1796,Aman,29,Pune,Marketing,41855
1797,Rahul,20,Jaipur,Operations,48138
1798,Pooja,50,Chennai,IT,34881
1799,Anuj,47,Pune,Marketing,113460
1800,Vikas,41,Noida,Operations,65539
1801,Rohit,21,Delhi,Marketing,59705
1802,Anuj,31,Hyderabad,Finance,46489
1803,Rohit,36,Delhi,HR,109768
1804,Anuj,24,Hyderabad,HR,138326
1805,Neha,30,Mumbai,Marketing,80552
1806,Vikas,20,Bangalore,IT,127783
1807,Simran,42,Pune,Sales,146563
1808,Priya,50,Jaipur,Marketing,82375
1809,Simran,20,Pune,Sales,110719
1810,Pooja,51,Jaipur,Sales,149024
1811,Vikas,35,Delhi,HR,57026
1812,Anuj,50,Hyderabad,Marketing,123076
1813,Rohit,27,Jaipur,Sales,123844
1814,Vikas,22,Mumbai,Marketing,72911
1815,Neha,21,Chennai,HR,131994
1816,Anuj,38,Lucknow,Sales,51236
1817,Neha,34,Mumbai,Operations,98470
1818,Vikas,53,Lucknow,Marketing,59801
1819,Rahul,52,Lucknow,Operations,112788
1820,Neha,30,Delhi,IT,42837
1821,Priya,29,Delhi,IT,66413
1822,Priya,26,Kolkata,Finance,126574
1823,Pooja,26,Chennai,HR,80629
1824,Priya,39,Jaipur,Finance,40718
1825,Neha,41,Chennai,Sales,41212
1826,Aman,48,Mumbai,HR,134119
1827,Pooja,51,Kolkata,IT,78655
1828,Pooja,42,Chennai,Finance,39243
1829,Neha,54,Pune,HR,114839
1830,Simran,36,Pune,HR,65982
1831,Vikas,51,Mumbai,HR,112565
1832,Rahul,36,Jaipur,Finance,125197
1833,Priya,43,Pune,Marketing,106418
1834,Rahul,49,Jaipur,Sales,99825
1835,Priya,20,Lucknow,Operations,118771
1836,Karan,42,Chennai,Operations,105099
1837,Aman,39,Pune,HR,65774
1838,Simran,41,Pune,IT,60407
1839,Vikas,53,Kolkata,IT,121280
1840,Neha,50,Chennai,Sales,43568
1841,Rahul,27,Noida,Operations,79144
1842,Rahul,37,Jaipur,IT,128822
1843,Neha,53,Hyderabad,HR,116983
1844,Vikas,21,Noida,IT,36176
1845,Vikas,29,Jaipur,IT,94984
1846,Pooja,46,Chennai,Sales,61072
1847,Karan,34,Mumbai,Marketing,136544
1848,Priya,29,Chennai,Sales,133400
1849,Aman,42,Kolkata,Sales,68181
1850,Pooja,51,Noida,IT,66233
1851,Neha,21,Pune,Marketing,52479
1852,Pooja,35,Chennai,HR,82486
1853,Anuj,47,Jaipur,HR,125032
1854,Neha,43,Bangalore,Marketing,126446
1855,Karan,33,Noida,Operations,140067
1856,Priya,25,Delhi,Marketing,66514
1857,Vikas,32,Noida,Operations,95164
1858,Anuj,44,Pune,Finance,45214
1859,Rahul,26,Mumbai,Marketing,77622
1860,Priya,37,Jaipur,Marketing,94463
1861,Neha,54,Mumbai,IT,41679
1862,Simran,48,Pune,Sales,119350
1863,Aman,53,Pune,HR,109037
1864,Anuj,31,Lucknow,Marketing,106902
1865,Aman,36,Mumbai,Finance,73332
1866,Karan,42,Noida,IT,32867
1867,Pooja,41,Jaipur,Finance,94973
1868,Anuj,45,Jaipur,Finance,38954
1869,Aman,46,Pune,IT,60351
1870,Rahul,37,Hyderabad,Finance,136609
1871,Rohit,39,Mumbai,Operations,105221
1872,Neha,32,Kolkata,IT,101091
1873,Neha,22,Lucknow,Sales,132089
1874,Priya,53,Noida,IT,136686
1875,Karan,41,Jaipur,HR,111102
1876,Anuj,27,Kolkata,Finance,65756
1877,Karan,47,Hyderabad,Marketing,29115
1878,Aman,49,Delhi,Finance,48982
1879,Pooja,42,Chennai,IT,129735
1880,Neha,38,Kolkata,Marketing,50100
1881,Neha,27,Kolkata,HR,42506
1882,Pooja,20,Chennai,IT,50539
1883,Rahul,51,Noida,Sales,70526
1884,Karan,29,Delhi,HR,97765
1885,Aman,49,Chennai,Operations,73554
1886,Simran,29,Hyderabad,Finance,102746
1887,Neha,53,Lucknow,IT,55145
1888,Priya,38,Mumbai,HR,133196
1889,Neha,55,Delhi,IT,70588
1890,Vikas,30,Jaipur,Finance,92000
1891,Rohit,39,Jaipur,HR,32335
1892,Rahul,51,Noida,Marketing,115919
1893,Anuj,38,Bangalore,Sales,52034
1894,Aman,24,Pune,Operations,149388
1895,Pooja,38,Noida,Operations,112774
1896,Simran,20,Lucknow,Marketing,121575
1897,Priya,49,Mumbai,Marketing,147283
1898,Simran,22,Kolkata,HR,107389
1899,Rahul,33,Lucknow,Sales,68680
1900,Vikas,38,Kolkata,Sales,139805
1901,Vikas,27,Chennai,Finance,109520
1902,Pooja,23,Noida,Finance,47465
1903,Rohit,51,Kolkata,Marketing,91582
1904,Karan,39,Jaipur,HR,92878
1905,Vikas,20,Noida,IT,28966
1906,Pooja,47,Hyderabad,Marketing,69048
1907,Rohit,42,Lucknow,Finance,28672
1908,Rahul,20,Chennai,Finance,146380
1909,Aman,23,Lucknow,Finance,130626
1910,Rahul,36,Jaipur,Finance,89990
1911,Pooja,28,Pune,Operations,66438
1912,Aman,42,Jaipur,Finance,30973
1913,Pooja,38,Bangalore,IT,139407
1914,Rahul,52,Hyderabad,IT,90152
1915,Neha,55,Kolkata,Finance,118856
1916,Neha,29,Mumbai,HR,112248
1917,Rahul,25,Delhi,Sales,91647
1918,Simran,37,Mumbai,HR,36538
1919,Simran,29,Chennai,HR,101796
1920,Vikas,32,Chennai,Operations,114931
1921,Vikas,47,Hyderabad,Operations,140673
1922,Aman,25,Chennai,Marketing,141880
1923,Aman,38,Jaipur,Operations,107634
1924,Neha,34,Chennai,Finance,132646
1925,Simran,22,Mumbai,Operations,84121
1926,Rohit,50,Lucknow,Operations,130944
1927,Rahul,42,Hyderabad,Operations,52763
1928,Rohit,35,Lucknow,Sales,72279
1929,Aman,44,Noida,IT,58980
1930,Rohit,47,Mumbai,Operations,128332
1931,Pooja,45,Hyderabad,Finance,128538
1932,Anuj,26,Kolkata,Sales,132799
1933,Neha,36,Pune,IT,63625
1934,Simran,39,Bangalore,Sales,144546
1935,Karan,39,Lucknow,Sales,42237
1936,Neha,31,Jaipur,Sales,71940
1937,Pooja,47,Lucknow,HR,48702
1938,Simran,40,Lucknow,Marketing,61765
1939,Aman,28,Mumbai,Finance,117241
1940,Karan,32,Hyderabad,Operations,116911
1941,Rahul,36,Hyderabad,Operations,87044
1942,Rahul,28,Pune,Operations,89532
1943,Vikas,46,Lucknow,Finance,89049
1944,Priya,55,Bangalore,HR,88232
1945,Pooja,32,Chennai,Finance,58175
1946,Simran,39,Delhi,HR,62391
1947,Priya,39,Kolkata,HR,127053
1948,Priya,25,Bangalore,IT,144242
1949,Karan,39,Mumbai,IT,60844
1950,Rahul,49,Lucknow,HR,99120
1951,Aman,54,Lucknow,Marketing,76186
1952,Neha,31,Delhi,HR,59674
1953,Rahul,44,Kolkata,Marketing,129113
1954,Pooja,47,Bangalore,IT,101978
1955,Pooja,26,Kolkata,Marketing,57149
1956,Simran,28,Mumbai,HR,29446
1957,Neha,53,Lucknow,Operations,65123
1958,Aman,48,Chennai,Finance,80985
1959,Simran,40,Chennai,Operations,62003
1960,Karan,52,Lucknow,Sales,130740
1961,Aman,42,Bangalore,IT,31929
1962,Aman,49,Noida,Marketing,31397
1963,Priya,42,Kolkata,IT,81984
1964,Simran,47,Lucknow,HR,26141
1965,Anuj,49,Lucknow,Finance,75663
1966,Rahul,46,Chennai,IT,99488
1967,Simran,46,Kolkata,HR,94739
1968,Aman,49,Delhi,HR,139529
1969,Vikas,21,Jaipur,Sales,91982
1970,Aman,55,Delhi,Finance,146101
1971,Aman,21,Jaipur,IT,42788
1972,Neha,46,Lucknow,Finance,76140
1973,Rohit,25,Kolkata,Marketing,64013
1974,Neha,28,Bangalore,Marketing,96609
1975,Simran,39,Kolkata,HR,81936
1976,Vikas,35,Bangalore,Marketing,41502
1977,Rahul,52,Jaipur,Operations,122218
1978,Vikas,43,Hyderabad,HR,113027
1979,Rohit,28,Lucknow,Finance,84962
1980,Simran,54,Lucknow,Finance,72730
1981,Vikas,38,Bangalore,IT,130673
1982,Aman,23,Chennai,IT,72842
1983,Vikas,45,Bangalore,IT,130162
1984,Karan,28,Noida,IT,52248
1985,Simran,45,Jaipur,Finance,90121
1986,Rahul,20,Pune,Marketing,85638
1987,Simran,49,Lucknow,Finance,102816
1988,Aman,53,Jaipur,Finance,54867
1989,Karan,49,Bangalore,HR,127912
1990,Karan,23,Noida,Finance,141125
1991,Aman,25,Chennai,HR,131899
1992,Aman,23,Kolkata,HR,98724
1993,Karan,37,Pune,Operations,71089
1994,Karan,26,Bangalore,Operations,143385
1995,Neha,41,Kolkata,HR,110404
1996,Karan,26,Jaipur,Finance,138422
1997,Anuj,38,Hyderabad,HR,63044
1998,Anuj,50,Pune,Finance,110619
1999,Rahul,41,Chennai,Sales,130442
2000,Anuj,23,Lucknow,Marketing,74786
2001,Karan,27,Jaipur,Marketing,27712
2002,Vikas,52,Jaipur,Finance,101390
2003,Rohit,23,Noida,Sales,38195
2004,Karan,33,Chennai,Sales,43312
2005,Priya,53,Bangalore,Finance,40896
2006,Karan,29,Lucknow,Operations,27901
2007,Anuj,55,Jaipur,Marketing,141123
2008,Pooja,51,Delhi,Sales,135945
2009,Simran,28,Bangalore,HR,58313
2010,Vikas,34,Bangalore,Marketing,28192
2011,Vikas,29,Hyderabad,HR,86313
2012,Pooja,39,Delhi,HR,45599
2013,Rohit,39,Lucknow,Operations,137683
2014,Priya,20,Mumbai,IT,72246
2015,Vikas,51,Jaipur,Sales,58198
2016,Pooja,32,Chennai,Marketing,131145
2017,Rahul,27,Delhi,IT,71429
2018,Anuj,24,Hyderabad,Marketing,120831
2019,Aman,20,Mumbai,Marketing,50967
2020,Pooja,29,Noida,HR,104043
2021,Priya,27,Delhi,Operations,82024
2022,Pooja,53,Mumbai,Finance,30704
2023,Pooja,26,Chennai,Marketing,37134
2024,Rohit,35,Mumbai,HR,124046
2025,Neha,33,Kolkata,Operations,81903
2026,Karan,26,Delhi,Finance,32922
2027,Aman,50,Chennai,IT,100170
2028,Neha,21,Chennai,Finance,134295
2029,Neha,52,Bangalore,Finance,105543
2030,Neha,48,Jaipur,Operations,136992
2031,Priya,45,Lucknow,Marketing,131726
2032,Aman,23,Delhi,Operations,54170
2033,Neha,27,Delhi,Marketing,43525
2034,Simran,39,Jaipur,Sales,135416
2035,Simran,45,Mumbai,Operations,107868
2036,Rahul,50,Bangalore,Operations,122409
2037,Neha,31,Jaipur,Finance,58144
2038,Rohit,35,Bangalore,IT,86437
2039,Pooja,54,Hyderabad,Sales,29073
2040,Rahul,36,Jaipur,Marketing,82718
2041,Vikas,48,Noida,Sales,98880
2042,Pooja,27,Pune,Finance,43785
2043,Rohit,47,Delhi,Marketing,77053
2044,Aman,29,Jaipur,Finance,149806
2045,Rahul,21,Jaipur,IT,42835
2046,Anuj,31,Lucknow,Marketing,72260
2047,Vikas,29,Jaipur,Finance,112612
2048,Priya,35,Pune,Finance,147955
2049,Karan,30,Delhi,Finance,142015
2050,Priya,52,Hyderabad,Finance,129072
2051,Rohit,54,Kolkata,Marketing,38651
2052,Aman,32,Bangalore,HR,117623
2053,Neha,50,Jaipur,Finance,87511
2054,Karan,50,Jaipur,IT,63882
2055,Neha,38,Pune,Operations,51383
2056,Rohit,38,Lucknow,Sales,41302
2057,Aman,26,Lucknow,Marketing,114867
2058,Pooja,51,Kolkata,Marketing,76674
2059,Simran,43,Bangalore,Finance,126430
2060,Pooja,37,Noida,Sales,32441
2061,Pooja,45,Jaipur,Finance,53522
2062,Vikas,44,Hyderabad,Sales,42261
2063,Pooja,26,Chennai,Finance,73723
2064,Anuj,49,Pune,Finance,32696
2065,Rahul,46,Delhi,Marketing,110076
2066,Priya,47,Mumbai,Sales,133164
2067,Simran,29,Kolkata,Operations,55295
2068,Pooja,21,Hyderabad,Finance,123241
2069,Rohit,38,Delhi,IT,114181
2070,Rohit,49,Delhi,Operations,115773
2071,Karan,27,Delhi,IT,126841
2072,Neha,44,Pune,IT,101610
2073,Anuj,20,Delhi,Finance,63947
2074,Anuj,39,Hyderabad,Sales,57312
2075,Vikas,22,Chennai,HR,113340
2076,Pooja,48,Chennai,IT,108181
2077,Karan,22,Noida,Sales,103313
2078,Pooja,42,Lucknow,Marketing,91652
2079,Vikas,28,Lucknow,Marketing,147476
2080,Simran,49,Hyderabad,Finance,94620
2081,Anuj,49,Pune,Sales,58902
2082,Rahul,37,Delhi,Sales,149221
2083,Priya,20,Hyderabad,Operations,60053
2084,Aman,30,Chennai,IT,147923
2085,Vikas,42,Bangalore,Finance,45257
2086,Neha,52,Noida,Marketing,85283
2087,Priya,52,Jaipur,Operations,97982
2088,Neha,33,Bangalore,Sales,100131
2089,Anuj,42,Lucknow,HR,71856
2090,Priya,53,Pune,Sales,45354
2091,Anuj,44,Kolkata,Sales,114873
2092,Karan,52,Jaipur,Sales,146195
2093,Simran,24,Bangalore,Sales,56823
2094,Rohit,31,Chennai,Operations,81017
2095,Neha,29,Kolkata,Sales,36902
2096,Simran,42,Lucknow,IT,128069
2097,Vikas,41,Delhi,Sales,136563
2098,Rahul,49,Jaipur,Sales,90454
2099,Priya,28,Kolkata,Marketing,102533
2100,Simran,37,Delhi,Marketing,144318
2101,Pooja,39,Noida,Sales,59681
2102,Simran,45,Jaipur,HR,99699
2103,Vikas,24,Kolkata,HR,79282
2104,Karan,50,Mumbai,Finance,120146
2105,Karan,44,Chennai,IT,59414
2106,Rahul,50,Delhi,Finance,69056
2107,Aman,31,Delhi,Operations,146432
2108,Rahul,52,Noida,IT,129652
2109,Priya,53,Pune,Finance,65146
2110,Neha,36,Chennai,Marketing,104232
2111,Neha,28,Hyderabad,HR,116573
2112,Simran,40,Noida,Operations,123101
2113,Neha,42,Delhi,Sales,142420
2114,Aman,45,Pune,Operations,71444
2115,Rohit,24,Bangalore,IT,118225
2116,Karan,22,Bangalore,Finance,106681
2117,Simran,21,Bangalore,Marketing,71404
2118,Priya,30,Bangalore,HR,135457
2119,Simran,34,Mumbai,Operations,84823
2120,Anuj,26,Lucknow,Sales,121081
2121,Anuj,26,Lucknow,Sales,91463
2122,Anuj,51,Delhi,HR,139798
2123,Aman,50,Chennai,Finance,40201
2124,Neha,40,Kolkata,Marketing,47714
2125,Pooja,34,Bangalore,Finance,83802
2126,Simran,35,Hyderabad,HR,120045
2127,Pooja,26,Chennai,Sales,50302
2128,Aman,31,Jaipur,Marketing,120112
2129,Karan,44,Chennai,HR,39312
2130,Simran,46,Hyderabad,IT,89620
2131,Aman,24,Mumbai,Sales,118012
2132,Neha,23,Bangalore,Marketing,139567
2133,Karan,36,Delhi,HR,62735
2134,Neha,27,Chennai,Sales,114267
2135,Aman,22,Mumbai,Finance,120404
2136,Priya,24,Mumbai,Operations,138137
2137,Karan,48,Noida,IT,111343
2138,Vikas,43,Hyderabad,IT,129991
2139,Karan,21,Hyderabad,Finance,43838
2140,Neha,31,Lucknow,HR,82599
2141,Simran,40,Lucknow,HR,120597
2142,Simran,26,Chennai,Marketing,38955
2143,Simran,48,Kolkata,Marketing,94348
2144,Pooja,44,Mumbai,HR,54960
2145,Karan,28,Hyderabad,HR,42396
2146,Vikas,55,Chennai,Marketing,136412
2147,Pooja,32,Mumbai,Finance,44014
2148,Anuj,32,Mumbai,HR,147129
2149,Neha,36,Mumbai,Sales,114492
2150,Neha,51,Noida,IT,61681
2151,Rahul,48,Lucknow,IT,143257
2152,Priya,38,Delhi,Marketing,28102
2153,Karan,34,Hyderabad,Operations,46155
2154,Vikas,32,Pune,Marketing,52954
2155,Anuj,30,Pune,IT,103604
2156,Karan,47,Bangalore,HR,52350
2157,Pooja,53,Kolkata,Sales,76660
2158,Vikas,32,Delhi,HR,138049
2159,Karan,25,Bangalore,HR,112249
2160,Karan,21,Kolkata,HR,144829
2161,Rohit,26,Bangalore,Sales,41953
2162,Anuj,33,Kolkata,Marketing,87363
2163,Karan,22,Chennai,IT,75785
2164,Pooja,28,Bangalore,HR,38416
2165,Aman,20,Jaipur,Sales,85511
2166,Simran,43,Bangalore,Finance,78563
2167,Karan,46,Hyderabad,Finance,145340
2168,Priya,54,Hyderabad,HR,131915
2169,Aman,24,Lucknow,Sales,60471
2170,Rohit,41,Pune,HR,118125
2171,Anuj,31,Lucknow,HR,28984
2172,Karan,53,Chennai,IT,125459
2173,Rahul,51,Hyderabad,Finance,112335
2174,Rohit,32,Mumbai,Marketing,61277
2175,Anuj,33,Noida,Finance,30299
2176,Pooja,50,Pune,Marketing,61459
2177,Neha,52,Jaipur,Marketing,120472
2178,Priya,42,Pune,Operations,145981
2179,Aman,42,Hyderabad,Finance,76044
2180,Priya,55,Delhi,Marketing,69086
2181,Rohit,28,Kolkata,Finance,112002
2182,Priya,24,Noida,IT,73048
2183,Simran,48,Mumbai,Operations,38015
2184,Karan,47,Bangalore,Sales,35586
2185,Pooja,44,Hyderabad,IT,46413
2186,Anuj,24,Hyderabad,Sales,97408
2187,Aman,25,Pune,Operations,74515
2188,Simran,28,Noida,Marketing,55330
2189,Rohit,53,Mumbai,Sales,91144
2190,Simran,39,Lucknow,Sales,35414
2191,Neha,26,Delhi,IT,41091
2192,Pooja,27,Delhi,Sales,27085
2193,Simran,51,Pune,IT,70903
2194,Priya,34,Chennai,Finance,25858
2195,Neha,23,Mumbai,IT,147909
2196,Aman,54,Mumbai,IT,42807
2197,Pooja,41,Noida,Marketing,117713
2198,Simran,21,Noida,Operations,138960
2199,Neha,34,Kolkata,HR,130468
2200,Simran,38,Pune,Marketing,42204
2201,Neha,36,Mumbai,Finance,94716
2202,Vikas,44,Kolkata,Finance,119169
2203,Karan,42,Kolkata,Sales,104049
2204,Pooja,24,Mumbai,Marketing,46225
2205,Rohit,30,Chennai,Marketing,29962
2206,Rohit,38,Bangalore,Operations,87498
2207,Vikas,24,Jaipur,Sales,126573
2208,Simran,54,Jaipur,Marketing,110177
2209,Vikas,35,Pune,Finance,63266
2210,Rohit,53,Lucknow,Marketing,114020
2211,Vikas,52,Hyderabad,Marketing,108418
2212,Vikas,39,Jaipur,Finance,69369
2213,Rohit,45,Hyderabad,Sales,102026
2214,Pooja,23,Hyderabad,Marketing,71728
2215,Neha,54,Jaipur,Finance,47243
2216,Pooja,27,Hyderabad,Sales,128958
2217,Neha,50,Mumbai,Operations,149034
2218,Simran,36,Mumbai,IT,147166
2219,Vikas,21,Lucknow,HR,93929
2220,Vikas,22,Bangalore,Sales,119131
2221,Rahul,41,Mumbai,HR,149174
2222,Karan,46,Hyderabad,Marketing,42672
2223,Simran,36,Mumbai,HR,82980
2224,Priya,32,Hyderabad,Finance,127215
2225,Priya,41,Noida,Sales,147061
2226,Neha,23,Chennai,Marketing,142954
2227,Aman,28,Noida,IT,80050
2228,Vikas,33,Jaipur,Finance,89273
2229,Anuj,55,Hyderabad,Operations,88113
2230,Vikas,41,Kolkata,Marketing,129148
2231,Rahul,23,Hyderabad,Finance,60770
2232,Neha,35,Lucknow,HR,48928
2233,Pooja,51,Noida,HR,52037
2234,Vikas,24,Kolkata,IT,106913
2235,Pooja,22,Noida,Finance,52550
2236,Rohit,42,Delhi,IT,66726
2237,Rohit,24,Hyderabad,Sales,116647
2238,Simran,46,Delhi,Sales,59733
2239,Vikas,25,Jaipur,Sales,53445
2240,Simran,55,Delhi,Marketing,144361
2241,Vikas,50,Hyderabad,Marketing,123567
2242,Aman,28,Bangalore,Marketing,55046
2243,Rahul,37,Lucknow,IT,132468
2244,Karan,22,Noida,Finance,108722
2245,Karan,26,Bangalore,IT,140375
2246,Rohit,22,Kolkata,IT,84874
2247,Rohit,51,Kolkata,HR,50365
2248,Anuj,52,Bangalore,IT,120867
2249,Simran,34,Bangalore,Operations,128224
2250,Rohit,42,Kolkata,IT,42457
2251,Rohit,47,Pune,Sales,118775
2252,Anuj,50,Hyderabad,Marketing,82732
2253,Rahul,39,Pune,Finance,93161
2254,Priya,34,Hyderabad,HR,53304
2255,Neha,21,Mumbai,HR,104680
2256,Pooja,23,Bangalore,Operations,79818
2257,Rahul,21,Kolkata,IT,125890
2258,Aman,32,Jaipur,Sales,122803
2259,Anuj,54,Bangalore,IT,100820
2260,Simran,44,Noida,Sales,49524
2261,Aman,21,Kolkata,Operations,35461
2262,Priya,55,Noida,Sales,133117
2263,Pooja,50,Hyderabad,Operations,70182
2264,Pooja,23,Lucknow,Operations,40688
2265,Rohit,44,Bangalore,Operations,30382
2266,Vikas,44,Lucknow,IT,26562
2267,Neha,28,Kolkata,IT,43081
2268,Vikas,47,Pune,Operations,74722
2269,Anuj,47,Bangalore,Finance,25185
2270,Rahul,55,Bangalore,HR,89188
2271,Karan,28,Lucknow,HR,82805
2272,Rohit,27,Pune,HR,124167
2273,Simran,48,Delhi,HR,46644
2274,Anuj,27,Hyderabad,IT,33875
2275,Aman,43,Pune,Finance,58745
2276,Priya,42,Kolkata,HR,50389
2277,Aman,32,Jaipur,Marketing,142182
2278,Anuj,41,Jaipur,Finance,107317
2279,Priya,47,Delhi,Marketing,107135
2280,Pooja,23,Pune,Sales,57949
2281,Aman,35,Pune,Operations,116345
2282,Vikas,34,Noida,Operations,93409
2283,Anuj,25,Jaipur,IT,75510
2284,Anuj,20,Pune,IT,139977
2285,Vikas,34,Chennai,HR,99612
2286,Karan,46,Noida,Finance,112357
2287,Karan,54,Noida,Finance,128192
2288,Rahul,22,Pune,Sales,75155
2289,Neha,20,Pune,Finance,128556
2290,Vikas,35,Jaipur,HR,146430
2291,Pooja,23,Lucknow,Operations,133962
2292,Simran,24,Mumbai,Operations,69992
2293,Simran,23,Chennai,IT,53387
2294,Pooja,28,Delhi,IT,139633
2295,Aman,48,Jaipur,HR,90105
2296,Simran,31,Kolkata,Sales,33950
2297,Pooja,38,Jaipur,Finance,72342
2298,Vikas,22,Jaipur,Operations,143306
2299,Rohit,40,Mumbai,Operations,71723
2300,Rahul,42,Jaipur,Marketing,87443
2301,Neha,35,Noida,Finance,57587
2302,Aman,38,Hyderabad,HR,39601
2303,Pooja,28,Mumbai,HR,28453
2304,Vikas,45,Kolkata,Sales,71674
2305,Aman,50,Jaipur,IT,48791
2306,Anuj,27,Kolkata,Sales,25563
2307,Neha,24,Pune,Operations,98441
2308,Vikas,24,Delhi,Finance,99421
2309,Karan,36,Bangalore,IT,98325
2310,Rohit,54,Jaipur,Finance,50499
2311,Aman,33,Chennai,Marketing,33584
2312,Karan,51,Mumbai,HR,97890
2313,Priya,42,Hyderabad,HR,84398
2314,Priya,34,Noida,Operations,54095
2315,Simran,48,Hyderabad,Marketing,28974
2316,Neha,39,Mumbai,Sales,112197
2317,Rahul,43,Noida,Sales,131155
2318,Priya,55,Kolkata,IT,99494
2319,Rahul,38,Bangalore,Marketing,72363
2320,Aman,35,Chennai,HR,31781
2321,Aman,53,Hyderabad,Marketing,87430
2322,Pooja,37,Pune,Finance,106618
2323,Neha,40,Hyderabad,Sales,52471
2324,Rohit,54,Pune,Sales,135270
2325,Anuj,52,Kolkata,Operations,55531
2326,Vikas,26,Jaipur,Marketing,86220
2327,Priya,23,Delhi,Sales,83889
2328,Rohit,42,Noida,Finance,136410
2329,Pooja,46,Jaipur,Marketing,133737
2330,Vikas,51,Lucknow,Operations,143562
2331,Neha,37,Noida,Operations,54849
2332,Vikas,25,Hyderabad,IT,38821
2333,Karan,33,Chennai,Finance,42062
2334,Karan,28,Kolkata,IT,105255
2335,Anuj,53,Pune,IT,87434
2336,Vikas,34,Bangalore,HR,50266
2337,Neha,39,Bangalore,HR,141534
2338,Rohit,55,Chennai,Finance,149060
2339,Anuj,33,Kolkata,Marketing,61065
2340,Rahul,27,Noida,Sales,148383
2341,Pooja,43,Kolkata,Sales,36224
2342,Vikas,29,Kolkata,Sales,122265
2343,Aman,22,Chennai,Finance,65808
2344,Priya,35,Mumbai,Finance,92789
2345,Simran,48,Lucknow,IT,69549
2346,Vikas,49,Chennai,HR,31772
2347,Rahul,27,Lucknow,Operations,142142
2348,Vikas,21,Noida,Operations,125557
2349,Neha,51,Bangalore,Marketing,45959
2350,Karan,22,Pune,HR,114700
2351,Rohit,37,Pune,Marketing,115482
2352,Rohit,37,Chennai,Operations,84489
2353,Aman,44,Mumbai,IT,112797
2354,Pooja,39,Lucknow,Marketing,144596
2355,Aman,25,Lucknow,Operations,73905
2356,Pooja,23,Lucknow,Finance,104500
2357,Karan,37,Bangalore,IT,108742
2358,Neha,44,Chennai,IT,133718
2359,Priya,51,Chennai,HR,142325
2360,Simran,21,Bangalore,IT,116320
2361,Pooja,44,Hyderabad,Operations,28512
2362,Simran,44,Delhi,IT,93876
2363,Rohit,48,Lucknow,Marketing,44579
2364,Rohit,22,Lucknow,Finance,78998
2365,Karan,34,Lucknow,Finance,96317
2366,Rahul,33,Lucknow,Marketing,118871
2367,Simran,44,Delhi,Finance,27429
2368,Pooja,31,Delhi,Operations,25033
2369,Simran,47,Noida,Sales,104625
2370,Neha,54,Delhi,IT,32706
2371,Rahul,23,Jaipur,Marketing,86875
2372,Karan,39,Lucknow,Sales,44758
2373,Rahul,22,Jaipur,HR,47652
2374,Anuj,54,Hyderabad,IT,28606
2375,Simran,42,Kolkata,Marketing,98501
2376,Simran,21,Pune,Sales,110879
2377,Rohit,41,Lucknow,IT,107346
2378,Karan,36,Delhi,IT,87598
2379,Simran,33,Jaipur,Marketing,36192
2380,Aman,21,Pune,Sales,139217
2381,Aman,41,Hyderabad,Marketing,45528
2382,Neha,47,Mumbai,Operations,148701
2383,Simran,47,Noida,Operations,123720
2384,Pooja,23,Noida,HR,40890
2385,Rahul,26,Jaipur,Sales,93478
2386,Rohit,55,Lucknow,Sales,101591
2387,Karan,44,Chennai,Sales,135791
2388,Pooja,38,Jaipur,Operations,123642
2389,Rahul,54,Bangalore,Sales,61605
2390,Simran,49,Bangalore,Marketing,70504
2391,Pooja,47,Mumbai,Finance,48591
2392,Anuj,53,Bangalore,IT,57153
2393,Pooja,36,Chennai,HR,103146
2394,Aman,30,Bangalore,Marketing,109302
2395,Simran,44,Jaipur,Operations,116707
2396,Priya,49,Jaipur,Sales,67382
2397,Pooja,35,Bangalore,Finance,99741
2398,Karan,28,Lucknow,Marketing,79201
2399,Anuj,20,Lucknow,HR,126243
2400,Simran,37,Kolkata,Marketing,29954
2401,Pooja,37,Lucknow,Sales,42223
2402,Vikas,25,Hyderabad,Marketing,55746
2403,Anuj,35,Kolkata,IT,52486
2404,Priya,54,Mumbai,HR,34881
2405,Vikas,38,Jaipur,Marketing,131543
2406,Anuj,41,Hyderabad,Operations,67972
2407,Rohit,45,Kolkata,HR,131258
2408,Karan,22,Hyderabad,HR,106353
2409,Rahul,37,Lucknow,IT,143873
2410,Anuj,43,Hyderabad,IT,127205
2411,Priya,37,Jaipur,Finance,142135
2412,Neha,36,Mumbai,Sales,106767
2413,Rahul,20,Jaipur,Marketing,92645
2414,Simran,27,Noida,Operations,119579
2415,Anuj,39,Lucknow,Finance,85890
2416,Rahul,40,Delhi,IT,149004
2417,Pooja,36,Mumbai,HR,70977
2418,Anuj,31,Mumbai,Marketing,40071
2419,Vikas,48,Noida,Sales,85325
2420,Priya,49,Kolkata,IT,72287
2421,Aman,21,Lucknow,Finance,83389
2422,Aman,48,Kolkata,HR,128489
2423,Priya,20,Jaipur,Finance,106402
2424,Neha,49,Lucknow,HR,28873
2425,Priya,22,Noida,Operations,50913
2426,Pooja,42,Mumbai,IT,46934
2427,Priya,50,Bangalore,HR,50770
2428,Priya,55,Jaipur,Sales,26803
2429,Rahul,33,Jaipur,HR,132354
2430,Simran,46,Pune,Marketing,147676
2431,Aman,23,Lucknow,Finance,97194
2432,Neha,25,Kolkata,Sales,93914
2433,Rahul,37,Noida,Marketing,95572
2434,Aman,55,Kolkata,Finance,32430
2435,Simran,40,Delhi,Sales,129119
2436,Priya,24,Hyderabad,Finance,81878
2437,Simran,48,Lucknow,Sales,138210
2438,Aman,31,Jaipur,HR,25396
2439,Rohit,36,Bangalore,Marketing,141128
2440,Anuj,37,Bangalore,IT,104299
2441,Anuj,36,Hyderabad,Marketing,62094
2442,Vikas,51,Noida,Marketing,148071
2443,Pooja,28,Bangalore,Sales,33786
2444,Simran,34,Pune,Operations,85929
2445,Priya,31,Chennai,IT,69069
2446,Simran,29,Kolkata,Sales,26544
2447,Priya,23,Mumbai,HR,47190
2448,Rohit,34,Jaipur,Operations,129240
2449,Rohit,27,Chennai,Marketing,121238
2450,Pooja,22,Jaipur,Finance,61657
2451,Neha,31,Noida,Operations,40959
2452,Aman,52,Noida,Finance,149101
2453,Vikas,48,Mumbai,Sales,53971
2454,Rohit,40,Pune,Operations,147258
2455,Rahul,22,Delhi,Finance,28148
2456,Anuj,55,Pune,Operations,31170
2457,Priya,34,Jaipur,Finance,83156
2458,Karan,23,Jaipur,Finance,92270
2459,Anuj,36,Hyderabad,Sales,106955
2460,Rohit,36,Chennai,HR,96599
2461,Rohit,21,Jaipur,HR,80469
2462,Rahul,42,Noida,Sales,89700
2463,Rahul,54,Noida,Operations,110147
2464,Karan,22,Lucknow,HR,70816
2465,Anuj,35,Pune,Sales,92590
2466,Pooja,42,Lucknow,Operations,116837
2467,Karan,26,Kolkata,HR,127415
2468,Anuj,24,Jaipur,HR,88516
2469,Rohit,52,Noida,Marketing,67538
2470,Anuj,48,Bangalore,Finance,69652
2471,Priya,27,Hyderabad,Marketing,114492
2472,Pooja,52,Lucknow,Finance,95937
2473,Rohit,24,Delhi,Sales,69313
2474,Simran,35,Delhi,Marketing,149451
2475,Rohit,33,Lucknow,Finance,25640
2476,Anuj,40,Lucknow,HR,102031
2477,Aman,43,Mumbai,Finance,69404
2478,Simran,46,Noida,IT,100371
2479,Vikas,24,Kolkata,HR,123704
2480,Rohit,47,Kolkata,Finance,37709
2481,Karan,38,Lucknow,Operations,64801
2482,Neha,29,Delhi,HR,68942
2483,Karan,21,Hyderabad,Sales,30648
2484,Karan,40,Hyderabad,Marketing,63885
2485,Neha,43,Mumbai,Operations,106082
2486,Rohit,41,Jaipur,Operations,133638
2487,Vikas,46,Chennai,IT,144109
2488,Aman,43,Chennai,Sales,82375
2489,Simran,50,Lucknow,Marketing,48065
2490,Rohit,38,Pune,Marketing,143129
2491,Priya,21,Pune,IT,57519
2492,Vikas,30,Hyderabad,Sales,76226
2493,Vikas,43,Noida,HR,79041
2494,Anuj,22,Hyderabad,Marketing,106530
2495,Simran,38,Jaipur,Operations,63177
2496,Karan,29,Jaipur,IT,113756
2497,Aman,21,Delhi,Operations,76556
2498,Priya,26,Kolkata,HR,41768
2499,Simran,33,Delhi,Sales,83368
2500,Pooja,40,Hyderabad,HR,48328
2501,Anuj,52,Pune,Finance,90759
2502,Neha,52,Mumbai,Marketing,81262
2503,Priya,42,Chennai,Finance,69448
2504,Simran,33,Delhi,IT,38681
2505,Neha,44,Noida,Operations,95802
2506,Priya,22,Noida,IT,144442
2507,Priya,29,Lucknow,Operations,41363
2508,Aman,44,Pune,IT,62753
2509,Vikas,25,Lucknow,Marketing,125554
2510,Priya,24,Noida,HR,115413
2511,Aman,34,Delhi,IT,42607
2512,Simran,52,Pune,Marketing,30159
2513,Pooja,55,Jaipur,IT,65431
2514,Rohit,46,Mumbai,Finance,128970
2515,Rohit,54,Lucknow,Operations,145436
2516,Vikas,27,Kolkata,HR,54617
2517,Aman,53,Bangalore,Finance,110367
2518,Pooja,23,Mumbai,Sales,97540
2519,Anuj,50,Hyderabad,Finance,60440
2520,Simran,53,Hyderabad,Finance,125326
2521,Priya,53,Noida,Sales,111786
2522,Priya,48,Pune,HR,67461
2523,Simran,40,Chennai,Sales,144708
2524,Simran,37,Delhi,Finance,31027
2525,Aman,32,Lucknow,Finance,114388
2526,Priya,38,Delhi,Operations,115279
2527,Rohit,35,Jaipur,Operations,58980
2528,Vikas,41,Hyderabad,Sales,143838
2529,Rohit,35,Jaipur,Sales,77607
2530,Neha,43,Noida,HR,44167
2531,Rahul,34,Jaipur,HR,38899
2532,Pooja,49,Noida,Marketing,88831
2533,Neha,40,Delhi,Sales,139916
2534,Rahul,27,Bangalore,IT,75602
2535,Simran,35,Hyderabad,Sales,59182
2536,Rohit,48,Delhi,Finance,111821
2537,Anuj,46,Mumbai,Marketing,50346
2538,Vikas,43,Bangalore,Sales,146774
2539,Priya,25,Pune,IT,63783
2540,Karan,42,Kolkata,Marketing,104268
2541,Karan,55,Pune,IT,139008
2542,Anuj,52,Chennai,Operations,51370
2543,Rahul,24,Noida,HR,137500
2544,Rohit,43,Hyderabad,Operations,100234
2545,Karan,50,Jaipur,IT,143522
2546,Simran,34,Kolkata,IT,62556
2547,Rohit,48,Pune,Operations,38974
2548,Pooja,46,Chennai,HR,80803
2549,Rohit,34,Chennai,Sales,127775
2550,Neha,28,Mumbai,Finance,140188
2551,Vikas,54,Kolkata,Sales,145776
2552,Anuj,35,Noida,IT,149193
2553,Rohit,46,Pune,Operations,118698
2554,Rohit,28,Hyderabad,IT,123586
2555,Rahul,36,Jaipur,Finance,141215
2556,Pooja,38,Lucknow,Sales,74500
2557,Rohit,41,Chennai,Sales,83868
2558,Karan,40,Lucknow,Finance,58608
2559,Rohit,27,Pune,HR,29392
2560,Priya,25,Pune,IT,82883
2561,Rohit,46,Hyderabad,HR,97864
2562,Simran,46,Pune,Finance,142231
2563,Neha,52,Lucknow,HR,113969
2564,Vikas,29,Delhi,Finance,98366
2565,Priya,51,Delhi,Marketing,113082
2566,Pooja,32,Hyderabad,IT,139951
2567,Simran,31,Jaipur,IT,116091
2568,Neha,49,Hyderabad,Operations,79980
2569,Vikas,20,Chennai,IT,98877
2570,Vikas,30,Noida,Marketing,91944
2571,Neha,27,Hyderabad,HR,121439
2572,Simran,46,Bangalore,Sales,134307
2573,Pooja,36,Kolkata,Marketing,138362
2574,Pooja,55,Pune,Sales,147683
2575,Rahul,50,Noida,Sales,116288
2576,Pooja,26,Hyderabad,HR,142751
2577,Neha,28,Chennai,Marketing,134566
2578,Rohit,22,Chennai,Marketing,149113
2579,Neha,47,Pune,Operations,72173
2580,Neha,21,Lucknow,HR,94848
2581,Priya,30,Kolkata,Finance,66243
2582,Anuj,24,Lucknow,HR,83526
2583,Karan,28,Mumbai,Sales,60485
2584,Rohit,52,Hyderabad,Sales,106342
2585,Aman,53,Hyderabad,Marketing,34879
2586,Anuj,44,Noida,Marketing,123492
2587,Vikas,47,Noida,Operations,36277
2588,Simran,42,Chennai,Sales,32156
2589,Karan,28,Bangalore,Operations,76811
2590,Karan,45,Pune,HR,109623
2591,Priya,55,Chennai,Marketing,131305
2592,Vikas,35,Lucknow,Finance,147845
2593,Aman,38,Delhi,Operations,82246
2594,Rohit,27,Mumbai,Finance,84995
2595,Neha,41,Jaipur,Operations,109031
2596,Rohit,41,Pune,Finance,44822
2597,Priya,26,Kolkata,Finance,81202
2598,Karan,22,Kolkata,IT,62971
2599,Rohit,24,Mumbai,HR,149468
2600,Pooja,42,Kolkata,Sales,37012
2601,Simran,48,Delhi,Marketing,91060
2602,Neha,46,Mumbai,IT,83667
2603,Vikas,48,Jaipur,Sales,106895
2604,Pooja,47,Lucknow,Sales,55952
2605,Pooja,38,Chennai,Finance,110605
2606,Pooja,50,Chennai,Sales,100899
2607,Aman,28,Chennai,Operations,83984
2608,Neha,31,Delhi,HR,95513
2609,Aman,52,Hyderabad,Finance,105104
2610,Aman,25,Pune,Operations,142016
2611,Simran,29,Bangalore,Sales,66553
2612,Pooja,20,Mumbai,Finance,53393
2613,Aman,43,Jaipur,HR,84574
2614,Simran,49,Noida,IT,86958
2615,Anuj,44,Chennai,IT,31866
2616,Simran,40,Bangalore,Operations,34500
2617,Anuj,48,Bangalore,Sales,45985
2618,Rahul,31,Noida,Sales,61534
2619,Anuj,52,Chennai,Marketing,100365
2620,Anuj,37,Noida,Marketing,52887
2621,Priya,26,Delhi,IT,140187
2622,Aman,34,Noida,Marketing,135560
2623,Rohit,39,Lucknow,IT,39354
2624,Rahul,51,Kolkata,Operations,81513
2625,Aman,41,Hyderabad,Operations,122063
2626,Anuj,23,Pune,IT,59861
2627,Rohit,53,Hyderabad,Finance,71710
2628,Simran,53,Jaipur,HR,113576
2629,Pooja,52,Bangalore,Finance,112817
2630,Neha,47,Chennai,Finance,103333
2631,Anuj,38,Bangalore,IT,93358
2632,Karan,40,Delhi,Operations,44296
2633,Karan,44,Hyderabad,HR,146412
2634,Pooja,40,Noida,HR,142159
2635,Pooja,31,Delhi,Sales,58905
2636,Anuj,29,Pune,Finance,57354
2637,Anuj,22,Jaipur,Marketing,147748
2638,Simran,33,Jaipur,Finance,82480
2639,Simran,47,Delhi,Sales,96641
2640,Priya,53,Mumbai,Operations,26912
2641,Anuj,37,Kolkata,Operations,60442
2642,Anuj,40,Pune,HR,82723
2643,Simran,26,Delhi,HR,25359
2644,Vikas,42,Bangalore,HR,63368
2645,Simran,38,Mumbai,Operations,30148
2646,Vikas,30,Kolkata,IT,88238
2647,Anuj,27,Chennai,Operations,107348
2648,Simran,38,Pune,HR,102225
2649,Priya,37,Chennai,Sales,51333
2650,Aman,51,Mumbai,Operations,75984
2651,Rahul,48,Jaipur,Sales,70162
2652,Rahul,34,Noida,IT,33948
2653,Simran,30,Bangalore,Finance,130093
2654,Aman,38,Bangalore,Marketing,91710
2655,Rohit,36,Bangalore,Finance,134838
2656,Rohit,26,Kolkata,Marketing,83596
2657,Karan,34,Noida,Sales,73925
2658,Simran,37,Jaipur,Operations,76630
2659,Vikas,29,Lucknow,Operations,128070
2660,Neha,26,Pune,Operations,101009
2661,Vikas,33,Lucknow,IT,48387
2662,Priya,55,Hyderabad,Operations,81637
2663,Rahul,52,Pune,Finance,142956
2664,Neha,30,Delhi,Finance,116388
2665,Priya,21,Lucknow,HR,143327
2666,Pooja,22,Chennai,HR,102265
2667,Karan,54,Lucknow,Marketing,43292
2668,Rohit,54,Delhi,Sales,124202
2669,Rohit,32,Chennai,Marketing,31576
2670,Vikas,20,Kolkata,Sales,134272
2671,Rahul,51,Chennai,HR,126378
2672,Anuj,21,Bangalore,Sales,126899
2673,Rahul,43,Lucknow,Operations,148269
2674,Priya,33,Delhi,Marketing,53911
2675,Priya,38,Lucknow,Finance,112586
2676,Priya,47,Mumbai,Marketing,149328
2677,Simran,48,Mumbai,IT,120061
2678,Pooja,53,Jaipur,HR,45845
2679,Anuj,28,Jaipur,HR,86554
2680,Anuj,49,Bangalore,Sales,149889
2681,Aman,38,Lucknow,Operations,52307
2682,Rahul,27,Jaipur,Operations,69864
2683,Pooja,27,Kolkata,Marketing,126753
2684,Priya,48,Bangalore,Sales,90053
2685,Neha,47,Hyderabad,Operations,40441
2686,Karan,51,Hyderabad,HR,43478
2687,Rahul,36,Noida,Sales,72737
2688,Simran,25,Pune,Marketing,76038
2689,Anuj,28,Hyderabad,Finance,141788
2690,Rohit,37,Jaipur,Marketing,88408
2691,Rohit,27,Kolkata,Operations,49194
2692,Karan,42,Mumbai,Sales,34485
2693,Pooja,25,Kolkata,HR,45224
2694,Vikas,34,Noida,Finance,136756
2695,Anuj,24,Kolkata,Sales,57658
2696,Rahul,40,Bangalore,Sales,25636
2697,Vikas,30,Pune,Marketing,28521
2698,Simran,52,Delhi,IT,97426
2699,Karan,41,Chennai,Sales,127292
2700,Anuj,37,Jaipur,Sales,69749
2701,Aman,49,Jaipur,IT,85009
2702,Neha,52,Noida,Finance,111472
2703,Anuj,24,Noida,Sales,91315
2704,Rohit,40,Chennai,HR,138052
2705,Karan,22,Bangalore,HR,100511
2706,Aman,47,Delhi,Sales,70734
2707,Priya,26,Pune,Operations,128241
2708,Rahul,53,Bangalore,Operations,101936
2709,Vikas,40,Pune,Sales,40091
2710,Aman,32,Lucknow,IT,73157
2711,Karan,55,Jaipur,Sales,55687
2712,Rohit,22,Jaipur,Sales,43594
2713,Karan,20,Noida,Finance,117489
2714,Priya,35,Jaipur,HR,64968
2715,Simran,28,Kolkata,IT,48806
2716,Neha,44,Pune,Sales,69619
2717,Priya,34,Jaipur,Sales,126658
2718,Aman,32,Kolkata,HR,75903
2719,Rahul,36,Kolkata,Finance,74893
2720,Simran,50,Hyderabad,HR,27584
2721,Neha,29,Jaipur,IT,25905
2722,Anuj,51,Pune,Operations,101065
2723,Rahul,31,Pune,Marketing,95733
2724,Priya,51,Pune,Marketing,127823
2725,Rohit,38,Chennai,HR,119893
2726,Rahul,28,Bangalore,Sales,136945
2727,Neha,32,Kolkata,Operations,25110
2728,Karan,25,Kolkata,Finance,139748
2729,Karan,53,Delhi,Sales,139336
2730,Karan,33,Bangalore,IT,68731
2731,Priya,20,Noida,Sales,145176
2732,Neha,47,Pune,Sales,89370
2733,Anuj,24,Delhi,HR,131325
2734,Vikas,51,Lucknow,IT,95476
2735,Pooja,55,Delhi,HR,52899
2736,Pooja,33,Lucknow,IT,78380
2737,Rohit,31,Noida,Finance,110637
2738,Neha,22,Hyderabad,IT,104396
2739,Simran,46,Pune,Sales,31052
2740,Priya,36,Jaipur,Sales,116459
2741,Priya,44,Chennai,Sales,51940
2742,Aman,35,Delhi,HR,29040
2743,Karan,42,Mumbai,IT,51500
2744,Priya,50,Jaipur,IT,143210
2745,Rahul,53,Mumbai,Finance,144280
2746,Karan,31,Chennai,Operations,60214
2747,Vikas,39,Mumbai,IT,34591
2748,Rohit,34,Hyderabad,HR,132630
2749,Rahul,38,Bangalore,HR,144303
2750,Rahul,51,Mumbai,HR,57229
2751,Vikas,51,Delhi,Marketing,132716
2752,Aman,45,Bangalore,Finance,108476
2753,Priya,42,Noida,IT,78170
2754,Aman,54,Mumbai,Marketing,69351
2755,Priya,50,Pune,HR,110752
2756,Neha,38,Noida,Operations,49778
2757,Neha,26,Lucknow,Operations,41385
2758,Rahul,34,Delhi,IT,102110
2759,Rahul,27,Hyderabad,HR,92578
2760,Anuj,38,Kolkata,Sales,67359
2761,Vikas,46,Kolkata,Sales,81843
2762,Pooja,48,Mumbai,Operations,120980
2763,Neha,40,Delhi,Operations,147711
2764,Vikas,35,Bangalore,Operations,95268
2765,Rahul,47,Bangalore,HR,59991
2766,Aman,27,Noida,HR,105810
2767,Rahul,31,Delhi,Finance,141657
2768,Aman,49,Delhi,HR,114083
2769,Priya,40,Kolkata,IT,103913
2770,Pooja,27,Lucknow,IT,137605
2771,Simran,42,Bangalore,Marketing,83170
2772,Simran,45,Noida,Marketing,138474
2773,Simran,28,Lucknow,Sales,119388
2774,Priya,50,Pune,HR,130211
2775,Rahul,51,Mumbai,HR,82827
2776,Anuj,46,Bangalore,IT,132002
2777,Rahul,35,Hyderabad,Sales,28619
2778,Neha,21,Pune,HR,121517
2779,Simran,38,Jaipur,Sales,90317
2780,Rahul,37,Noida,Marketing,130023
2781,Karan,52,Delhi,IT,30702
2782,Karan,33,Lucknow,Finance,80861
2783,Neha,46,Kolkata,Marketing,30764
2784,Priya,23,Lucknow,IT,28262
2785,Anuj,55,Bangalore,Marketing,90368
2786,Vikas,40,Noida,IT,60698
2787,Priya,36,Mumbai,Sales,148029
2788,Priya,40,Mumbai,Operations,74457
2789,Rahul,46,Bangalore,HR,38017
2790,Simran,45,Jaipur,IT,133994
2791,Rohit,48,Kolkata,HR,61437
2792,Karan,47,Delhi,Operations,128177
2793,Simran,45,Lucknow,Operations,56406
2794,Aman,36,Jaipur,Sales,57443
2795,Priya,23,Kolkata,Operations,139278
2796,Aman,37,Mumbai,Operations,83345
2797,Aman,51,Chennai,HR,29113
2798,Vikas,34,Bangalore,Marketing,31669
2799,Vikas,41,Lucknow,HR,127751
2800,Vikas,22,Chennai,IT,61408
2801,Pooja,39,Pune,Marketing,121109
2802,Aman,48,Mumbai,Operations,102496
2803,Rahul,46,Mumbai,Finance,35399
2804,Aman,34,Hyderabad,IT,120626
2805,Priya,30,Noida,HR,138729
2806,Vikas,54,Kolkata,Operations,111569
2807,Priya,33,Bangalore,Finance,88989
2808,Vikas,27,Mumbai,HR,65484
2809,Pooja,41,Mumbai,HR,141881
2810,Rahul,28,Bangalore,Finance,149526
2811,Neha,54,Delhi,IT,62186
2812,Vikas,21,Bangalore,Finance,50817
2813,Rohit,21,Pune,Finance,75792
2814,Pooja,44,Mumbai,Sales,98376
2815,Karan,25,Chennai,Sales,82367
2816,Karan,41,Noida,Marketing,35806
2817,Rohit,42,Noida,Operations,111549
2818,Pooja,55,Jaipur,Operations,120447
2819,Rahul,24,Lucknow,Sales,108483
2820,Aman,23,Delhi,HR,133255
2821,Vikas,53,Delhi,Finance,136096
2822,Anuj,33,Pune,Sales,143387
2823,Priya,43,Bangalore,IT,75014
2824,Neha,54,Chennai,Finance,56242
2825,Karan,32,Jaipur,IT,91025
2826,Priya,30,Chennai,Operations,144331
2827,Neha,54,Noida,Finance,117082
2828,Pooja,45,Chennai,Sales,85087
2829,Neha,34,Pune,IT,82234
2830,Priya,38,Delhi,Operations,49439
2831,Karan,30,Kolkata,Operations,139686
2832,Aman,43,Delhi,Marketing,35398
2833,Vikas,41,Mumbai,Operations,143822
2834,Neha,46,Jaipur,HR,71895
2835,Karan,33,Chennai,Operations,141920
2836,Rohit,55,Kolkata,Finance,87653
2837,Pooja,35,Mumbai,Sales,117782
2838,Neha,20,Delhi,HR,89198
2839,Aman,22,Mumbai,Sales,129856
2840,Priya,21,Delhi,IT,64459
2841,Neha,53,Delhi,IT,134110
2842,Vikas,26,Lucknow,Finance,25814
2843,Pooja,52,Hyderabad,Finance,121869
2844,Karan,45,Pune,IT,67602
2845,Rohit,51,Chennai,HR,58418
2846,Neha,22,Chennai,IT,74106
2847,Priya,30,Mumbai,HR,134227
2848,Vikas,38,Noida,Sales,90744
2849,Priya,39,Lucknow,IT,82295
2850,Neha,21,Hyderabad,HR,81240
2851,Rahul,34,Pune,Marketing,40982
2852,Karan,35,Chennai,Marketing,93619
2853,Rohit,22,Jaipur,Operations,44561
2854,Karan,37,Lucknow,Finance,63072
2855,Simran,27,Delhi,Marketing,124655
2856,Aman,44,Delhi,HR,95675
2857,Simran,45,Hyderabad,Operations,119952
2858,Anuj,28,Kolkata,Operations,90466
2859,Pooja,37,Kolkata,Finance,65318
2860,Rohit,25,Lucknow,Marketing,33790
2861,Pooja,24,Hyderabad,Finance,60920
2862,Vikas,24,Delhi,Finance,47326
2863,Rahul,52,Delhi,IT,89098
2864,Priya,46,Noida,HR,91309
2865,Pooja,21,Kolkata,Sales,72388
2866,Aman,20,Pune,Operations,140655
2867,Vikas,54,Mumbai,Sales,55653
2868,Rohit,29,Hyderabad,Operations,107282
2869,Vikas,26,Lucknow,Finance,33325
2870,Aman,45,Delhi,IT,57858
2871,Priya,32,Delhi,Marketing,39264
2872,Priya,39,Kolkata,IT,120131
2873,Rahul,40,Pune,Operations,121208
2874,Pooja,47,Lucknow,Marketing,104214
2875,Karan,52,Kolkata,IT,90944
2876,Pooja,21,Noida,IT,90610
2877,Karan,39,Pune,IT,86620
2878,Priya,37,Delhi,IT,47691
2879,Simran,49,Kolkata,HR,79822
2880,Simran,32,Mumbai,Finance,52163
2881,Priya,26,Mumbai,Operations,117904
2882,Simran,36,Noida,IT,58847
2883,Anuj,50,Noida,IT,114921
2884,Neha,44,Pune,Operations,99967
2885,Simran,38,Jaipur,Sales,47547
2886,Karan,47,Chennai,Marketing,35768
2887,Rahul,25,Lucknow,Sales,107967
2888,Rahul,34,Delhi,Finance,46106
2889,Rohit,46,Jaipur,Marketing,42872
2890,Neha,55,Kolkata,Marketing,51863
2891,Aman,37,Noida,Marketing,118553
2892,Karan,50,Chennai,Marketing,53678
2893,Anuj,38,Kolkata,IT,100529
2894,Karan,54,Mumbai,Marketing,138969
2895,Priya,52,Mumbai,Marketing,101707
2896,Neha,35,Noida,Sales,134379
2897,Priya,44,Delhi,IT,129989
2898,Rahul,21,Bangalore,HR,93701
2899,Anuj,51,Hyderabad,Finance,142578
2900,Rahul,45,Bangalore,Operations,135205
2901,Vikas,43,Chennai,IT,132110
2902,Rohit,54,Noida,Finance,145364
2903,Simran,26,Kolkata,Sales,45868
2904,Simran,48,Noida,Marketing,41078
2905,Simran,34,Lucknow,Marketing,66162
2906,Karan,21,Mumbai,IT,98818
2907,Karan,45,Jaipur,Finance,127954
2908,Rohit,34,Noida,Marketing,28120
2909,Pooja,48,Kolkata,Finance,26874
2910,Neha,43,Delhi,Operations,85427
2911,Priya,50,Kolkata,Marketing,116576
2912,Pooja,26,Bangalore,Operations,132767
2913,Karan,39,Bangalore,HR,41111
2914,Simran,41,Pune,IT,52737
2915,Aman,29,Chennai,Marketing,137874
2916,Neha,25,Delhi,Operations,43168
2917,Anuj,26,Mumbai,HR,111745
2918,Pooja,55,Pune,Finance,116231
2919,Rahul,30,Bangalore,Marketing,25880
2920,Vikas,33,Bangalore,IT,62941
2921,Priya,51,Mumbai,HR,119158
2922,Rahul,35,Mumbai,Operations,60796
2923,Rahul,25,Hyderabad,IT,149266
2924,Aman,29,Mumbai,Operations,92037
2925,Neha,45,Noida,Marketing,58890
2926,Vikas,50,Chennai,Finance,145978
2927,Neha,53,Delhi,HR,127310
2928,Pooja,34,Mumbai,Finance,71020
2929,Rohit,23,Hyderabad,Marketing,80038
2930,Simran,51,Mumbai,Marketing,84425
2931,Pooja,36,Pune,Sales,146066
2932,Neha,46,Lucknow,Finance,129211
2933,Pooja,39,Bangalore,Finance,88304
2934,Rahul,41,Noida,Sales,34315
2935,Pooja,29,Mumbai,Marketing,72628
2936,Pooja,22,Delhi,IT,133796
2937,Neha,40,Lucknow,IT,133478
2938,Rahul,46,Bangalore,Finance,112392
2939,Vikas,20,Bangalore,Sales,59854
2940,Anuj,37,Kolkata,Operations,39478
2941,Rahul,33,Kolkata,Finance,121218
2942,Anuj,55,Mumbai,Sales,149599
2943,Neha,51,Chennai,IT,85903
2944,Rahul,54,Lucknow,Operations,110184
2945,Aman,51,Delhi,Operations,116190
2946,Rohit,40,Pune,Marketing,74790
2947,Simran,35,Mumbai,IT,76195
2948,Aman,40,Chennai,Operations,25926
2949,Simran,49,Hyderabad,Operations,63889
2950,Aman,50,Hyderabad,HR,66372
2951,Neha,52,Noida,Finance,79747
2952,Simran,55,Pune,Sales,96834
2953,Priya,25,Mumbai,Operations,102214
2954,Pooja,26,Kolkata,Sales,134815
2955,Rohit,47,Chennai,Finance,55234
2956,Priya,24,Noida,Sales,100593
2957,Aman,44,Kolkata,HR,36078
2958,Aman,28,Lucknow,Finance,141908
2959,Priya,20,Bangalore,HR,37940
2960,Priya,30,Jaipur,IT,77673
2961,Anuj,53,Delhi,Finance,114865
2962,Karan,27,Mumbai,Marketing,132320
2963,Rohit,30,Bangalore,Sales,121808
2964,Pooja,32,Hyderabad,Operations,65647
2965,Karan,48,Hyderabad,Operations,73573
2966,Priya,27,Lucknow,Operations,82694
2967,Priya,22,Jaipur,IT,110577
2968,Anuj,47,Hyderabad,Marketing,77516
2969,Rohit,51,Noida,Sales,89428
2970,Rohit,30,Chennai,IT,145668
2971,Vikas,53,Delhi,Finance,128141
2972,Rahul,51,Mumbai,Marketing,132379
2973,Karan,28,Noida,Finance,112472
2974,Rahul,55,Noida,Marketing,149008
2975,Simran,46,Lucknow,Marketing,83998
2976,Aman,45,Noida,Marketing,123544
2977,Neha,20,Hyderabad,Operations,131769
2978,Neha,38,Jaipur,Marketing,77363
2979,Rohit,27,Lucknow,HR,147187
2980,Pooja,47,Noida,IT,73816
2981,Rahul,38,Mumbai,Operations,132010
2982,Vikas,37,Chennai,HR,87106
2983,Pooja,53,Jaipur,HR,119316
2984,Simran,40,Chennai,HR,81757
2985,Neha,43,Bangalore,Marketing,75445
2986,Karan,30,Lucknow,Marketing,77542
2987,Priya,29,Jaipur,Sales,137895
2988,Karan,38,Chennai,Finance,57991
2989,Priya,53,Bangalore,Finance,88000
2990,Karan,33,Kolkata,IT,76648
2991,Rahul,43,Jaipur,HR,31143
2992,Neha,53,Chennai,Finance,98680
2993,Neha,36,Jaipur,Finance,71240
2994,Pooja,50,Chennai,HR,41478
2995,Karan,49,Mumbai,Marketing,26103
2996,Aman,33,Pune,IT,90553
2997,Vikas,41,Kolkata,Finance,112977
2998,Karan,28,Chennai,Finance,121651
2999,Karan,30,Delhi,Marketing,146677
3000,Rahul,53,Delhi,Marketing,69829
3001,Aman,50,Jaipur,Operations,136393
3002,Neha,20,Jaipur,Finance,108985
3003,Rahul,40,Bangalore,Finance,43307
3004,Rohit,46,Bangalore,HR,101823
3005,Vikas,31,Kolkata,IT,82119
3006,Rahul,29,Bangalore,Marketing,65743
3007,Aman,50,Delhi,HR,68192
3008,Neha,24,Jaipur,Finance,140404
3009,Aman,20,Pune,IT,67028
3010,Simran,39,Kolkata,IT,146447
3011,Priya,32,Jaipur,Finance,49254
3012,Priya,32,Noida,HR,34254
3013,Karan,26,Lucknow,HR,89357
3014,Aman,54,Noida,Finance,72678
3015,Karan,49,Lucknow,IT,33129
3016,Priya,41,Delhi,HR,62685
3017,Priya,26,Kolkata,Operations,100133
3018,Aman,23,Bangalore,Marketing,106684
3019,Pooja,49,Lucknow,HR,95423
3020,Simran,30,Lucknow,Finance,93079
3021,Aman,24,Mumbai,Sales,89894
3022,Simran,42,Noida,HR,94365
3023,Aman,55,Chennai,Sales,42610
3024,Pooja,34,Bangalore,IT,102763
3025,Vikas,42,Delhi,Marketing,98179
3026,Aman,20,Delhi,IT,90703
3027,Aman,32,Chennai,Operations,88917
3028,Neha,37,Lucknow,Operations,43820
3029,Pooja,38,Jaipur,Finance,86344
3030,Karan,47,Pune,Sales,72263
3031,Anuj,39,Chennai,Marketing,64201
3032,Neha,43,Lucknow,Sales,122045
3033,Anuj,45,Mumbai,IT,61159
3034,Pooja,36,Pune,Operations,43578
3035,Aman,55,Hyderabad,IT,46838
3036,Rohit,54,Pune,Sales,25648
3037,Priya,32,Bangalore,HR,81508
3038,Simran,24,Jaipur,Marketing,35093
3039,Simran,29,Bangalore,HR,115038
3040,Pooja,26,Jaipur,Finance,116728
3041,Priya,33,Chennai,HR,97615
3042,Pooja,37,Bangalore,Sales,72423
3043,Priya,31,Kolkata,Sales,115746
3044,Pooja,36,Delhi,Finance,30320
3045,Pooja,26,Jaipur,Operations,79284
3046,Aman,28,Mumbai,Finance,141707
3047,Rahul,53,Noida,Finance,104603
3048,Karan,44,Pune,Sales,47304
3049,Anuj,41,Lucknow,IT,102976
3050,Rohit,37,Jaipur,Operations,133379
3051,Vikas,50,Chennai,Sales,95282
3052,Anuj,33,Hyderabad,IT,86264
3053,Vikas,30,Bangalore,Finance,127712
3054,Rohit,20,Chennai,Finance,114055
3055,Simran,34,Mumbai,Operations,55429
3056,Vikas,33,Mumbai,Marketing,109587
3057,Aman,25,Delhi,Finance,93968
3058,Pooja,29,Mumbai,IT,81596
3059,Karan,29,Noida,Marketing,127907
3060,Pooja,30,Mumbai,Sales,114859
3061,Simran,50,Pune,Finance,61127
3062,Simran,20,Kolkata,IT,29548
3063,Rahul,40,Mumbai,HR,33087
3064,Karan,24,Delhi,HR,74794
3065,Rahul,23,Hyderabad,Marketing,129910
3066,Vikas,28,Hyderabad,Finance,87777
3067,Simran,52,Delhi,Operations,43309
3068,Neha,48,Pune,Sales,65014
3069,Simran,47,Pune,IT,79379
3070,Anuj,50,Delhi,IT,137832
3071,Pooja,40,Delhi,Sales,81595
3072,Simran,39,Delhi,HR,51498
3073,Rohit,52,Delhi,Operations,101566
3074,Priya,27,Jaipur,IT,29905
3075,Rahul,35,Jaipur,Sales,57211
3076,Rohit,55,Chennai,HR,46263
3077,Vikas,45,Pune,HR,129870
3078,Anuj,44,Bangalore,HR,138602
3079,Pooja,44,Chennai,HR,36497
3080,Vikas,50,Kolkata,IT,58678
3081,Neha,42,Pune,Operations,57397
3082,Rahul,39,Lucknow,IT,32288
3083,Pooja,53,Noida,HR,50425
3084,Rahul,40,Lucknow,HR,36660
3085,Rohit,53,Delhi,Marketing,96301
3086,Rohit,25,Delhi,IT,116265
3087,Karan,33,Jaipur,Marketing,49892
3088,Neha,30,Jaipur,Operations,99274
3089,Karan,37,Lucknow,Operations,132578
3090,Priya,29,Lucknow,IT,142670
3091,Aman,47,Noida,Operations,56334
3092,Karan,55,Noida,Marketing,56695
3093,Aman,48,Bangalore,Marketing,132583
3094,Rohit,51,Noida,Marketing,27597
3095,Rohit,36,Chennai,Sales,142550
3096,Anuj,27,Delhi,Marketing,35352
3097,Karan,55,Delhi,Finance,39220
3098,Neha,47,Lucknow,Finance,145819
3099,Simran,42,Noida,Operations,39685
3100,Vikas,31,Chennai,Finance,129984
3101,Karan,21,Lucknow,Sales,138882
3102,Simran,43,Mumbai,Marketing,91625
3103,Aman,49,Pune,Marketing,59451
3104,Neha,42,Mumbai,Finance,112632
3105,Vikas,47,Kolkata,Sales,27811
3106,Vikas,33,Pune,HR,77492
3107,Karan,55,Kolkata,Finance,71352
3108,Vikas,32,Lucknow,IT,57976
3109,Simran,44,Jaipur,Finance,90767
3110,Rahul,43,Lucknow,Sales,94701
3111,Aman,31,Kolkata,IT,67386
3112,Priya,20,Lucknow,Sales,69975
3113,Anuj,32,Delhi,HR,93559
3114,Vikas,48,Chennai,Sales,90293
3115,Aman,43,Delhi,Marketing,66914
3116,Aman,53,Jaipur,Sales,73697
3117,Rohit,32,Hyderabad,Operations,42488
3118,Aman,20,Bangalore,IT,116295
3119,Neha,39,Jaipur,IT,62951
3120,Rohit,41,Noida,IT,71593
3121,Priya,26,Jaipur,Marketing,45116
3122,Pooja,43,Chennai,IT,99647
3123,Aman,36,Kolkata,HR,76471
3124,Karan,52,Bangalore,Sales,38676
3125,Vikas,20,Chennai,HR,70036
3126,Priya,37,Pune,Sales,34806
3127,Priya,22,Delhi,Marketing,61238
3128,Pooja,37,Delhi,HR,50278
3129,Rahul,50,Delhi,Marketing,79010
3130,Rahul,45,Lucknow,Sales,104772
3131,Priya,22,Lucknow,IT,84960
3132,Simran,36,Jaipur,Finance,147736
3133,Vikas,37,Bangalore,Operations,58154
3134,Neha,23,Pune,Operations,70408
3135,Pooja,21,Pune,HR,84614
3136,Pooja,50,Chennai,IT,117734
3137,Neha,49,Noida,Finance,93587
3138,Karan,51,Noida,Marketing,52672
3139,Anuj,31,Pune,Marketing,66599
3140,Rahul,50,Kolkata,Operations,34549
3141,Pooja,54,Noida,Finance,147874
3142,Neha,26,Noida,HR,84384
3143,Rahul,22,Jaipur,HR,99956
3144,Simran,43,Noida,Finance,140303
3145,Priya,21,Hyderabad,Finance,96592
3146,Rohit,29,Noida,Sales,51177
3147,Priya,31,Lucknow,Marketing,110218
3148,Rohit,28,Jaipur,Marketing,90755
3149,Pooja,25,Hyderabad,Finance,84805
3150,Vikas,46,Bangalore,Operations,118404
3151,Neha,27,Hyderabad,Sales,146297
3152,Vikas,23,Jaipur,HR,36664
3153,Neha,48,Mumbai,IT,111079
3154,Simran,23,Lucknow,Marketing,56658
3155,Karan,40,Bangalore,Marketing,68015
3156,Aman,26,Mumbai,Finance,70756
3157,Karan,54,Delhi,Sales,77090
3158,Pooja,37,Pune,Sales,80602
3159,Neha,32,Bangalore,HR,144782
3160,Anuj,21,Delhi,Sales,105953
3161,Anuj,41,Noida,Finance,81626
3162,Rahul,40,Hyderabad,HR,139919
3163,Pooja,30,Pune,Operations,57432
3164,Anuj,43,Hyderabad,Finance,111120
3165,Rahul,53,Pune,IT,51651
3166,Aman,20,Bangalore,IT,130891
3167,Pooja,45,Chennai,Sales,135227
3168,Pooja,46,Chennai,Sales,96120
3169,Anuj,23,Delhi,Sales,118329
3170,Priya,24,Kolkata,IT,130593
3171,Rohit,32,Hyderabad,Sales,100388
3172,Aman,52,Chennai,Sales,71583
3173,Vikas,29,Lucknow,HR,118138
3174,Aman,37,Lucknow,IT,141028
3175,Vikas,25,Lucknow,HR,122589
3176,Rahul,31,Bangalore,Finance,95411
3177,Neha,48,Bangalore,Operations,82326
3178,Vikas,22,Lucknow,Finance,112070
3179,Rahul,37,Bangalore,Finance,57812
3180,Neha,32,Chennai,IT,33951
3181,Aman,52,Chennai,Sales,85814
3182,Anuj,46,Kolkata,HR,110632
3183,Priya,31,Mumbai,IT,94977
3184,Vikas,20,Delhi,Operations,146034
3185,Rohit,39,Noida,HR,43463
3186,Priya,37,Delhi,Marketing,67863
3187,Rahul,55,Jaipur,Marketing,148804
3188,Rahul,42,Mumbai,Operations,114458
3189,Anuj,27,Bangalore,IT,75734
3190,Rohit,41,Delhi,HR,143483
3191,Pooja,49,Mumbai,IT,31017
3192,Rahul,25,Jaipur,Marketing,115767
3193,Aman,49,Noida,Operations,41078
3194,Karan,25,Jaipur,Sales,103643
3195,Rohit,27,Mumbai,Marketing,105573
3196,Simran,25,Mumbai,IT,123300
3197,Pooja,31,Pune,HR,101435
3198,Anuj,25,Jaipur,IT,39528
3199,Anuj,31,Kolkata,Finance,126569
3200,Neha,40,Lucknow,Finance,132771
3201,Rahul,21,Bangalore,Finance,145078
3202,Priya,30,Delhi,IT,121333
3203,Aman,20,Mumbai,Operations,81644
3204,Pooja,33,Chennai,Marketing,41896
3205,Rahul,43,Mumbai,IT,59568
3206,Rohit,49,Delhi,Sales,137815
3207,Priya,25,Jaipur,Sales,80649
3208,Rahul,35,Hyderabad,Marketing,147456
3209,Rahul,39,Jaipur,Sales,104004
3210,Rahul,32,Noida,Finance,65176
3211,Neha,28,Kolkata,Marketing,108076
3212,Neha,39,Bangalore,Marketing,86672
3213,Vikas,23,Hyderabad,HR,80168
3214,Aman,44,Mumbai,HR,117232
3215,Priya,38,Kolkata,Finance,149384
3216,Aman,31,Pune,Operations,47035
3217,Aman,37,Hyderabad,Marketing,102582
3218,Rahul,28,Pune,IT,50680
3219,Simran,40,Chennai,Marketing,76555
3220,Karan,46,Bangalore,Marketing,130081
3221,Anuj,34,Mumbai,Finance,141041
3222,Karan,32,Pune,Sales,114653
3223,Aman,37,Hyderabad,Finance,147664
3224,Pooja,32,Kolkata,IT,95343
3225,Neha,31,Delhi,HR,62218
3226,Rohit,38,Delhi,Sales,43007
3227,Aman,36,Bangalore,Finance,81572
3228,Priya,48,Noida,Finance,93840
3229,Karan,36,Mumbai,Marketing,137722
3230,Pooja,25,Lucknow,HR,72433
3231,Rohit,51,Noida,Marketing,134643
3232,Rahul,42,Jaipur,HR,40325
3233,Rahul,43,Mumbai,HR,88602
3234,Aman,42,Jaipur,HR,102313
3235,Rahul,53,Hyderabad,Sales,84975
3236,Karan,48,Noida,IT,50066
3237,Priya,30,Jaipur,Sales,81899
3238,Neha,22,Noida,Sales,88096
3239,Priya,44,Chennai,HR,99001
3240,Neha,29,Noida,Operations,120274
3241,Aman,54,Mumbai,Marketing,134898
3242,Rohit,33,Hyderabad,Sales,104456
3243,Vikas,47,Hyderabad,HR,141188
3244,Rahul,42,Lucknow,Marketing,31371
3245,Rohit,38,Delhi,Marketing,36856
3246,Simran,33,Bangalore,Finance,131516
3247,Karan,41,Chennai,Sales,140045
3248,Karan,52,Noida,Operations,25514
3249,Karan,55,Delhi,IT,42185
3250,Vikas,37,Delhi,Sales,110849
3251,Anuj,25,Kolkata,Finance,146968
3252,Vikas,52,Lucknow,Sales,132052
3253,Rohit,33,Mumbai,Finance,136305
3254,Simran,36,Pune,IT,89808
3255,Karan,33,Delhi,HR,131586
3256,Simran,49,Bangalore,HR,35102
3257,Rohit,36,Chennai,IT,104523
3258,Priya,22,Chennai,Sales,124483
3259,Vikas,27,Delhi,IT,32618
3260,Anuj,53,Delhi,IT,114086
3261,Rohit,31,Noida,Marketing,128104
3262,Pooja,50,Mumbai,IT,106284
3263,Priya,28,Jaipur,Operations,66000
3264,Rahul,49,Pune,Sales,137205
3265,Rohit,40,Jaipur,Finance,119410
3266,Pooja,43,Mumbai,Operations,122151
3267,Karan,44,Kolkata,Finance,113617
3268,Rahul,22,Noida,Operations,138229
3269,Simran,40,Delhi,Marketing,41673
3270,Anuj,26,Noida,IT,134665
3271,Neha,42,Mumbai,HR,26183
3272,Neha,20,Pune,IT,49624
3273,Aman,30,Mumbai,Marketing,95782
3274,Priya,46,Lucknow,Sales,111561
3275,Karan,50,Chennai,Operations,84532
3276,Priya,41,Noida,Marketing,45820
3277,Neha,41,Hyderabad,Finance,38219
3278,Simran,26,Noida,IT,144944
3279,Aman,31,Mumbai,Finance,41856
3280,Pooja,42,Delhi,IT,41279
3281,Rahul,39,Bangalore,IT,126691
3282,Anuj,30,Jaipur,HR,137781
3283,Karan,49,Hyderabad,Finance,130074
3284,Rahul,54,Delhi,IT,72884
3285,Anuj,31,Kolkata,Marketing,108485
3286,Vikas,21,Chennai,Marketing,34860
3287,Rohit,48,Chennai,Operations,99990
3288,Anuj,49,Hyderabad,IT,30434
3289,Anuj,47,Pune,IT,108088
3290,Priya,45,Bangalore,Marketing,60915
3291,Simran,50,Bangalore,Marketing,142838
3292,Vikas,35,Chennai,Sales,71116
3293,Simran,36,Delhi,Operations,120814
3294,Priya,43,Bangalore,HR,129400
3295,Priya,41,Mumbai,Finance,75160
3296,Priya,50,Mumbai,Operations,47481
3297,Rahul,45,Kolkata,Operations,133299
3298,Simran,39,Chennai,Marketing,64943
3299,Simran,22,Pune,Sales,131890
3300,Karan,34,Bangalore,HR,119781
3301,Aman,52,Chennai,Operations,60476
3302,Vikas,26,Delhi,Finance,79666
3303,Rahul,46,Noida,Finance,115259
3304,Vikas,47,Lucknow,Marketing,48969
3305,Rahul,37,Noida,Marketing,44726
3306,Simran,45,Hyderabad,Operations,29672
3307,Rohit,21,Pune,Sales,37301
3308,Aman,30,Delhi,HR,76208
3309,Simran,52,Hyderabad,IT,69116
3310,Neha,30,Kolkata,IT,80708
3311,Priya,39,Pune,Sales,78481
3312,Karan,53,Bangalore,HR,53451
3313,Rahul,32,Kolkata,IT,107859
3314,Vikas,28,Mumbai,HR,128807
3315,Priya,28,Bangalore,IT,55909
3316,Rohit,41,Pune,Sales,103856
3317,Anuj,23,Hyderabad,IT,52805
3318,Rohit,25,Jaipur,Marketing,113881
3319,Rahul,39,Chennai,IT,71243
3320,Priya,29,Noida,IT,29780
3321,Rahul,42,Kolkata,Marketing,93409
3322,Pooja,49,Chennai,Operations,45402
3323,Karan,45,Jaipur,IT,62742
3324,Karan,30,Mumbai,HR,49721
3325,Anuj,49,Mumbai,IT,120917
3326,Vikas,20,Hyderabad,HR,42232
3327,Aman,29,Noida,IT,75234
3328,Rahul,32,Mumbai,Operations,41806
3329,Anuj,31,Kolkata,Operations,67340
3330,Aman,39,Mumbai,Sales,56533
3331,Anuj,39,Chennai,Sales,113289
3332,Aman,25,Kolkata,HR,95577
3333,Pooja,31,Delhi,Operations,36972
3334,Neha,35,Jaipur,IT,61243
3335,Simran,33,Chennai,Finance,26899
3336,Simran,47,Chennai,Marketing,55804
3337,Vikas,25,Chennai,Operations,32032
3338,Aman,35,Hyderabad,IT,109306
3339,Neha,29,Chennai,HR,89817
3340,Aman,55,Mumbai,HR,66140
3341,Vikas,43,Mumbai,Finance,66073
3342,Rahul,20,Bangalore,IT,148784
3343,Anuj,50,Noida,Marketing,137083
3344,Neha,30,Lucknow,HR,103027
3345,Priya,42,Kolkata,Finance,124184
3346,Vikas,26,Chennai,IT,94081
3347,Simran,50,Jaipur,Marketing,134862
3348,Rahul,55,Kolkata,Operations,62200
3349,Vikas,45,Jaipur,HR,33591
3350,Karan,33,Bangalore,IT,113154
3351,Rahul,50,Lucknow,Finance,60868
3352,Pooja,44,Bangalore,Finance,142174
3353,Pooja,49,Kolkata,IT,45922
3354,Simran,35,Kolkata,HR,33033
3355,Neha,26,Noida,Operations,43499
3356,Anuj,44,Mumbai,Marketing,140886
3357,Pooja,28,Lucknow,Finance,62104
3358,Karan,40,Delhi,Marketing,94365
3359,Aman,28,Pune,Sales,63997
3360,Neha,45,Hyderabad,IT,49854
3361,Aman,40,Delhi,IT,123700
3362,Vikas,38,Delhi,Sales,149264
3363,Rahul,47,Chennai,IT,70419
3364,Karan,45,Noida,HR,31457
3365,Rahul,54,Jaipur,HR,88944
3366,Rohit,24,Bangalore,Finance,61702
3367,Simran,42,Jaipur,HR,73375
3368,Anuj,51,Lucknow,HR,26898
3369,Anuj,21,Kolkata,Finance,124610
3370,Anuj,34,Bangalore,Sales,122731
3371,Rohit,31,Mumbai,Sales,103675
3372,Anuj,35,Mumbai,Finance,52834
3373,Pooja,43,Pune,HR,121665
3374,Neha,43,Hyderabad,Operations,138655
3375,Priya,41,Bangalore,Finance,57342
3376,Aman,52,Pune,Marketing,148425
3377,Aman,20,Bangalore,HR,49129
3378,Anuj,45,Delhi,IT,92566
3379,Simran,24,Bangalore,Finance,32092
3380,Priya,34,Chennai,Operations,137062
3381,Rohit,28,Chennai,HR,101579
3382,Neha,51,Jaipur,IT,108840
3383,Rohit,32,Mumbai,Sales,148241
3384,Priya,22,Noida,Sales,140601
3385,Neha,33,Mumbai,Finance,99056
3386,Vikas,39,Noida,HR,104705
3387,Rahul,47,Hyderabad,HR,128706
3388,Karan,25,Chennai,Marketing,86031
3389,Neha,41,Bangalore,Operations,28203
3390,Rahul,44,Lucknow,Marketing,43312
3391,Simran,31,Hyderabad,Marketing,59733
3392,Anuj,47,Mumbai,Marketing,60367
3393,Aman,29,Hyderabad,Finance,25512
3394,Rohit,38,Bangalore,IT,64620
3395,Simran,39,Lucknow,Marketing,146618
3396,Anuj,44,Mumbai,Sales,128249
3397,Priya,50,Delhi,Sales,51504
3398,Rahul,22,Chennai,Marketing,36277
3399,Pooja,36,Bangalore,IT,28152
3400,Vikas,46,Bangalore,Operations,143921
3401,Vikas,31,Noida,Sales,106229
3402,Neha,30,Noida,Finance,26576
3403,Rahul,45,Noida,Operations,86349
3404,Simran,53,Lucknow,Marketing,88467
3405,Pooja,26,Kolkata,HR,37608
3406,Anuj,49,Pune,IT,112723
3407,Neha,25,Jaipur,Sales,98041
3408,Rohit,42,Jaipur,Operations,47792
3409,Vikas,26,Noida,Finance,55881
3410,Karan,45,Jaipur,HR,113824
3411,Vikas,20,Mumbai,IT,68063
3412,Karan,30,Kolkata,IT,117091
3413,Rohit,40,Pune,Finance,115368
3414,Pooja,28,Delhi,IT,56657
3415,Neha,52,Chennai,Sales,148037
3416,Karan,44,Pune,Sales,146715
3417,Pooja,49,Bangalore,Finance,41936
3418,Rohit,20,Pune,Finance,124154
3419,Simran,51,Hyderabad,HR,139012
3420,Rohit,45,Lucknow,Sales,89089
3421,Aman,47,Bangalore,IT,87221
3422,Anuj,23,Jaipur,Operations,107522
3423,Priya,39,Jaipur,Operations,109288
3424,Anuj,47,Mumbai,Marketing,53916
3425,Rohit,36,Noida,IT,89162
3426,Simran,27,Jaipur,HR,82169
3427,Neha,48,Jaipur,Finance,71477
3428,Anuj,52,Bangalore,Finance,69977
3429,Neha,43,Lucknow,Sales,58718
3430,Anuj,50,Chennai,IT,82781
3431,Priya,41,Jaipur,Operations,77145
3432,Vikas,54,Delhi,IT,33502
3433,Rahul,43,Chennai,IT,82353
3434,Rohit,27,Chennai,IT,41682
3435,Simran,31,Bangalore,Marketing,83171
3436,Rohit,47,Delhi,Marketing,71788
3437,Priya,54,Hyderabad,Finance,87366
3438,Pooja,44,Noida,Operations,149126
3439,Anuj,25,Noida,HR,54522
3440,Aman,29,Delhi,HR,69243
3441,Vikas,20,Mumbai,Finance,67007
3442,Rahul,41,Noida,IT,65630
3443,Anuj,36,Mumbai,Sales,98061
3444,Rohit,32,Hyderabad,HR,146471
3445,Simran,52,Bangalore,Sales,38990
3446,Priya,49,Pune,Finance,62761
3447,Neha,47,Bangalore,IT,86361
3448,Pooja,23,Noida,Finance,147894
3449,Rahul,49,Mumbai,HR,37756
3450,Karan,38,Pune,IT,48556
3451,Rahul,22,Delhi,IT,144162
3452,Simran,27,Noida,HR,76070
3453,Aman,51,Chennai,Finance,78252
3454,Priya,49,Delhi,HR,81097
3455,Rahul,43,Bangalore,Marketing,38861
3456,Karan,23,Lucknow,Finance,69510
3457,Karan,43,Jaipur,Finance,141826
3458,Anuj,36,Chennai,Marketing,114566
3459,Priya,47,Delhi,HR,57383
3460,Aman,41,Pune,Marketing,101034
3461,Rohit,38,Kolkata,Finance,53463
3462,Vikas,21,Mumbai,Operations,129678
3463,Vikas,54,Noida,Operations,126174
3464,Neha,37,Jaipur,Marketing,100641
3465,Priya,31,Chennai,Marketing,122645
3466,Neha,38,Delhi,Marketing,139027
3467,Neha,42,Delhi,HR,41716
3468,Pooja,46,Pune,Marketing,104589
3469,Vikas,21,Mumbai,HR,59898
3470,Rohit,48,Delhi,Marketing,48492
3471,Rahul,40,Pune,IT,85643
3472,Rohit,39,Noida,Finance,117773
3473,Aman,22,Lucknow,IT,31685
3474,Karan,27,Kolkata,Operations,134087
3475,Rahul,42,Jaipur,Sales,43197
3476,Aman,22,Lucknow,Finance,34040
3477,Rahul,54,Lucknow,IT,70317
3478,Aman,45,Lucknow,IT,32716
3479,Pooja,35,Delhi,IT,147386
3480,Pooja,31,Noida,Finance,109104
3481,Neha,25,Noida,Finance,37874
3482,Priya,54,Bangalore,IT,52222
3483,Rahul,26,Delhi,IT,140959
3484,Simran,28,Delhi,Finance,58381
3485,Neha,29,Pune,Finance,133856
3486,Rohit,51,Bangalore,Sales,136936
3487,Pooja,47,Kolkata,Operations,54174
3488,Vikas,37,Noida,Finance,108438
3489,Pooja,42,Pune,HR,57710
3490,Vikas,49,Noida,Marketing,99631
3491,Rahul,35,Kolkata,HR,31624
3492,Rahul,53,Noida,Marketing,82234
3493,Aman,49,Lucknow,Sales,45656
3494,Vikas,22,Kolkata,Sales,86938
3495,Karan,24,Jaipur,IT,106098
3496,Anuj,40,Chennai,Finance,137024
3497,Rohit,43,Delhi,Marketing,122105
3498,Neha,22,Noida,IT,95725
3499,Aman,29,Chennai,IT,105351
3500,Rahul,26,Mumbai,IT,109414
3501,Rohit,44,Hyderabad,Finance,141040
3502,Neha,52,Lucknow,IT,68327
3503,Priya,25,Delhi,Marketing,91092
3504,Simran,41,Jaipur,Operations,48715
3505,Anuj,39,Bangalore,Finance,141868
3506,Vikas,47,Noida,IT,62751
3507,Vikas,45,Lucknow,IT,131477
3508,Aman,21,Bangalore,HR,83518
3509,Anuj,31,Kolkata,Marketing,87017
3510,Priya,36,Jaipur,IT,49765
3511,Pooja,25,Hyderabad,Sales,53209
3512,Simran,47,Hyderabad,IT,117386
3513,Simran,27,Delhi,HR,140941
3514,Rohit,32,Noida,HR,134082
3515,Rahul,36,Noida,HR,99051
3516,Pooja,39,Pune,IT,34158
3517,Rahul,52,Kolkata,HR,133966
3518,Aman,54,Hyderabad,HR,42248
3519,Rahul,35,Pune,Marketing,104039
3520,Anuj,23,Hyderabad,Finance,138360
3521,Anuj,43,Jaipur,Finance,104124
3522,Rohit,50,Mumbai,HR,138318
3523,Aman,33,Noida,Sales,30688
3524,Rohit,47,Delhi,Sales,53973
3525,Priya,37,Kolkata,Sales,83972
3526,Neha,31,Mumbai,Operations,145449
3527,Rahul,37,Jaipur,Operations,39669
3528,Karan,52,Jaipur,Marketing,115263
3529,Karan,22,Kolkata,HR,103710
3530,Vikas,45,Jaipur,Operations,39371
3531,Rahul,31,Delhi,Marketing,44403
3532,Anuj,38,Kolkata,Operations,82881
3533,Rahul,37,Mumbai,Finance,70434
3534,Rohit,20,Kolkata,Operations,103571
3535,Pooja,46,Lucknow,HR,56774
3536,Aman,33,Delhi,HR,99364
3537,Rahul,21,Pune,Sales,116333
3538,Neha,46,Kolkata,Sales,128220
3539,Rahul,28,Noida,Marketing,72530
3540,Anuj,37,Chennai,IT,66295
3541,Pooja,37,Noida,Finance,85549
3542,Anuj,49,Chennai,Operations,112550
3543,Aman,40,Delhi,IT,145597
3544,Karan,26,Jaipur,Sales,36473
3545,Priya,34,Jaipur,Operations,149378
3546,Priya,34,Noida,Sales,62725
3547,Pooja,21,Lucknow,HR,130125
3548,Anuj,40,Kolkata,Sales,48692
3549,Priya,34,Mumbai,IT,36046
3550,Priya,24,Mumbai,IT,128516
3551,Aman,38,Pune,HR,121914
3552,Neha,49,Lucknow,Marketing,36740
3553,Rohit,46,Lucknow,Operations,80236
3554,Aman,41,Chennai,Marketing,148261
3555,Vikas,54,Bangalore,Marketing,113256
3556,Vikas,44,Kolkata,Sales,49506
3557,Pooja,50,Kolkata,Finance,48235
3558,Aman,55,Noida,Operations,29403
3559,Anuj,20,Jaipur,Finance,134213
3560,Karan,41,Pune,HR,146390
3561,Karan,41,Kolkata,Sales,117562
3562,Karan,40,Hyderabad,Operations,76327
3563,Rohit,42,Pune,Finance,137246
3564,Vikas,48,Delhi,Operations,110648
3565,Pooja,29,Kolkata,IT,119587
3566,Priya,49,Chennai,Operations,113208
3567,Simran,51,Jaipur,Marketing,67624
3568,Pooja,33,Noida,Finance,103386
3569,Anuj,54,Delhi,Operations,36644
3570,Rahul,30,Mumbai,Finance,31010
3571,Vikas,44,Bangalore,Sales,25505
3572,Priya,36,Jaipur,IT,118997
3573,Aman,45,Delhi,Finance,61189
3574,Priya,22,Jaipur,Sales,134335
3575,Rohit,25,Hyderabad,Marketing,57955
3576,Simran,51,Hyderabad,HR,49849
3577,Rohit,55,Kolkata,Finance,76625
3578,Simran,42,Jaipur,Operations,57923
3579,Anuj,25,Delhi,Sales,139891
3580,Priya,33,Delhi,HR,53257
3581,Neha,53,Mumbai,Marketing,76419
3582,Pooja,43,Bangalore,Finance,60002
3583,Simran,39,Bangalore,Operations,63024
3584,Pooja,38,Pune,Operations,57896
3585,Neha,40,Mumbai,Sales,52559
3586,Karan,48,Pune,Sales,132965
3587,Simran,49,Chennai,Operations,46019
3588,Neha,21,Mumbai,Marketing,123139
3589,Priya,29,Mumbai,HR,126992
3590,Vikas,30,Noida,Marketing,98849
3591,Aman,42,Chennai,Finance,130953
3592,Anuj,47,Lucknow,HR,129121
3593,Neha,46,Delhi,Operations,79840
3594,Karan,21,Chennai,Sales,102101
3595,Rohit,38,Lucknow,Marketing,37177
3596,Anuj,55,Chennai,Sales,58145
3597,Vikas,51,Jaipur,Finance,44314
3598,Anuj,35,Hyderabad,Operations,45487
3599,Pooja,44,Kolkata,Finance,115442
3600,Simran,54,Bangalore,Marketing,124634
3601,Neha,28,Chennai,Finance,146015
3602,Karan,44,Kolkata,Operations,117739
3603,Rohit,27,Delhi,IT,25977
3604,Aman,26,Chennai,HR,107777
3605,Rahul,45,Kolkata,Operations,32389
3606,Rohit,33,Hyderabad,IT,85737
3607,Rohit,33,Noida,Sales,107477
3608,Vikas,27,Chennai,HR,44693
3609,Simran,38,Lucknow,Marketing,46646
3610,Anuj,31,Noida,Sales,145566
3611,Rohit,30,Pune,IT,141548
3612,Karan,45,Lucknow,Finance,82859
3613,Priya,55,Hyderabad,Marketing,77163
3614,Neha,46,Mumbai,Finance,119083
3615,Aman,42,Noida,Finance,90565
3616,Aman,33,Hyderabad,IT,56323
3617,Rohit,46,Delhi,Finance,66830
3618,Karan,37,Noida,IT,45605
3619,Neha,40,Chennai,HR,85531
3620,Neha,43,Bangalore,HR,91664
3621,Karan,26,Mumbai,Marketing,31154
3622,Anuj,40,Chennai,Operations,136041
3623,Neha,52,Noida,IT,107208
3624,Karan,54,Delhi,Finance,91489
3625,Karan,54,Kolkata,Sales,143287
3626,Aman,45,Delhi,HR,140671
3627,Karan,34,Pune,Finance,145597
3628,Rohit,45,Pune,Marketing,83463
3629,Pooja,51,Hyderabad,Sales,145814
3630,Simran,49,Delhi,IT,96482
3631,Vikas,38,Jaipur,Operations,66891
3632,Aman,48,Bangalore,IT,112641
3633,Pooja,30,Mumbai,Finance,88229
3634,Anuj,31,Bangalore,Sales,38949
3635,Rahul,45,Pune,HR,32389
3636,Anuj,38,Noida,IT,103850
3637,Rohit,20,Lucknow,Finance,145062
3638,Karan,54,Jaipur,Operations,53612
3639,Rohit,41,Pune,Marketing,49688
3640,Anuj,49,Lucknow,Marketing,95832
3641,Simran,31,Mumbai,Marketing,123383
3642,Pooja,26,Bangalore,Sales,73776
3643,Anuj,44,Jaipur,HR,53579
3644,Neha,46,Bangalore,HR,30176
3645,Karan,46,Jaipur,Finance,26869
3646,Rohit,46,Noida,HR,30714
3647,Aman,32,Pune,Finance,102070
3648,Neha,21,Delhi,Sales,30686
3649,Aman,34,Delhi,Marketing,142900
3650,Neha,28,Bangalore,Marketing,32863
3651,Anuj,52,Noida,Operations,112241
3652,Anuj,25,Chennai,Marketing,80442
3653,Aman,46,Lucknow,Finance,52748
3654,Karan,21,Noida,IT,108117
3655,Aman,40,Delhi,IT,43417
3656,Rahul,35,Hyderabad,HR,69840
3657,Simran,30,Pune,Operations,92433
3658,Neha,50,Delhi,Operations,120798
3659,Rahul,25,Mumbai,Operations,137783
3660,Neha,43,Noida,HR,80591
3661,Priya,21,Hyderabad,HR,109592
3662,Karan,44,Noida,Finance,87369
3663,Rahul,55,Chennai,IT,147136
3664,Neha,52,Kolkata,Sales,83450
3665,Vikas,32,Hyderabad,Marketing,140960
3666,Neha,30,Jaipur,Operations,68346
3667,Aman,49,Chennai,Sales,62183
3668,Aman,43,Bangalore,HR,77754
3669,Priya,35,Chennai,Operations,73454
3670,Pooja,31,Pune,Sales,97289
3671,Neha,50,Pune,Finance,79157
3672,Aman,32,Lucknow,Operations,40806
3673,Simran,40,Hyderabad,IT,87840
3674,Karan,28,Pune,Operations,46718
3675,Neha,38,Bangalore,Marketing,97448
3676,Rohit,24,Jaipur,Finance,111254
3677,Karan,21,Noida,Finance,65509
3678,Aman,33,Noida,Operations,85623
3679,Priya,49,Delhi,Marketing,110750
3680,Vikas,49,Hyderabad,Sales,28645
3681,Vikas,35,Delhi,HR,56631
3682,Aman,48,Noida,HR,62918
3683,Aman,35,Bangalore,Sales,60942
3684,Anuj,31,Kolkata,Marketing,130306
3685,Karan,49,Chennai,Operations,80201
3686,Priya,52,Bangalore,IT,108587
3687,Karan,27,Mumbai,HR,53389
3688,Anuj,41,Kolkata,IT,53864
3689,Aman,30,Jaipur,Marketing,49092
3690,Karan,35,Lucknow,Sales,118288
3691,Neha,49,Chennai,Finance,62623
3692,Karan,24,Noida,IT,132484
3693,Rohit,20,Hyderabad,IT,74616
3694,Karan,22,Kolkata,IT,71361
3695,Rahul,46,Pune,Operations,110001
3696,Pooja,53,Jaipur,IT,128409
3697,Aman,50,Hyderabad,IT,124708
3698,Neha,44,Hyderabad,Operations,112838
3699,Rahul,24,Noida,Operations,79147
3700,Rohit,46,Mumbai,IT,137154
3701,Neha,36,Jaipur,IT,138228
3702,Neha,54,Noida,HR,94253
3703,Aman,27,Kolkata,Finance,62361
3704,Rahul,54,Kolkata,IT,147981
3705,Neha,21,Hyderabad,Finance,132782
3706,Pooja,48,Noida,IT,126085
3707,Anuj,50,Mumbai,Marketing,33527
3708,Vikas,23,Pune,Finance,68802
3709,Rohit,38,Lucknow,Sales,63887
3710,Rohit,45,Hyderabad,Marketing,123115
3711,Rahul,22,Lucknow,HR,78846
3712,Neha,43,Kolkata,HR,121317
3713,Vikas,45,Jaipur,Operations,51305
3714,Rahul,52,Noida,Marketing,68633
3715,Anuj,48,Hyderabad,Operations,40871
3716,Anuj,47,Hyderabad,Marketing,86019
3717,Priya,27,Bangalore,IT,65974
3718,Pooja,26,Mumbai,Sales,89891
3719,Priya,29,Chennai,IT,51740
3720,Aman,36,Delhi,Sales,66101
3721,Priya,27,Lucknow,IT,124129
3722,Pooja,30,Kolkata,IT,33910
3723,Priya,43,Mumbai,Operations,132167
3724,Neha,46,Pune,Operations,92459
3725,Simran,41,Chennai,Marketing,73031
3726,Priya,29,Delhi,Marketing,39185
3727,Rahul,35,Mumbai,Sales,128233
3728,Pooja,50,Bangalore,Operations,120563
3729,Karan,33,Bangalore,Sales,135510
3730,Rohit,36,Chennai,Marketing,90496
3731,Aman,26,Hyderabad,HR,76889
3732,Pooja,41,Bangalore,Operations,99564
3733,Rahul,24,Chennai,Finance,113423
3734,Anuj,49,Kolkata,Marketing,75673
3735,Vikas,51,Kolkata,Marketing,72051
3736,Anuj,35,Mumbai,IT,117226
3737,Neha,36,Delhi,Operations,132087
3738,Vikas,41,Hyderabad,Operations,99228
3739,Rahul,38,Noida,Operations,72307
3740,Rahul,48,Kolkata,Marketing,144684
3741,Neha,41,Noida,Finance,101010
3742,Aman,48,Delhi,Finance,78528
3743,Priya,36,Kolkata,Sales,67887
3744,Aman,37,Pune,Sales,128424
3745,Rahul,22,Delhi,Operations,78980
3746,Simran,28,Jaipur,Sales,26652
3747,Rahul,29,Kolkata,IT,30475
3748,Neha,53,Noida,IT,127975
3749,Karan,38,Hyderabad,HR,146714
3750,Karan,21,Chennai,Operations,108960
3751,Pooja,34,Bangalore,HR,145789
3752,Anuj,43,Kolkata,Marketing,125811
3753,Priya,43,Jaipur,IT,145373
3754,Aman,38,Pune,Finance,146679
3755,Karan,39,Kolkata,Operations,54971
3756,Priya,30,Delhi,Finance,117450
3757,Aman,39,Pune,Operations,53695
3758,Anuj,50,Noida,Sales,83681
3759,Rahul,48,Kolkata,Operations,122511
3760,Neha,38,Hyderabad,Finance,66258
3761,Rohit,29,Bangalore,HR,45112
3762,Rohit,28,Pune,HR,48899
3763,Priya,29,Jaipur,Operations,99628
3764,Simran,38,Delhi,Finance,135494
3765,Simran,44,Mumbai,IT,76794
3766,Vikas,36,Kolkata,Marketing,121569
3767,Vikas,34,Bangalore,Sales,60657
3768,Vikas,21,Noida,Sales,92611
3769,Rohit,33,Bangalore,IT,58592
3770,Rahul,39,Jaipur,Marketing,108548
3771,Anuj,29,Hyderabad,Marketing,43307
3772,Priya,20,Kolkata,Sales,36570
3773,Karan,36,Mumbai,Sales,26140
3774,Simran,43,Chennai,IT,98918
3775,Pooja,52,Delhi,Finance,45939
3776,Aman,53,Mumbai,Sales,49118
3777,Anuj,45,Lucknow,IT,141300
3778,Neha,50,Mumbai,Marketing,41761
3779,Anuj,30,Hyderabad,Operations,67738
3780,Priya,42,Bangalore,Finance,37134
3781,Rahul,29,Chennai,HR,120990
3782,Vikas,52,Jaipur,IT,59808
3783,Karan,40,Chennai,Finance,69369
3784,Pooja,53,Mumbai,Finance,71285
3785,Rohit,43,Kolkata,IT,87908
3786,Rahul,44,Mumbai,Operations,145299
3787,Anuj,51,Jaipur,Operations,102053
3788,Rohit,30,Jaipur,Operations,108086
3789,Aman,53,Bangalore,Operations,73269
3790,Vikas,50,Delhi,Sales,134992
3791,Rahul,31,Kolkata,IT,119416
3792,Pooja,50,Chennai,Sales,50947
3793,Rahul,44,Chennai,Sales,84396
3794,Vikas,20,Bangalore,Finance,109039
3795,Priya,24,Mumbai,HR,42099
3796,Pooja,41,Delhi,IT,55127
3797,Pooja,34,Kolkata,Operations,88527
3798,Vikas,39,Chennai,Operations,76969
3799,Rahul,33,Pune,Finance,79160
3800,Simran,34,Mumbai,Marketing,30907
3801,Priya,29,Kolkata,Sales,60784
3802,Aman,37,Noida,Finance,34186
3803,Neha,27,Pune,Marketing,62321
3804,Priya,32,Hyderabad,Sales,43864
3805,Neha,42,Pune,HR,147645
3806,Aman,51,Jaipur,Operations,81314
3807,Pooja,49,Chennai,Marketing,65224
3808,Anuj,20,Kolkata,Marketing,53049
3809,Vikas,53,Chennai,IT,32525
3810,Pooja,34,Mumbai,Finance,49233
3811,Pooja,32,Hyderabad,Finance,106110
3812,Vikas,43,Lucknow,Finance,135920
3813,Rohit,22,Mumbai,HR,86848
3814,Vikas,45,Pune,IT,31060
3815,Karan,26,Jaipur,Sales,96450
3816,Anuj,41,Chennai,Sales,35155
3817,Aman,52,Jaipur,Sales,53924
3818,Rahul,24,Kolkata,Marketing,128556
3819,Rahul,37,Lucknow,Operations,88791
3820,Neha,55,Delhi,IT,45349
3821,Simran,54,Chennai,Operations,48453
3822,Priya,54,Delhi,Marketing,102376
3823,Karan,25,Bangalore,Operations,98343
3824,Rohit,23,Jaipur,Sales,43709
3825,Simran,48,Jaipur,Operations,40972
3826,Anuj,53,Chennai,Sales,27115
3827,Priya,35,Lucknow,HR,106255
3828,Simran,35,Pune,Sales,127126
3829,Priya,36,Mumbai,Marketing,51255
3830,Simran,31,Delhi,Sales,72409
3831,Pooja,35,Hyderabad,Operations,108672
3832,Karan,34,Hyderabad,Finance,124248
3833,Rohit,49,Pune,Finance,44477
3834,Pooja,31,Bangalore,IT,65815
3835,Vikas,22,Delhi,Sales,141980
3836,Rahul,37,Hyderabad,Finance,112972
3837,Priya,55,Delhi,Marketing,49928
3838,Anuj,37,Jaipur,Sales,104444
3839,Simran,25,Lucknow,Finance,45031
3840,Karan,32,Mumbai,Marketing,46783
3841,Simran,24,Kolkata,HR,104607
3842,Karan,28,Pune,Marketing,108618
3843,Karan,53,Lucknow,Marketing,73402
3844,Aman,39,Chennai,Marketing,29317
3845,Rahul,23,Noida,HR,36396
3846,Pooja,33,Hyderabad,Sales,118886
3847,Aman,34,Lucknow,Sales,113304
3848,Aman,35,Kolkata,HR,112431
3849,Rohit,50,Chennai,Sales,148757
3850,Rohit,49,Bangalore,Marketing,147589
3851,Aman,26,Delhi,Finance,65057
3852,Anuj,54,Hyderabad,HR,99418
3853,Priya,23,Pune,HR,76658
3854,Rahul,40,Hyderabad,HR,142672
3855,Priya,24,Chennai,Operations,42443
3856,Rohit,32,Kolkata,Marketing,98006
3857,Aman,50,Delhi,HR,59118
3858,Karan,27,Kolkata,Sales,28352
3859,Vikas,48,Jaipur,Operations,85406
3860,Neha,25,Lucknow,Operations,130547
3861,Rahul,50,Kolkata,Finance,81690
3862,Rahul,32,Kolkata,Operations,113718
3863,Priya,26,Hyderabad,Operations,109726
3864,Simran,54,Hyderabad,Marketing,112505
3865,Priya,33,Bangalore,Finance,102548
3866,Simran,51,Mumbai,Marketing,131166
3867,Neha,39,Chennai,IT,68046
3868,Vikas,20,Noida,IT,50970
3869,Simran,47,Lucknow,IT,104096
3870,Pooja,27,Delhi,HR,32134
3871,Anuj,48,Pune,Sales,145736
3872,Karan,32,Jaipur,Sales,96535
3873,Karan,49,Bangalore,IT,86320
3874,Simran,20,Mumbai,Finance,95581
3875,Priya,36,Mumbai,HR,147399
3876,Rahul,46,Kolkata,IT,52842
3877,Priya,37,Pune,Marketing,111406
3878,Aman,51,Chennai,Operations,111018
3879,Aman,31,Mumbai,Marketing,63542
3880,Karan,41,Kolkata,IT,123503
3881,Karan,52,Pune,HR,90382
3882,Karan,50,Mumbai,Marketing,77805
3883,Rahul,52,Delhi,Finance,85018
3884,Rahul,38,Mumbai,Finance,115051
3885,Karan,39,Mumbai,IT,106749
3886,Rahul,36,Mumbai,HR,28151
3887,Vikas,54,Kolkata,HR,31592
3888,Simran,35,Noida,Operations,149634
3889,Neha,41,Noida,HR,82449
3890,Priya,37,Noida,Marketing,91293
3891,Vikas,55,Kolkata,Operations,45424
3892,Priya,52,Hyderabad,Operations,65724
3893,Pooja,39,Kolkata,Operations,64773
3894,Karan,48,Chennai,IT,77329
3895,Karan,27,Lucknow,Operations,81484
3896,Pooja,31,Noida,Finance,76397
3897,Anuj,51,Kolkata,Operations,74451
3898,Aman,20,Noida,Sales,104634
3899,Vikas,40,Chennai,Finance,65449
3900,Priya,52,Mumbai,Marketing,115155
3901,Aman,50,Delhi,Finance,98663
3902,Karan,51,Bangalore,Marketing,54095
3903,Karan,30,Mumbai,IT,81548
3904,Priya,31,Lucknow,Sales,146803
3905,Anuj,24,Jaipur,HR,114690
3906,Priya,47,Hyderabad,Marketing,132424
3907,Neha,39,Noida,IT,25638
3908,Rohit,26,Bangalore,Operations,114129
3909,Anuj,48,Bangalore,Sales,99064
3910,Pooja,41,Jaipur,IT,108071
3911,Vikas,54,Chennai,Operations,65540
3912,Neha,31,Lucknow,Operations,52572
3913,Anuj,32,Jaipur,HR,92900
3914,Neha,26,Pune,Finance,78539
3915,Vikas,34,Delhi,Sales,91264
3916,Vikas,33,Hyderabad,Finance,45810
3917,Vikas,39,Mumbai,Sales,140185
3918,Pooja,52,Noida,IT,114427
3919,Rahul,39,Chennai,Finance,122439
3920,Rohit,40,Lucknow,Sales,71659
3921,Aman,53,Delhi,Operations,143675
3922,Vikas,50,Pune,Finance,120522
3923,Pooja,26,Lucknow,Finance,27149
3924,Neha,39,Mumbai,Operations,94386
3925,Vikas,33,Mumbai,IT,67857
3926,Priya,29,Delhi,Sales,68960
3927,Karan,40,Mumbai,Sales,100927
3928,Rahul,30,Chennai,Sales,48693
3929,Rohit,32,Lucknow,HR,68803
3930,Pooja,45,Jaipur,Marketing,128170
3931,Rohit,30,Delhi,HR,107996
3932,Priya,30,Noida,IT,80990
3933,Pooja,30,Bangalore,Marketing,46648
3934,Simran,40,Mumbai,IT,99824
3935,Neha,53,Chennai,Sales,87485
3936,Anuj,50,Bangalore,Marketing,128908
3937,Simran,46,Kolkata,HR,49164
3938,Aman,37,Noida,HR,74414
3939,Rahul,34,Delhi,Operations,74849
3940,Vikas,36,Chennai,Marketing,99129
3941,Simran,50,Jaipur,Marketing,123406
3942,Priya,39,Delhi,Marketing,136447
3943,Aman,43,Noida,Finance,44181
3944,Simran,29,Kolkata,Finance,52618
3945,Karan,39,Kolkata,Sales,130800
3946,Anuj,41,Delhi,Operations,144682
3947,Aman,42,Pune,Finance,126982
3948,Rohit,40,Noida,Marketing,43710
3949,Rohit,48,Chennai,Sales,67912
3950,Anuj,39,Pune,Marketing,83710
3951,Rohit,47,Kolkata,HR,121260
3952,Anuj,45,Delhi,Finance,131773
3953,Pooja,46,Hyderabad,Marketing,45819
3954,Anuj,20,Delhi,HR,88942
3955,Neha,45,Delhi,HR,57118
3956,Rohit,23,Bangalore,IT,107838
3957,Vikas,46,Lucknow,Marketing,148925
3958,Neha,42,Pune,Operations,64868
3959,Pooja,28,Pune,Sales,119088
3960,Simran,49,Mumbai,HR,133515
3961,Priya,37,Chennai,Operations,140601
3962,Rahul,21,Kolkata,Finance,79115
3963,Anuj,32,Mumbai,HR,145823
3964,Rohit,33,Bangalore,Operations,95817
3965,Neha,36,Bangalore,IT,132483
3966,Pooja,38,Chennai,IT,119059
3967,Karan,43,Lucknow,IT,104395
3968,Pooja,21,Pune,Finance,118271
3969,Aman,40,Noida,Operations,46711
3970,Pooja,47,Kolkata,Sales,87072
3971,Karan,44,Mumbai,Finance,32189
3972,Simran,40,Lucknow,Finance,120375
3973,Neha,55,Bangalore,IT,114394
3974,Neha,55,Kolkata,Sales,60452
3975,Aman,32,Chennai,Operations,86279
3976,Vikas,33,Pune,Marketing,48178
3977,Rahul,52,Jaipur,Finance,50223
3978,Vikas,48,Delhi,Sales,127361
3979,Anuj,37,Jaipur,HR,113076
3980,Priya,26,Pune,Finance,114120
3981,Anuj,24,Lucknow,Operations,56583
3982,Aman,35,Delhi,Finance,58202
3983,Karan,30,Chennai,Finance,108628
3984,Rohit,40,Hyderabad,IT,57952
3985,Rohit,50,Bangalore,IT,139719
3986,Rohit,50,Delhi,Sales,140055
3987,Rohit,22,Mumbai,HR,81416
3988,Vikas,44,Hyderabad,Marketing,79550
3989,Priya,51,Lucknow,HR,77134
3990,Simran,35,Lucknow,Operations,38809
3991,Anuj,37,Jaipur,Sales,31025
3992,Anuj,44,Hyderabad,Sales,71325
3993,Pooja,23,Noida,Sales,38124
3994,Aman,26,Lucknow,IT,147859
3995,Aman,23,Pune,IT,64093
3996,Karan,41,Lucknow,Marketing,103577
3997,Anuj,37,Pune,IT,120534
3998,Rohit,54,Mumbai,HR,122471
3999,Vikas,43,Kolkata,Finance,75637
4000,Karan,48,Mumbai,Sales,36394
4001,Vikas,38,Kolkata,IT,96676
4002,Vikas,27,Mumbai,Operations,31317
4003,Priya,50,Jaipur,Marketing,74601
4004,Priya,28,Noida,Operations,139044
4005,Neha,24,Mumbai,Sales,92266
4006,Pooja,40,Lucknow,Marketing,76885
4007,Vikas,46,Noida,Sales,47125
4008,Rohit,29,Chennai,Operations,90818
4009,Pooja,29,Pune,HR,131660
4010,Vikas,39,Hyderabad,Operations,96945
4011,Simran,32,Delhi,Marketing,75608
4012,Karan,55,Bangalore,Sales,124319
4013,Priya,25,Lucknow,Marketing,121839
4014,Karan,48,Chennai,Finance,122807
4015,Rahul,35,Delhi,Sales,93151
4016,Anuj,40,Mumbai,Sales,116147
4017,Simran,54,Chennai,IT,93390
4018,Neha,36,Chennai,IT,86718
4019,Simran,55,Kolkata,Finance,148554
4020,Karan,53,Chennai,Operations,105750
4021,Karan,38,Hyderabad,Operations,47204
4022,Vikas,21,Mumbai,Marketing,60630
4023,Vikas,28,Kolkata,Marketing,57844
4024,Rahul,24,Mumbai,Sales,104176
4025,Pooja,40,Jaipur,IT,142195
4026,Rahul,43,Bangalore,Sales,58399
4027,Neha,48,Hyderabad,Operations,141587
4028,Vikas,33,Pune,Finance,27491
4029,Neha,31,Lucknow,Sales,123816
4030,Vikas,40,Kolkata,Operations,57218
4031,Vikas,49,Bangalore,Finance,114152
4032,Vikas,34,Lucknow,HR,147570
4033,Rohit,49,Lucknow,HR,129374
4034,Aman,43,Hyderabad,Marketing,124514
4035,Simran,41,Delhi,HR,110198
4036,Rohit,32,Kolkata,Sales,113583
4037,Anuj,36,Delhi,Sales,144154
4038,Karan,36,Jaipur,IT,106618
4039,Priya,21,Jaipur,Finance,72215
4040,Neha,28,Chennai,Sales,35929
4041,Aman,27,Bangalore,IT,93175
4042,Anuj,46,Delhi,IT,80999
4043,Pooja,47,Chennai,Marketing,106472
4044,Vikas,45,Kolkata,Finance,117704
4045,Vikas,51,Hyderabad,IT,67468
4046,Priya,23,Chennai,Marketing,79668
4047,Priya,53,Delhi,HR,129857
4048,Priya,23,Mumbai,Sales,36361
4049,Anuj,52,Delhi,Marketing,55087
4050,Karan,43,Jaipur,Finance,112453
4051,Karan,21,Delhi,HR,64281
4052,Rohit,47,Noida,Operations,60792
4053,Neha,22,Lucknow,IT,31166
4054,Rohit,52,Mumbai,Finance,136423
4055,Simran,40,Lucknow,Operations,98589
4056,Pooja,54,Delhi,Operations,95809
4057,Neha,51,Mumbai,Sales,54865
4058,Simran,38,Mumbai,Finance,116147
4059,Vikas,41,Noida,Marketing,110953
4060,Aman,24,Hyderabad,Operations,55845
4061,Simran,24,Bangalore,Finance,138878
4062,Aman,25,Pune,Sales,38303
4063,Vikas,55,Lucknow,Operations,96363
4064,Rahul,27,Delhi,Finance,57450
4065,Pooja,54,Bangalore,HR,96362
4066,Aman,30,Bangalore,IT,28625
4067,Vikas,52,Jaipur,Sales,40899
4068,Simran,25,Lucknow,Marketing,76778
4069,Aman,49,Delhi,Operations,100930
4070,Neha,32,Lucknow,Operations,122150
4071,Rahul,24,Pune,HR,49984
4072,Rohit,47,Mumbai,HR,60108
4073,Neha,37,Mumbai,HR,86461
4074,Rohit,49,Hyderabad,IT,80158
4075,Vikas,48,Pune,Operations,101757
4076,Priya,29,Pune,Operations,33928
4077,Neha,41,Pune,IT,130447
4078,Neha,24,Mumbai,IT,42723
4079,Vikas,31,Delhi,HR,109594
4080,Karan,41,Mumbai,IT,134127
4081,Vikas,49,Pune,IT,128545
4082,Pooja,53,Hyderabad,Marketing,145380
4083,Rahul,47,Noida,IT,51671
4084,Pooja,21,Delhi,Marketing,89744
4085,Anuj,45,Mumbai,HR,89727
4086,Karan,38,Hyderabad,Operations,103966
4087,Karan,20,Hyderabad,Marketing,127897
4088,Karan,44,Hyderabad,HR,57466
4089,Rahul,21,Delhi,Operations,107790
4090,Pooja,20,Noida,Sales,104943
4091,Rohit,34,Lucknow,Sales,97225
4092,Simran,40,Pune,Finance,130782
4093,Rahul,47,Hyderabad,Sales,25309
4094,Priya,29,Bangalore,Sales,36935
4095,Simran,36,Hyderabad,Operations,126698
4096,Vikas,34,Delhi,IT,113270
4097,Priya,40,Pune,IT,139905
4098,Anuj,54,Chennai,Sales,45676
4099,Aman,49,Lucknow,Finance,45964
4100,Aman,32,Jaipur,IT,146946
4101,Rohit,42,Jaipur,Finance,129831
4102,Neha,29,Jaipur,Sales,28644
4103,Priya,32,Bangalore,Sales,35063
4104,Karan,29,Pune,Sales,75535
4105,Pooja,33,Lucknow,HR,53188
4106,Aman,39,Pune,IT,37556
4107,Neha,31,Pune,Sales,90689
4108,Aman,26,Pune,Operations,125189
4109,Rahul,21,Mumbai,Operations,73111
4110,Pooja,54,Bangalore,Marketing,48642
4111,Neha,22,Pune,Sales,29073
4112,Aman,28,Chennai,IT,25773
4113,Neha,54,Mumbai,Operations,107206
4114,Anuj,42,Lucknow,Sales,45091
4115,Anuj,24,Chennai,Operations,56517
4116,Pooja,40,Mumbai,HR,101013
4117,Vikas,40,Delhi,Operations,38029
4118,Rohit,34,Jaipur,Sales,72685
4119,Aman,33,Delhi,Operations,44910
4120,Karan,32,Hyderabad,HR,53344
4121,Aman,39,Lucknow,Sales,34593
4122,Pooja,30,Jaipur,Finance,146658
4123,Rahul,47,Pune,HR,50539
4124,Aman,37,Noida,Sales,56767
4125,Karan,34,Mumbai,Marketing,131651
4126,Priya,33,Bangalore,IT,133261
4127,Priya,42,Bangalore,Finance,76770
4128,Priya,21,Noida,Marketing,108513
4129,Priya,28,Mumbai,Sales,124596
4130,Pooja,48,Lucknow,Marketing,114880
4131,Priya,27,Delhi,IT,53423
4132,Anuj,44,Kolkata,Marketing,113983
4133,Anuj,21,Hyderabad,IT,33725
4134,Simran,48,Lucknow,Finance,63153
4135,Rohit,33,Chennai,Operations,125666
4136,Neha,44,Hyderabad,Finance,25638
4137,Anuj,23,Lucknow,Sales,102810
4138,Neha,48,Lucknow,IT,97523
4139,Simran,48,Lucknow,Finance,48256
4140,Rohit,45,Mumbai,Finance,35426
4141,Anuj,32,Delhi,Marketing,47015
4142,Anuj,33,Noida,Finance,88574
4143,Rohit,44,Mumbai,Marketing,30963
4144,Rohit,27,Pune,Finance,49063
4145,Neha,25,Kolkata,Operations,57034
4146,Vikas,31,Chennai,Operations,41016
4147,Aman,52,Pune,HR,96993
4148,Rahul,53,Noida,IT,102962
4149,Priya,27,Kolkata,Sales,144949
4150,Simran,30,Kolkata,Sales,80895
4151,Karan,33,Bangalore,IT,88426
4152,Vikas,27,Lucknow,HR,49549
4153,Aman,51,Hyderabad,HR,29582
4154,Rahul,42,Bangalore,HR,134280
4155,Anuj,40,Mumbai,HR,39732
4156,Vikas,46,Noida,IT,48977
4157,Vikas,32,Delhi,IT,106582
4158,Pooja,33,Chennai,Finance,70571
4159,Simran,25,Mumbai,IT,104219
4160,Karan,52,Lucknow,Finance,27381
4161,Simran,43,Bangalore,Finance,142645
4162,Neha,50,Noida,HR,136171
4163,Priya,36,Lucknow,Marketing,149332
4164,Aman,52,Pune,Finance,57097
4165,Neha,27,Kolkata,IT,37803
4166,Pooja,49,Hyderabad,IT,111912
4167,Neha,21,Lucknow,Operations,126355
4168,Rohit,20,Noida,Marketing,84834
4169,Aman,44,Lucknow,HR,88695
4170,Priya,46,Mumbai,HR,108309
4171,Anuj,45,Mumbai,Operations,66969
4172,Rohit,26,Chennai,HR,77278
4173,Rohit,42,Kolkata,Marketing,143495
4174,Aman,43,Noida,IT,100405
4175,Rohit,39,Pune,IT,116421
4176,Anuj,24,Noida,HR,115342
4177,Karan,47,Kolkata,Operations,26801
4178,Simran,39,Hyderabad,Operations,26022
4179,Aman,34,Pune,IT,116639
4180,Rahul,25,Chennai,Finance,25747
4181,Neha,44,Mumbai,Finance,115473
4182,Anuj,50,Chennai,HR,38788
4183,Priya,21,Bangalore,Sales,111003
4184,Vikas,37,Kolkata,Marketing,101262
4185,Simran,40,Hyderabad,Finance,108735
4186,Karan,22,Mumbai,Operations,123542
4187,Anuj,29,Jaipur,Sales,123131
4188,Karan,35,Chennai,Marketing,35378
4189,Anuj,31,Bangalore,IT,149677
4190,Rahul,20,Chennai,Marketing,85675
4191,Anuj,28,Noida,Sales,74311
4192,Anuj,53,Mumbai,HR,138877
4193,Rahul,29,Delhi,IT,69925
4194,Priya,28,Lucknow,IT,135479
4195,Pooja,50,Chennai,HR,140811
4196,Priya,22,Noida,IT,52861
4197,Rahul,23,Kolkata,HR,132587
4198,Simran,33,Pune,IT,124321
4199,Vikas,38,Delhi,Operations,47828
4200,Pooja,43,Delhi,Marketing,148078
4201,Aman,46,Lucknow,Finance,63538
4202,Rohit,30,Lucknow,Marketing,136402
4203,Anuj,46,Mumbai,Marketing,65489
4204,Vikas,31,Jaipur,Operations,94415
4205,Priya,31,Bangalore,Finance,56255
4206,Rahul,53,Hyderabad,IT,58708
4207,Simran,29,Mumbai,Operations,53667
4208,Vikas,31,Bangalore,Operations,127781
4209,Karan,43,Delhi,Sales,138228
4210,Karan,27,Pune,IT,91887
4211,Aman,30,Mumbai,HR,144232
4212,Priya,21,Noida,Sales,126989
4213,Rahul,51,Noida,Operations,88040
4214,Simran,33,Hyderabad,HR,39907
4215,Karan,39,Pune,HR,73852
4216,Rahul,45,Hyderabad,Sales,144687
4217,Vikas,43,Hyderabad,Operations,34532
4218,Rahul,36,Delhi,Sales,65975
4219,Rahul,40,Hyderabad,Operations,62313
4220,Pooja,21,Noida,Sales,119212
4221,Rohit,21,Bangalore,Sales,89593
4222,Karan,41,Pune,Operations,64904
4223,Rohit,21,Mumbai,Marketing,82063
4224,Vikas,50,Noida,IT,106108
4225,Simran,22,Lucknow,HR,40108
4226,Rohit,29,Noida,Marketing,39885
4227,Neha,46,Bangalore,Marketing,85974
4228,Priya,22,Pune,Sales,107097
4229,Vikas,54,Delhi,Finance,32678
4230,Aman,44,Jaipur,Operations,142690
4231,Anuj,53,Kolkata,Finance,118786
4232,Simran,30,Kolkata,Operations,115433
4233,Pooja,30,Lucknow,HR,97410
4234,Rohit,26,Kolkata,Sales,84270
4235,Pooja,20,Mumbai,HR,26414
4236,Neha,42,Bangalore,HR,42481
4237,Rohit,34,Kolkata,Operations,88259
4238,Anuj,25,Lucknow,IT,43432
4239,Anuj,46,Mumbai,Operations,94866
4240,Rahul,24,Hyderabad,Operations,49428
4241,Rahul,27,Bangalore,HR,143766
4242,Karan,50,Mumbai,Finance,29348
4243,Pooja,49,Mumbai,Finance,135594
4244,Aman,46,Noida,Sales,58359
4245,Rahul,54,Jaipur,HR,31976
4246,Simran,48,Jaipur,Operations,31106
4247,Rahul,28,Pune,Operations,106689
4248,Rahul,20,Bangalore,Sales,56118
4249,Vikas,39,Hyderabad,Marketing,111086
4250,Rohit,50,Jaipur,HR,121046
4251,Pooja,50,Noida,IT,119239
4252,Vikas,36,Lucknow,IT,93114
4253,Vikas,28,Mumbai,IT,26267
4254,Pooja,40,Delhi,IT,137859
4255,Anuj,54,Bangalore,HR,138976
4256,Rahul,43,Jaipur,Sales,96475
4257,Aman,26,Kolkata,HR,147302
4258,Anuj,50,Kolkata,HR,120301
4259,Vikas,51,Delhi,Marketing,51490
4260,Neha,32,Chennai,Operations,62097
4261,Neha,28,Kolkata,Finance,107195
4262,Priya,34,Chennai,Sales,118506
4263,Rahul,52,Lucknow,Finance,99435
4264,Rahul,28,Pune,Finance,109084
4265,Anuj,29,Pune,Operations,39946
4266,Anuj,34,Pune,Marketing,48425
4267,Aman,25,Mumbai,Marketing,134756
4268,Aman,26,Lucknow,Marketing,51856
4269,Neha,45,Lucknow,Sales,46984
4270,Neha,38,Jaipur,Finance,39844
4271,Pooja,26,Chennai,IT,74864
4272,Karan,35,Hyderabad,Sales,112302
4273,Vikas,34,Noida,IT,114294
4274,Rahul,36,Hyderabad,Finance,26653
4275,Neha,31,Lucknow,HR,28277
4276,Neha,39,Delhi,Marketing,74107
4277,Aman,41,Mumbai,Marketing,137868
4278,Rahul,49,Hyderabad,IT,103682
4279,Priya,53,Kolkata,Sales,139089
4280,Priya,53,Jaipur,IT,118085
4281,Pooja,37,Bangalore,HR,53140
4282,Vikas,28,Chennai,HR,48324
4283,Priya,40,Bangalore,Marketing,59773
4284,Pooja,47,Delhi,Marketing,116474
4285,Priya,43,Jaipur,IT,34971
4286,Aman,29,Hyderabad,Operations,96615
4287,Rahul,22,Jaipur,Marketing,55596
4288,Aman,44,Hyderabad,Finance,43197
4289,Anuj,23,Jaipur,IT,114553
4290,Aman,32,Jaipur,Marketing,121472
4291,Rahul,31,Pune,Finance,123845
4292,Priya,20,Jaipur,IT,70914
4293,Karan,29,Mumbai,HR,49497
4294,Pooja,22,Hyderabad,Sales,118244
4295,Karan,35,Chennai,Sales,84096
4296,Pooja,30,Kolkata,Marketing,75381
4297,Aman,45,Mumbai,Sales,45994
4298,Karan,40,Chennai,HR,72309
4299,Priya,20,Mumbai,Operations,44340
4300,Neha,50,Delhi,HR,110923
4301,Karan,50,Jaipur,Operations,138894
4302,Anuj,42,Bangalore,HR,30627
4303,Aman,32,Chennai,Operations,140874
4304,Pooja,45,Kolkata,Operations,46499
4305,Pooja,48,Mumbai,HR,36568
4306,Rahul,33,Lucknow,Marketing,53867
4307,Priya,49,Mumbai,Sales,39641
4308,Pooja,36,Hyderabad,IT,37940
4309,Anuj,54,Bangalore,HR,82232
4310,Rahul,48,Pune,Operations,86252
4311,Vikas,27,Hyderabad,HR,98924
4312,Neha,37,Hyderabad,Marketing,70393
4313,Anuj,52,Noida,Finance,120098
4314,Simran,41,Lucknow,Finance,63028
4315,Karan,41,Chennai,HR,46708
4316,Karan,31,Mumbai,Finance,94354
4317,Rohit,36,Jaipur,Finance,143666
4318,Neha,41,Mumbai,Marketing,122663
4319,Simran,51,Mumbai,Marketing,53194
4320,Simran,55,Mumbai,IT,46950
4321,Karan,49,Hyderabad,IT,141724
4322,Rahul,26,Delhi,Operations,75630
4323,Priya,41,Noida,Sales,89763
4324,Rohit,53,Jaipur,Finance,114080
4325,Pooja,36,Mumbai,Marketing,28482
4326,Neha,24,Hyderabad,Marketing,38305
4327,Priya,43,Chennai,Sales,123212
4328,Aman,47,Mumbai,IT,124281
4329,Simran,21,Bangalore,Operations,35936
4330,Karan,54,Kolkata,HR,77545
4331,Anuj,28,Mumbai,HR,83449
4332,Anuj,26,Jaipur,Finance,91261
4333,Aman,34,Chennai,Finance,39524
4334,Simran,49,Pune,Sales,39803
4335,Pooja,27,Lucknow,Finance,130277
4336,Pooja,27,Bangalore,HR,81755
4337,Aman,55,Mumbai,HR,145980
4338,Rahul,38,Delhi,Operations,86378
4339,Pooja,28,Noida,IT,129158
4340,Neha,42,Mumbai,IT,133702
4341,Rohit,39,Mumbai,Finance,122251
4342,Neha,48,Pune,IT,95387
4343,Vikas,47,Bangalore,Marketing,78927
4344,Anuj,55,Noida,Marketing,121581
4345,Simran,25,Bangalore,HR,42786
4346,Rohit,52,Lucknow,Marketing,149922
4347,Simran,31,Lucknow,Marketing,103355
4348,Priya,45,Mumbai,Finance,25925
4349,Priya,52,Lucknow,IT,48529
4350,Rohit,32,Delhi,IT,66924
4351,Rahul,29,Delhi,HR,37563
4352,Pooja,34,Lucknow,Operations,68659
4353,Pooja,21,Chennai,Sales,49746
4354,Karan,32,Chennai,Sales,91479
4355,Pooja,42,Mumbai,IT,77032
4356,Rahul,53,Kolkata,Sales,139645
4357,Pooja,29,Delhi,Sales,58631
4358,Pooja,53,Mumbai,Finance,123829
4359,Neha,53,Chennai,Operations,47188
4360,Rahul,23,Chennai,Marketing,81663
4361,Pooja,54,Delhi,Marketing,82989
4362,Anuj,43,Bangalore,Finance,55652
4363,Rahul,54,Hyderabad,IT,127198
4364,Priya,34,Delhi,IT,27063
4365,Priya,53,Lucknow,Marketing,47365
4366,Anuj,30,Hyderabad,Sales,47428
4367,Simran,43,Chennai,HR,30347
4368,Simran,30,Pune,Finance,105581
4369,Anuj,26,Mumbai,Finance,100153
4370,Rahul,30,Noida,Operations,64173
4371,Karan,34,Kolkata,Operations,35966
4372,Karan,29,Bangalore,IT,88350
4373,Vikas,54,Delhi,Sales,114885
4374,Simran,47,Delhi,Operations,130764
4375,Simran,32,Pune,Marketing,147037
4376,Rohit,37,Lucknow,Operations,148577
4377,Pooja,23,Noida,Marketing,69303
4378,Neha,45,Delhi,Marketing,52356
4379,Neha,38,Noida,Marketing,108979
4380,Anuj,44,Lucknow,Marketing,137345
4381,Rohit,53,Pune,Operations,28035
4382,Pooja,46,Pune,Sales,62082
4383,Neha,50,Hyderabad,IT,148918
4384,Simran,49,Pune,Operations,113304
4385,Karan,40,Jaipur,Finance,26563
4386,Karan,28,Lucknow,HR,72318
4387,Pooja,39,Mumbai,Finance,128801
4388,Neha,20,Mumbai,IT,50871
4389,Pooja,24,Mumbai,Operations,35171
4390,Rahul,36,Bangalore,IT,104735
4391,Rahul,55,Kolkata,Operations,93407
4392,Rohit,39,Noida,Sales,61832
4393,Anuj,33,Noida,Operations,127145
4394,Neha,24,Lucknow,Marketing,34733
4395,Neha,23,Pune,Marketing,32949
4396,Vikas,46,Chennai,Operations,112129
4397,Simran,28,Delhi,Finance,69920
4398,Simran,29,Delhi,Marketing,28600
4399,Neha,50,Chennai,Marketing,83636
4400,Rahul,30,Delhi,Sales,67251
4401,Anuj,35,Jaipur,Finance,129250
4402,Aman,45,Mumbai,IT,66907
4403,Pooja,30,Kolkata,Operations,25344
4404,Aman,46,Kolkata,HR,94155
4405,Priya,45,Delhi,Operations,59007
4406,Rahul,32,Hyderabad,Finance,90772
4407,Vikas,35,Chennai,IT,66931
4408,Karan,42,Bangalore,Sales,46471
4409,Rohit,24,Chennai,Sales,96794
4410,Rohit,34,Noida,Marketing,63169
4411,Rahul,37,Chennai,Operations,79114
4412,Priya,28,Delhi,Finance,146777
4413,Rohit,45,Kolkata,Operations,89145
4414,Pooja,27,Chennai,Marketing,83534
4415,Rohit,29,Mumbai,Marketing,33163
4416,Neha,33,Chennai,Operations,55498
4417,Rahul,48,Bangalore,HR,127454
4418,Priya,29,Pune,Sales,90086
4419,Anuj,37,Jaipur,Marketing,91087
4420,Karan,40,Hyderabad,HR,57833
4421,Rahul,20,Delhi,Operations,82168
4422,Pooja,27,Delhi,Operations,84255
4423,Pooja,53,Lucknow,Marketing,104950
4424,Karan,39,Hyderabad,Marketing,89505
4425,Simran,53,Pune,Marketing,31489
4426,Aman,26,Kolkata,Finance,121185
4427,Pooja,50,Mumbai,Marketing,25909
4428,Anuj,34,Pune,Operations,98286
4429,Simran,48,Bangalore,IT,110858
4430,Anuj,39,Chennai,Marketing,120168
4431,Simran,27,Noida,HR,54782
4432,Priya,54,Kolkata,Sales,28105
4433,Karan,49,Chennai,Marketing,110250
4434,Pooja,29,Mumbai,Finance,83917
4435,Simran,24,Pune,Finance,76472
4436,Aman,41,Noida,Operations,60730
4437,Karan,37,Pune,Sales,111491
4438,Aman,22,Pune,IT,63550
4439,Aman,44,Chennai,Operations,133891
4440,Rahul,36,Noida,Marketing,30287
4441,Priya,27,Delhi,IT,69530
4442,Karan,49,Lucknow,Operations,147390
4443,Karan,47,Bangalore,IT,91838
4444,Neha,30,Bangalore,Finance,55447
4445,Simran,51,Noida,Sales,67196
4446,Priya,38,Chennai,Finance,67948
4447,Priya,34,Bangalore,Marketing,119094
4448,Karan,53,Mumbai,HR,142414
4449,Rohit,26,Pune,Marketing,26019
4450,Vikas,25,Noida,Marketing,36037
4451,Priya,43,Chennai,Marketing,90214
4452,Neha,35,Hyderabad,Operations,143327
4453,Vikas,51,Bangalore,Operations,46419
4454,Pooja,47,Bangalore,HR,82916
4455,Aman,46,Noida,HR,46888
4456,Aman,23,Pune,HR,84580
4457,Priya,26,Kolkata,Finance,109048
4458,Karan,37,Mumbai,Operations,102980
4459,Simran,37,Kolkata,Operations,83024
4460,Vikas,36,Kolkata,Operations,56768
4461,Simran,52,Chennai,HR,146876
4462,Neha,41,Jaipur,HR,120038
4463,Simran,46,Hyderabad,HR,43028
4464,Rohit,36,Kolkata,IT,96892
4465,Rohit,42,Chennai,IT,49562
4466,Rohit,25,Delhi,Finance,99017
4467,Karan,20,Chennai,Finance,28381
4468,Vikas,26,Pune,Marketing,40440
4469,Neha,51,Bangalore,Sales,135985
4470,Aman,35,Lucknow,Operations,115387
4471,Aman,51,Bangalore,Finance,96715
4472,Simran,34,Mumbai,Sales,143983
4473,Simran,47,Lucknow,Finance,55966
4474,Neha,37,Delhi,Operations,42096
4475,Rahul,26,Bangalore,HR,26426
4476,Neha,51,Chennai,HR,72317
4477,Simran,55,Noida,Operations,39147
4478,Pooja,44,Kolkata,Sales,36795
4479,Karan,53,Hyderabad,HR,123488
4480,Karan,44,Hyderabad,Finance,45663
4481,Priya,22,Noida,HR,33285
4482,Simran,26,Jaipur,Marketing,133320
4483,Vikas,26,Jaipur,IT,50333
4484,Priya,26,Kolkata,Operations,58504
4485,Anuj,27,Delhi,Finance,28629
4486,Simran,35,Noida,IT,80991
4487,Rahul,43,Kolkata,Operations,142360
4488,Anuj,46,Lucknow,HR,50617
4489,Priya,45,Lucknow,Sales,136389
4490,Aman,22,Lucknow,HR,75246
4491,Anuj,42,Pune,Marketing,95013
4492,Anuj,48,Mumbai,Operations,29067
4493,Rohit,49,Bangalore,Marketing,34567
4494,Vikas,53,Mumbai,Sales,141102
4495,Aman,22,Delhi,Marketing,105996
4496,Vikas,45,Mumbai,Marketing,103189
4497,Vikas,47,Bangalore,HR,30182
4498,Aman,21,Jaipur,Operations,72694
4499,Anuj,33,Pune,Operations,28862
4500,Vikas,31,Kolkata,Operations,48431
4501,Rohit,21,Bangalore,Marketing,64695
4502,Simran,41,Bangalore,Operations,30433
4503,Anuj,26,Bangalore,IT,77589
4504,Neha,38,Noida,Finance,66261
4505,Pooja,46,Kolkata,Marketing,33416
4506,Rahul,21,Mumbai,Operations,33669
4507,Karan,49,Pune,Marketing,113396
4508,Simran,36,Bangalore,Finance,86481
4509,Rohit,42,Hyderabad,HR,108628
4510,Simran,42,Chennai,Marketing,118488
4511,Priya,42,Hyderabad,HR,134041
4512,Rohit,35,Pune,Finance,60804
4513,Simran,37,Jaipur,Marketing,137179
4514,Vikas,48,Chennai,Sales,149644
4515,Anuj,23,Lucknow,Operations,87209
4516,Priya,40,Bangalore,Finance,130116
4517,Priya,49,Kolkata,HR,35176
4518,Priya,36,Lucknow,Finance,119242
4519,Neha,30,Delhi,Operations,36628
4520,Simran,33,Mumbai,Marketing,85409
4521,Anuj,55,Hyderabad,IT,31425
4522,Anuj,55,Bangalore,Finance,112594
4523,Vikas,40,Jaipur,Finance,76495
4524,Rohit,45,Hyderabad,Marketing,60588
4525,Karan,42,Pune,HR,95879
4526,Pooja,31,Chennai,Sales,71090
4527,Rohit,51,Mumbai,HR,148097
4528,Neha,25,Chennai,Operations,131430
4529,Karan,41,Jaipur,IT,137434
4530,Simran,42,Lucknow,Finance,82662
4531,Karan,54,Delhi,Operations,99283
4532,Rohit,34,Bangalore,Sales,82098
4533,Rohit,40,Kolkata,IT,144584
4534,Vikas,39,Mumbai,Finance,91874
4535,Pooja,26,Pune,Operations,97895
4536,Aman,25,Jaipur,Operations,78154
4537,Rahul,45,Chennai,IT,149797
4538,Aman,40,Bangalore,Operations,50590
4539,Aman,51,Noida,Finance,107674
4540,Simran,31,Delhi,Finance,111161
4541,Rahul,44,Delhi,Finance,36739
4542,Priya,32,Lucknow,IT,46433
4543,Anuj,36,Hyderabad,Operations,142209
4544,Priya,51,Pune,Operations,127947
4545,Vikas,42,Jaipur,Sales,128962
4546,Simran,41,Hyderabad,HR,58373
4547,Vikas,48,Hyderabad,Operations,133718
4548,Aman,43,Kolkata,IT,32341
4549,Aman,30,Bangalore,Operations,83698
4550,Karan,30,Mumbai,Operations,121767
4551,Vikas,40,Noida,IT,111539
4552,Anuj,21,Chennai,Finance,104189
4553,Neha,27,Bangalore,Marketing,28308
4554,Pooja,32,Pune,Marketing,65357
4555,Aman,39,Hyderabad,Sales,108194
4556,Anuj,52,Lucknow,Finance,64028
4557,Aman,55,Lucknow,Marketing,96175
4558,Neha,38,Delhi,Sales,114750
4559,Karan,55,Delhi,Sales,35518
4560,Anuj,54,Lucknow,Sales,148212
4561,Karan,31,Pune,Sales,57303
4562,Vikas,45,Kolkata,Operations,96094
4563,Pooja,24,Jaipur,Operations,111198
4564,Karan,32,Noida,Marketing,93316
4565,Simran,25,Bangalore,HR,40790
4566,Neha,25,Chennai,HR,100700
4567,Rahul,45,Delhi,IT,33184
4568,Neha,36,Bangalore,Sales,144788
4569,Simran,29,Kolkata,Sales,41291
4570,Rohit,41,Chennai,Finance,38080
4571,Aman,54,Noida,Marketing,123705
4572,Simran,42,Bangalore,Marketing,149365
4573,Rahul,45,Pune,Marketing,135692
4574,Simran,28,Kolkata,HR,60962
4575,Aman,44,Jaipur,Sales,132603
4576,Priya,26,Jaipur,Marketing,144116
4577,Simran,38,Bangalore,HR,68944
4578,Simran,25,Bangalore,Operations,116580
4579,Priya,40,Pune,IT,78329
4580,Rahul,34,Kolkata,Operations,90516
4581,Neha,48,Delhi,Sales,129297
4582,Rohit,22,Chennai,Sales,116121
4583,Rohit,35,Chennai,IT,77706
4584,Neha,55,Noida,Sales,85912
4585,Neha,29,Jaipur,Operations,82537
4586,Neha,37,Kolkata,Finance,79538
4587,Vikas,21,Hyderabad,HR,143242
4588,Rohit,51,Chennai,Sales,34335
4589,Karan,34,Bangalore,Sales,101607
4590,Simran,34,Chennai,Finance,137788
4591,Pooja,35,Kolkata,Sales,69345
4592,Simran,34,Mumbai,HR,41940
4593,Anuj,48,Chennai,Operations,60123
4594,Rahul,33,Pune,Operations,98989
4595,Neha,29,Chennai,Operations,77311
4596,Pooja,20,Jaipur,HR,121704
4597,Rohit,38,Noida,IT,28799
4598,Karan,35,Hyderabad,HR,37639
4599,Karan,21,Bangalore,Marketing,88430
4600,Rohit,50,Noida,Finance,30113
4601,Anuj,48,Jaipur,Sales,99480
4602,Neha,46,Hyderabad,HR,45090
4603,Priya,55,Jaipur,Marketing,128566
4604,Rahul,55,Lucknow,Operations,37393
4605,Priya,32,Lucknow,IT,83962
4606,Vikas,46,Delhi,Sales,80334
4607,Simran,31,Delhi,Sales,65163
4608,Vikas,53,Mumbai,Sales,68398
4609,Anuj,45,Kolkata,Sales,34843
4610,Simran,44,Kolkata,HR,147157
4611,Neha,36,Mumbai,Finance,142898
4612,Simran,43,Lucknow,Finance,88330
4613,Simran,36,Noida,IT,139032
4614,Pooja,47,Delhi,HR,149207
4615,Pooja,43,Jaipur,Finance,86171
4616,Anuj,43,Bangalore,Marketing,124402
4617,Vikas,35,Hyderabad,HR,129665
4618,Rohit,40,Delhi,IT,30258
4619,Neha,54,Kolkata,Marketing,41899
4620,Simran,42,Jaipur,Sales,140908
4621,Rahul,24,Chennai,Operations,44997
4622,Rahul,28,Delhi,HR,112225
4623,Aman,40,Bangalore,HR,51953
4624,Simran,35,Pune,HR,97760
4625,Simran,54,Hyderabad,HR,25550
4626,Anuj,28,Chennai,Operations,57975
4627,Rahul,26,Chennai,Finance,117270
4628,Rohit,52,Delhi,IT,70876
4629,Rohit,50,Hyderabad,Sales,55146
4630,Priya,54,Delhi,IT,65020
4631,Rahul,40,Pune,IT,84259
4632,Rohit,26,Pune,Finance,91165
4633,Simran,34,Kolkata,IT,139553
4634,Priya,42,Bangalore,Finance,46255
4635,Rahul,55,Chennai,HR,82727
4636,Aman,34,Lucknow,IT,85351
4637,Anuj,49,Jaipur,Sales,111129
4638,Pooja,37,Pune,Finance,42823
4639,Neha,23,Pune,HR,67283
4640,Anuj,49,Delhi,HR,137989
4641,Rahul,48,Chennai,HR,49850
4642,Rahul,51,Kolkata,Marketing,120489
4643,Anuj,47,Kolkata,HR,44499
4644,Aman,24,Pune,Finance,32775
4645,Vikas,30,Delhi,Finance,105906
4646,Simran,21,Chennai,IT,145246
4647,Rahul,55,Kolkata,Sales,71309
4648,Karan,48,Noida,IT,108376
4649,Rohit,55,Jaipur,Marketing,102077
4650,Vikas,23,Mumbai,Marketing,109453
4651,Priya,42,Mumbai,Sales,115403
4652,Priya,50,Mumbai,Operations,48931
4653,Pooja,29,Chennai,Marketing,94745
4654,Priya,24,Chennai,IT,60097
4655,Priya,42,Kolkata,Operations,93699
4656,Neha,24,Lucknow,Sales,98928
4657,Anuj,37,Bangalore,Finance,97827
4658,Priya,36,Noida,Operations,87167
4659,Rahul,21,Lucknow,Operations,127739
4660,Simran,51,Delhi,IT,55896
4661,Anuj,47,Jaipur,Finance,72285
4662,Karan,28,Kolkata,HR,117897
4663,Rahul,45,Jaipur,IT,90802
4664,Karan,33,Jaipur,Finance,90385
4665,Anuj,48,Chennai,Operations,47891
4666,Rahul,39,Hyderabad,Finance,85106
4667,Neha,54,Pune,IT,47465
4668,Simran,39,Jaipur,Sales,106185
4669,Rahul,41,Hyderabad,Sales,104650
4670,Vikas,34,Lucknow,Sales,139872
4671,Vikas,52,Delhi,Marketing,149467
4672,Karan,46,Chennai,Operations,49926
4673,Rahul,29,Kolkata,Sales,53175
4674,Vikas,54,Pune,Operations,107394
4675,Pooja,40,Lucknow,Operations,119994
4676,Priya,20,Chennai,Operations,69492
4677,Priya,23,Pune,IT,116827
4678,Anuj,42,Bangalore,HR,86944
4679,Pooja,27,Mumbai,Finance,141883
4680,Aman,24,Jaipur,HR,114713
4681,Simran,24,Lucknow,HR,107184
4682,Rohit,53,Jaipur,Finance,27083
4683,Aman,46,Kolkata,Marketing,46418
4684,Priya,30,Chennai,Operations,116754
4685,Simran,32,Delhi,HR,143114
4686,Vikas,35,Hyderabad,Sales,58414
4687,Aman,31,Hyderabad,Operations,28933
4688,Vikas,31,Delhi,IT,142215
4689,Neha,21,Bangalore,HR,131899
4690,Anuj,51,Lucknow,HR,105269
4691,Simran,27,Mumbai,HR,56808
4692,Simran,41,Mumbai,HR,100409
4693,Aman,25,Noida,HR,90933
4694,Rahul,26,Kolkata,Marketing,77544
4695,Anuj,45,Delhi,HR,112291
4696,Anuj,44,Bangalore,IT,80533
4697,Karan,46,Jaipur,Sales,50617
4698,Karan,44,Chennai,Finance,118568
4699,Priya,50,Noida,Sales,104485
4700,Simran,28,Jaipur,Operations,129845
4701,Simran,41,Chennai,HR,94272
4702,Rahul,31,Kolkata,Finance,65414
4703,Vikas,26,Delhi,IT,125373
4704,Rohit,39,Chennai,Finance,75347
4705,Neha,42,Chennai,Finance,62510
4706,Rohit,31,Pune,Finance,94955
4707,Priya,47,Mumbai,Marketing,62486
4708,Simran,36,Delhi,Marketing,59939
4709,Aman,51,Noida,Operations,42736
4710,Aman,25,Chennai,HR,113778
4711,Aman,31,Mumbai,Sales,84626
4712,Rohit,36,Lucknow,Sales,57566
4713,Karan,45,Delhi,Operations,101747
4714,Vikas,32,Kolkata,Sales,98038
4715,Rohit,34,Pune,Finance,55476
4716,Rahul,42,Lucknow,Finance,66824
4717,Aman,25,Lucknow,Sales,119743
4718,Karan,41,Mumbai,Marketing,124456
4719,Anuj,48,Jaipur,Operations,76498
4720,Simran,26,Lucknow,Marketing,129341
4721,Pooja,53,Noida,IT,113740
4722,Simran,36,Lucknow,HR,70456
4723,Rahul,21,Jaipur,Operations,42153
4724,Vikas,23,Mumbai,Finance,118075
4725,Rahul,55,Kolkata,IT,56424
4726,Vikas,23,Noida,IT,104011
4727,Rahul,43,Jaipur,Marketing,35150
4728,Rohit,26,Mumbai,Sales,97492
4729,Karan,30,Chennai,Operations,121081
4730,Pooja,20,Hyderabad,Operations,97464
4731,Neha,53,Pune,Sales,79566
4732,Neha,20,Pune,Finance,111705
4733,Aman,20,Kolkata,Marketing,84503
4734,Rohit,40,Noida,Finance,78118
4735,Rahul,44,Kolkata,Operations,46760
4736,Vikas,39,Delhi,Operations,128420
4737,Karan,21,Jaipur,Sales,45384
4738,Rahul,43,Chennai,Finance,87039
4739,Rohit,24,Bangalore,Marketing,57627
4740,Neha,31,Lucknow,IT,68711
4741,Pooja,32,Bangalore,Sales,138576
4742,Pooja,51,Mumbai,Operations,54589
4743,Neha,31,Chennai,Sales,133846
4744,Karan,54,Lucknow,Sales,55759
4745,Vikas,33,Bangalore,IT,137313
4746,Karan,42,Mumbai,Marketing,65860
4747,Aman,26,Delhi,Finance,142303
4748,Karan,29,Pune,HR,25389
4749,Karan,43,Lucknow,HR,148086
4750,Neha,31,Jaipur,Operations,76174
4751,Neha,48,Pune,IT,107676
4752,Priya,31,Noida,Finance,45714
4753,Aman,52,Pune,IT,32408
4754,Anuj,29,Hyderabad,Finance,136686
4755,Neha,48,Bangalore,Marketing,38678
4756,Rohit,21,Lucknow,IT,78872
4757,Rohit,22,Delhi,Finance,80591
4758,Priya,54,Noida,Operations,50484
4759,Vikas,27,Bangalore,Finance,57223
4760,Neha,39,Hyderabad,IT,60411
4761,Aman,38,Lucknow,Operations,127176
4762,Neha,26,Lucknow,IT,32746
4763,Pooja,42,Chennai,HR,40294
4764,Pooja,31,Kolkata,Operations,59315
4765,Pooja,53,Delhi,IT,115591
4766,Neha,30,Chennai,Sales,140019
4767,Vikas,26,Lucknow,IT,42457
4768,Pooja,51,Mumbai,IT,37041
4769,Simran,32,Noida,Sales,74073
4770,Rahul,29,Lucknow,Marketing,77213
4771,Aman,41,Hyderabad,Sales,115402
4772,Karan,49,Jaipur,HR,50722
4773,Rahul,55,Kolkata,HR,58479
4774,Vikas,44,Pune,Marketing,140636
4775,Aman,48,Delhi,IT,115313
4776,Simran,27,Hyderabad,Finance,70006
4777,Rohit,55,Bangalore,Finance,48206
4778,Vikas,24,Lucknow,Marketing,139513
4779,Rahul,41,Jaipur,Finance,79473
4780,Rahul,35,Mumbai,Sales,52758
4781,Anuj,43,Bangalore,IT,77579
4782,Simran,29,Pune,Finance,47456
4783,Anuj,35,Jaipur,Sales,129819
4784,Karan,51,Jaipur,Operations,138867
4785,Karan,32,Bangalore,IT,94229
4786,Priya,45,Pune,Marketing,97955
4787,Karan,22,Delhi,Operations,79996
4788,Rohit,42,Mumbai,Sales,48848
4789,Anuj,23,Noida,Operations,141246
4790,Simran,50,Kolkata,Sales,53462
4791,Vikas,26,Jaipur,Operations,50553
4792,Simran,53,Noida,Sales,72767
4793,Simran,25,Chennai,Marketing,85210
4794,Pooja,40,Kolkata,Operations,29214
4795,Aman,53,Jaipur,Operations,62134
4796,Neha,54,Delhi,IT,61167
4797,Priya,53,Chennai,Operations,59910
4798,Rohit,45,Chennai,Marketing,72684
4799,Karan,54,Bangalore,Sales,72588
4800,Vikas,32,Pune,Marketing,129754
4801,Aman,38,Noida,Finance,118926
4802,Pooja,40,Hyderabad,Operations,40360
4803,Simran,28,Jaipur,Marketing,122019
4804,Simran,48,Lucknow,Sales,143981
4805,Rahul,32,Delhi,IT,140871
4806,Priya,38,Noida,IT,110512
4807,Neha,47,Chennai,HR,148639
4808,Simran,45,Bangalore,Sales,65171
4809,Anuj,47,Lucknow,IT,51658
4810,Rohit,44,Mumbai,Finance,60506
4811,Karan,25,Jaipur,IT,139198
4812,Aman,51,Noida,Sales,63075
4813,Simran,21,Hyderabad,Sales,147423
4814,Aman,51,Delhi,Finance,44306
4815,Pooja,26,Pune,IT,36016
4816,Aman,40,Kolkata,IT,35157
4817,Aman,55,Delhi,Marketing,38795
4818,Karan,50,Noida,Sales,86235
4819,Karan,44,Kolkata,Sales,69503
4820,Aman,39,Delhi,Marketing,59752
4821,Pooja,51,Lucknow,Sales,141576
4822,Neha,38,Mumbai,Operations,100479
4823,Anuj,23,Chennai,Finance,59731
4824,Rohit,53,Bangalore,Finance,63407
4825,Pooja,22,Delhi,Operations,99400
4826,Rohit,32,Kolkata,HR,68574
4827,Rahul,25,Delhi,Sales,87659
4828,Vikas,39,Pune,Finance,109088
4829,Neha,54,Delhi,IT,62856
4830,Rohit,31,Jaipur,HR,46849
4831,Anuj,40,Jaipur,HR,125310
4832,Rohit,23,Delhi,Marketing,131555
4833,Simran,54,Jaipur,Marketing,35623
4834,Neha,21,Noida,HR,107808
4835,Priya,23,Kolkata,Finance,97641
4836,Pooja,39,Mumbai,Operations,94661
4837,Pooja,44,Chennai,Marketing,119187
4838,Anuj,32,Mumbai,Marketing,64227
4839,Anuj,42,Jaipur,Finance,48544
4840,Neha,54,Mumbai,Sales,137236
4841,Rahul,23,Lucknow,Marketing,106980
4842,Simran,47,Chennai,Sales,125699
4843,Vikas,52,Jaipur,IT,64355
4844,Vikas,53,Mumbai,Finance,74619
4845,Karan,31,Bangalore,Sales,56147
4846,Simran,52,Bangalore,Sales,91278
4847,Karan,43,Jaipur,Sales,39373
4848,Aman,22,Hyderabad,Operations,142864
4849,Priya,33,Delhi,Operations,73114
4850,Priya,26,Delhi,Marketing,34777
4851,Neha,49,Kolkata,Operations,46157
4852,Karan,31,Mumbai,Operations,106794
4853,Rahul,34,Jaipur,Operations,39580
4854,Simran,40,Jaipur,IT,41124
4855,Vikas,24,Lucknow,IT,144255
4856,Priya,33,Hyderabad,Sales,78460
4857,Rohit,51,Lucknow,Finance,60797
4858,Simran,33,Mumbai,Marketing,123622
4859,Priya,20,Kolkata,Marketing,89371
4860,Neha,22,Bangalore,IT,109106
4861,Neha,44,Noida,HR,105013
4862,Pooja,33,Noida,HR,47759
4863,Pooja,27,Chennai,Finance,143236
4864,Karan,38,Jaipur,Operations,57987
4865,Anuj,20,Delhi,Finance,111589
4866,Simran,35,Chennai,HR,75776
4867,Aman,41,Lucknow,Marketing,62784
4868,Pooja,31,Noida,Marketing,48335
4869,Aman,44,Lucknow,HR,101891
4870,Rohit,34,Chennai,Sales,103149
4871,Rahul,43,Noida,Operations,140139
4872,Simran,45,Mumbai,HR,90681
4873,Vikas,22,Kolkata,Finance,82954
4874,Rohit,29,Chennai,Finance,47744
4875,Aman,29,Chennai,IT,58185
4876,Aman,35,Mumbai,Marketing,82793
4877,Aman,36,Delhi,Finance,120478
4878,Neha,47,Jaipur,Operations,51777
4879,Karan,39,Delhi,IT,67363
4880,Rahul,33,Jaipur,Operations,53102
4881,Rohit,37,Mumbai,Finance,110434
4882,Priya,46,Delhi,HR,143936
4883,Neha,20,Pune,Finance,106496
4884,Rahul,46,Lucknow,Sales,106044
4885,Pooja,46,Noida,Operations,94246
4886,Pooja,44,Kolkata,Operations,140625
4887,Pooja,37,Delhi,HR,89991
4888,Rohit,32,Mumbai,HR,74107
4889,Karan,51,Chennai,Sales,125227
4890,Aman,36,Pune,HR,109560
4891,Priya,20,Bangalore,Finance,99700
4892,Anuj,45,Bangalore,Sales,131428
4893,Rohit,22,Bangalore,Finance,40499
4894,Anuj,48,Pune,Marketing,72203
4895,Aman,28,Hyderabad,Finance,56439
4896,Karan,34,Lucknow,Operations,136944
4897,Karan,24,Chennai,HR,25275
4898,Aman,27,Mumbai,Finance,33015
4899,Aman,27,Bangalore,Finance,85911
4900,Simran,30,Hyderabad,Marketing,66429
4901,Anuj,51,Jaipur,Marketing,131105
4902,Karan,24,Kolkata,HR,40627
4903,Aman,31,Delhi,IT,59221
4904,Anuj,54,Noida,Finance,73311
4905,Aman,40,Mumbai,IT,148714
4906,Vikas,30,Delhi,Operations,110316
4907,Aman,36,Bangalore,Operations,34868
4908,Simran,45,Mumbai,Marketing,129456
4909,Priya,38,Bangalore,HR,94341
4910,Karan,54,Mumbai,Finance,53867
4911,Karan,38,Hyderabad,HR,137280
4912,Anuj,38,Pune,Finance,61432
4913,Vikas,36,Chennai,Finance,87928
4914,Rahul,26,Lucknow,Finance,140794
4915,Rohit,27,Delhi,IT,99558
4916,Pooja,45,Lucknow,Finance,48255
4917,Karan,32,Noida,IT,145245
4918,Pooja,25,Mumbai,Sales,115094
4919,Pooja,55,Pune,Marketing,142661
4920,Aman,51,Kolkata,Marketing,55750
4921,Rohit,32,Hyderabad,Marketing,31385
4922,Priya,28,Pune,Marketing,69512
4923,Karan,53,Delhi,Finance,86018
4924,Aman,22,Mumbai,Sales,131530
4925,Karan,50,Jaipur,Marketing,141477
4926,Aman,50,Bangalore,HR,98099
4927,Karan,26,Lucknow,Sales,47480
4928,Simran,27,Kolkata,Finance,59088
4929,Vikas,34,Chennai,Marketing,67504
4930,Aman,22,Delhi,IT,122012
4931,Neha,44,Pune,Marketing,50764
4932,Pooja,31,Lucknow,Sales,34990
4933,Karan,25,Chennai,Marketing,28370
4934,Karan,24,Kolkata,Sales,119924
4935,Rahul,35,Delhi,Finance,90951
4936,Rohit,47,Mumbai,Operations,37031
4937,Priya,43,Bangalore,Operations,43391
4938,Priya,48,Pune,IT,57898
4939,Aman,29,Chennai,Operations,78018
4940,Rahul,48,Hyderabad,Operations,64303
4941,Anuj,22,Mumbai,Finance,143500
4942,Rohit,52,Bangalore,HR,149537
4943,Simran,32,Delhi,IT,56275
4944,Simran,33,Hyderabad,Finance,122358
4945,Priya,40,Hyderabad,IT,87704
4946,Aman,22,Pune,IT,95133
4947,Karan,20,Chennai,HR,108879
4948,Rahul,29,Bangalore,Sales,114201
4949,Aman,41,Jaipur,Finance,133251
4950,Pooja,36,Noida,IT,75322
4951,Karan,31,Jaipur,Operations,148177
4952,Karan,42,Kolkata,Marketing,47018
4953,Anuj,49,Hyderabad,Finance,65440
4954,Simran,32,Bangalore,IT,51946
4955,Simran,23,Delhi,HR,122619
4956,Rahul,45,Pune,Finance,31218
4957,Rahul,44,Chennai,Operations,132212
4958,Pooja,29,Bangalore,Operations,108321
4959,Aman,38,Jaipur,Finance,34307
4960,Karan,52,Jaipur,Marketing,145706
4961,Simran,24,Mumbai,Marketing,60212
4962,Anuj,34,Noida,IT,107824
4963,Priya,31,Hyderabad,Sales,79494
4964,Simran,32,Lucknow,IT,26736
4965,Priya,41,Kolkata,Operations,80807
4966,Neha,48,Kolkata,Operations,80144
4967,Anuj,21,Pune,Finance,121518
4968,Simran,48,Jaipur,Finance,122444
4969,Priya,24,Hyderabad,HR,102376
4970,Rohit,35,Bangalore,Finance,76020
4971,Pooja,53,Chennai,Marketing,39972
4972,Priya,38,Chennai,HR,120078
4973,Neha,55,Mumbai,Operations,28471
4974,Karan,30,Pune,IT,74495
4975,Karan,29,Mumbai,Sales,131037
4976,Rahul,55,Pune,Finance,138366
4977,Priya,40,Chennai,Marketing,102979
4978,Aman,23,Delhi,Marketing,107136
4979,Vikas,27,Chennai,Sales,79161
4980,Pooja,24,Chennai,IT,56764
4981,Rohit,46,Kolkata,Sales,123297
4982,Rahul,53,Lucknow,HR,83441
4983,Vikas,54,Lucknow,Sales,144686
4984,Karan,21,Jaipur,Marketing,65568
4985,Simran,30,Chennai,Operations,104578
4986,Priya,40,Bangalore,HR,38426
4987,Vikas,43,Lucknow,Sales,140468
4988,Rohit,22,Noida,HR,131437
4989,Anuj,29,Mumbai,Operations,44272
4990,Anuj,26,Hyderabad,Operations,129723
4991,Karan,34,Lucknow,HR,137499
4992,Simran,20,Bangalore,IT,129307
4993,Rahul,44,Lucknow,Finance,33370
4994,Simran,20,Kolkata,IT,93009
4995,Anuj,23,Mumbai,IT,144650
4996,Priya,44,Mumbai,Marketing,89367
4997,Rohit,27,Delhi,Marketing,103344
4998,Neha,34,Bangalore,IT,116757
4999,Priya,22,Mumbai,Marketing,107421
5000,Neha,54,Lucknow,Marketing,29846
5001,Rahul,24,Jaipur,Operations,75562
5002,Aman,21,Chennai,HR,69324
5003,Priya,50,Mumbai,Marketing,26173
5004,Karan,44,Mumbai,IT,80671
5005,Vikas,38,Chennai,Marketing,35161
5006,Vikas,44,Lucknow,Finance,136346
5007,Simran,48,Lucknow,IT,126285
5008,Priya,35,Mumbai,Operations,59899
5009,Karan,51,Delhi,IT,82379
5010,Neha,36,Chennai,Finance,35947
5011,Karan,42,Chennai,IT,70874
5012,Vikas,49,Chennai,Operations,101193
5013,Priya,50,Noida,Marketing,26178
5014,Rohit,29,Kolkata,Operations,38418
5015,Priya,49,Lucknow,Operations,39087
5016,Simran,54,Lucknow,Finance,143016
5017,Simran,43,Chennai,Finance,46586
5018,Pooja,34,Mumbai,IT,66736
5019,Aman,29,Pune,HR,25291
5020,Neha,38,Hyderabad,Sales,43191
5021,Simran,31,Chennai,IT,120308
5022,Simran,44,Lucknow,Finance,50036
5023,Pooja,36,Lucknow,Finance,35668
5024,Vikas,30,Lucknow,Operations,79436
5025,Vikas,43,Mumbai,IT,30780
5026,Karan,21,Lucknow,Operations,25215
5027,Neha,47,Lucknow,IT,144245
5028,Priya,39,Jaipur,Finance,58334
5029,Aman,29,Pune,HR,124816
5030,Rahul,22,Pune,IT,31907
5031,Rohit,49,Hyderabad,HR,49542
5032,Pooja,46,Jaipur,Sales,144323
5033,Aman,54,Kolkata,Sales,87992
5034,Rahul,34,Chennai,Finance,46634
5035,Rohit,45,Jaipur,Marketing,98127
5036,Simran,28,Jaipur,Marketing,146681
5037,Priya,42,Kolkata,HR,131345
5038,Neha,33,Kolkata,Operations,106393
5039,Simran,45,Kolkata,Finance,95927
5040,Karan,46,Lucknow,Marketing,79476
5041,Anuj,46,Mumbai,Finance,128442
5042,Aman,49,Hyderabad,Finance,137728
5043,Priya,48,Chennai,Operations,92035
5044,Anuj,48,Delhi,Sales,54731
5045,Rahul,44,Bangalore,Operations,108738
5046,Aman,49,Noida,HR,42519
5047,Pooja,43,Pune,Finance,39787
5048,Karan,41,Bangalore,IT,146307
5049,Priya,40,Jaipur,Operations,47629
5050,Rahul,45,Mumbai,IT,32874
5051,Rahul,28,Delhi,HR,97638
5052,Vikas,53,Jaipur,IT,76263
5053,Rohit,33,Bangalore,IT,141465
5054,Neha,35,Lucknow,IT,35478
5055,Rahul,33,Pune,Marketing,59638
5056,Karan,32,Noida,IT,122980
5057,Anuj,32,Hyderabad,IT,117014
5058,Priya,43,Pune,Operations,105884
5059,Priya,49,Lucknow,Finance,96826
5060,Karan,55,Jaipur,IT,63713
5061,Simran,46,Pune,IT,43482
5062,Vikas,43,Lucknow,Finance,73749
5063,Karan,39,Noida,Marketing,29808
5064,Anuj,33,Mumbai,Operations,136472
5065,Aman,45,Mumbai,HR,85567
5066,Pooja,29,Chennai,IT,106065
5067,Pooja,50,Delhi,Operations,76777
5068,Anuj,26,Delhi,Sales,124989
5069,Rohit,54,Delhi,IT,74902
5070,Simran,48,Noida,HR,105987
5071,Vikas,39,Bangalore,IT,104234
5072,Rohit,46,Bangalore,Sales,131746
5073,Anuj,23,Delhi,HR,108447
5074,Karan,32,Kolkata,Operations,123625
5075,Simran,33,Chennai,HR,84330
5076,Simran,41,Mumbai,Marketing,91224
5077,Rohit,55,Lucknow,Finance,139700
5078,Karan,30,Noida,Sales,59244
5079,Aman,44,Bangalore,Operations,46486
5080,Anuj,53,Pune,Operations,29249
5081,Neha,47,Delhi,Sales,147085
5082,Rohit,31,Bangalore,Operations,33081
5083,Anuj,48,Lucknow,Operations,109847
5084,Aman,21,Noida,Marketing,33840
5085,Rahul,33,Pune,Sales,62475
5086,Vikas,44,Bangalore,IT,36111
5087,Priya,31,Noida,IT,61472
5088,Neha,37,Delhi,IT,134857
5089,Priya,29,Pune,Operations,60348
5090,Priya,45,Jaipur,Sales,42880
5091,Karan,32,Lucknow,Marketing,58736
5092,Rohit,29,Kolkata,Finance,76413
5093,Simran,46,Hyderabad,HR,26814
5094,Anuj,40,Mumbai,Marketing,109100
5095,Rahul,49,Jaipur,Marketing,87349
5096,Rahul,35,Kolkata,Finance,54207
5097,Simran,28,Mumbai,HR,135387
5098,Vikas,51,Delhi,Operations,89007
5099,Simran,40,Lucknow,Finance,47227
5100,Karan,53,Lucknow,Operations,57334
5101,Neha,22,Jaipur,Operations,117478
5102,Neha,26,Chennai,Operations,135617
5103,Vikas,24,Hyderabad,Operations,94895
5104,Rohit,25,Chennai,HR,145239
5105,Karan,21,Bangalore,Operations,80461
5106,Rohit,20,Mumbai,Sales,33877
5107,Pooja,23,Mumbai,Marketing,119162
5108,Priya,41,Bangalore,Finance,71394
5109,Karan,25,Delhi,HR,100866
5110,Anuj,40,Hyderabad,Marketing,73262
5111,Vikas,42,Lucknow,Operations,47237
5112,Aman,32,Mumbai,Finance,93002
5113,Priya,29,Delhi,Operations,117357
5114,Simran,33,Jaipur,HR,146452
5115,Rahul,39,Mumbai,HR,135501
5116,Simran,24,Pune,Sales,67212
5117,Rahul,43,Hyderabad,HR,121975
5118,Simran,40,Pune,Sales,103508
5119,Vikas,48,Delhi,Finance,117889
5120,Neha,50,Lucknow,Operations,138657
5121,Rahul,41,Kolkata,Operations,103593
5122,Simran,31,Chennai,Operations,60816
5123,Vikas,38,Chennai,Marketing,84894
5124,Simran,39,Lucknow,Operations,67423
5125,Karan,26,Noida,HR,111467
5126,Vikas,55,Lucknow,Operations,86674
5127,Pooja,30,Bangalore,Operations,116426
5128,Priya,29,Jaipur,Sales,82254
5129,Karan,30,Lucknow,IT,52962
5130,Pooja,46,Chennai,HR,142360
5131,Rohit,27,Mumbai,IT,123765
5132,Neha,54,Lucknow,Finance,142659
5133,Pooja,46,Jaipur,HR,89196
5134,Pooja,30,Delhi,IT,117055
5135,Karan,55,Hyderabad,HR,125255
5136,Anuj,55,Chennai,Operations,104797
5137,Pooja,50,Jaipur,Sales,91039
5138,Rahul,37,Mumbai,Finance,47339
5139,Vikas,35,Delhi,HR,102730
5140,Rahul,27,Noida,IT,55097
5141,Priya,29,Kolkata,Operations,28763
5142,Rohit,48,Hyderabad,HR,69566
5143,Rohit,26,Pune,IT,66207
5144,Neha,22,Delhi,Sales,90393
5145,Priya,28,Kolkata,Sales,87634
5146,Neha,44,Lucknow,Finance,100337
5147,Simran,50,Chennai,Marketing,86502
5148,Simran,44,Chennai,Sales,111517
5149,Anuj,50,Noida,Finance,132583
5150,Vikas,30,Jaipur,Finance,103750
5151,Rohit,21,Chennai,Finance,109058
5152,Vikas,43,Lucknow,Operations,95076
5153,Rahul,48,Hyderabad,Marketing,136230
5154,Priya,31,Kolkata,Operations,134027
5155,Neha,48,Mumbai,Marketing,52390
5156,Rahul,21,Bangalore,Finance,76111
5157,Simran,51,Delhi,Finance,83140
5158,Aman,42,Bangalore,Marketing,81957
5159,Pooja,41,Pune,IT,27079
5160,Neha,25,Bangalore,Operations,86478
5161,Neha,43,Kolkata,Operations,65879
5162,Rohit,24,Bangalore,Finance,119357
5163,Karan,31,Noida,IT,107016
5164,Vikas,28,Mumbai,Marketing,38068
5165,Aman,39,Hyderabad,HR,30290
5166,Rohit,45,Pune,HR,73361
5167,Pooja,29,Noida,Finance,101890
5168,Rohit,27,Pune,IT,53628
5169,Rohit,32,Kolkata,Finance,104330
5170,Rohit,40,Lucknow,HR,60729
5171,Vikas,38,Hyderabad,Marketing,120651
5172,Rohit,25,Chennai,Operations,113165
5173,Rohit,42,Noida,IT,95187
5174,Rohit,51,Delhi,HR,38549
5175,Rohit,21,Delhi,Marketing,66478
5176,Karan,46,Kolkata,HR,25582
5177,Neha,30,Kolkata,Marketing,126171
5178,Aman,43,Kolkata,Operations,61797
5179,Rahul,36,Pune,Finance,132126
5180,Rahul,32,Mumbai,Marketing,136014
5181,Rahul,52,Noida,Marketing,55131
5182,Pooja,37,Kolkata,IT,99684
5183,Karan,53,Hyderabad,HR,32297
5184,Anuj,21,Delhi,HR,55983
5185,Simran,51,Pune,Marketing,69695
5186,Anuj,40,Chennai,Marketing,130970
5187,Pooja,30,Noida,IT,81839
5188,Neha,23,Lucknow,Marketing,122265
5189,Karan,35,Mumbai,IT,28331
5190,Neha,39,Delhi,Sales,139631
5191,Pooja,36,Mumbai,HR,42480
5192,Karan,48,Hyderabad,Marketing,94565
5193,Vikas,47,Lucknow,Finance,71604
5194,Pooja,41,Lucknow,Sales,125597
5195,Aman,22,Lucknow,HR,97291
5196,Simran,37,Noida,Operations,107925
5197,Vikas,49,Lucknow,IT,78715
5198,Priya,25,Pune,Operations,106129
5199,Rohit,41,Jaipur,HR,107932
5200,Karan,55,Kolkata,Finance,75209
5201,Aman,22,Pune,HR,80775
5202,Anuj,28,Pune,HR,118937
5203,Simran,20,Kolkata,HR,26976
5204,Priya,21,Delhi,IT,137013
5205,Pooja,39,Pune,Marketing,105924
5206,Simran,44,Bangalore,Marketing,79938
5207,Anuj,32,Mumbai,Marketing,52718
5208,Simran,50,Bangalore,Marketing,71822
5209,Neha,44,Bangalore,Finance,65272
5210,Priya,44,Bangalore,Sales,113671
5211,Aman,22,Kolkata,Sales,86342
5212,Pooja,37,Bangalore,HR,143908
5213,Rahul,44,Jaipur,HR,145225
5214,Simran,41,Lucknow,Sales,76484
5215,Pooja,43,Delhi,HR,27240
5216,Neha,52,Bangalore,Sales,143850
5217,Anuj,47,Kolkata,Finance,88723
5218,Anuj,46,Chennai,Operations,67815
5219,Rohit,41,Delhi,Marketing,135789
5220,Priya,28,Kolkata,IT,35733
5221,Karan,42,Jaipur,IT,129490
5222,Rahul,36,Chennai,IT,47467
5223,Neha,55,Mumbai,IT,36412
5224,Neha,32,Pune,Operations,32463
5225,Karan,51,Hyderabad,IT,36613
5226,Vikas,38,Noida,Operations,90589
5227,Aman,37,Delhi,Marketing,63137
5228,Simran,25,Kolkata,HR,41977
5229,Vikas,48,Chennai,Operations,76042
5230,Rohit,25,Hyderabad,IT,46652
5231,Vikas,40,Noida,Marketing,111938
5232,Pooja,52,Lucknow,HR,42927
5233,Karan,27,Noida,Finance,74766
5234,Neha,21,Kolkata,Operations,65737
5235,Neha,28,Delhi,Finance,134898
5236,Aman,26,Jaipur,Marketing,110904
5237,Pooja,35,Hyderabad,Marketing,62448
5238,Priya,24,Noida,Marketing,144914
5239,Rohit,31,Kolkata,Operations,38603
5240,Priya,43,Pune,Operations,93995
5241,Neha,24,Mumbai,HR,28059
5242,Neha,29,Jaipur,Marketing,139877
5243,Priya,35,Lucknow,Sales,127898
5244,Vikas,25,Hyderabad,Sales,42125
5245,Pooja,24,Noida,IT,137014
5246,Aman,20,Bangalore,Sales,61362
5247,Karan,20,Hyderabad,HR,70250
5248,Aman,41,Chennai,Marketing,101339
5249,Karan,24,Pune,Finance,63455
5250,Rohit,29,Bangalore,IT,32980
5251,Rahul,49,Delhi,Marketing,90760
5252,Vikas,41,Lucknow,Operations,70749
5253,Rohit,26,Noida,Sales,128045
5254,Simran,27,Jaipur,IT,104500
5255,Priya,23,Hyderabad,Operations,107995
5256,Priya,28,Jaipur,Finance,55688
5257,Rohit,32,Delhi,Operations,67159
5258,Aman,25,Hyderabad,Operations,78120
5259,Aman,31,Hyderabad,Sales,73955
5260,Pooja,25,Jaipur,Operations,56510
5261,Anuj,25,Noida,HR,69088
5262,Aman,20,Noida,Operations,45640
5263,Priya,47,Hyderabad,Marketing,130002
5264,Pooja,34,Kolkata,IT,61230
5265,Aman,33,Bangalore,IT,109005
5266,Simran,23,Bangalore,Sales,57004
5267,Simran,25,Lucknow,Sales,86686
5268,Neha,44,Chennai,Operations,126303
5269,Pooja,40,Hyderabad,Finance,84396
5270,Vikas,53,Pune,HR,125110
5271,Vikas,32,Lucknow,Sales,120668
5272,Simran,50,Noida,HR,148891
5273,Karan,32,Chennai,Marketing,102425
5274,Anuj,51,Delhi,Finance,68365
5275,Priya,31,Kolkata,Operations,29989
5276,Rahul,50,Kolkata,Sales,132866
5277,Aman,38,Delhi,IT,83623
5278,Anuj,23,Delhi,HR,119730
5279,Rohit,48,Bangalore,HR,142245
5280,Vikas,31,Delhi,HR,79703
5281,Pooja,52,Lucknow,Marketing,145736
5282,Rahul,20,Pune,Sales,114365
5283,Pooja,25,Delhi,Marketing,146442
5284,Neha,31,Bangalore,Marketing,72516
5285,Vikas,32,Hyderabad,Finance,126376
5286,Neha,36,Bangalore,Marketing,126458
5287,Neha,29,Noida,IT,67302
5288,Simran,54,Jaipur,Operations,85128
5289,Simran,32,Bangalore,Marketing,142447
5290,Vikas,27,Delhi,Sales,54295
5291,Neha,24,Pune,IT,88680
5292,Anuj,32,Lucknow,HR,139751
5293,Priya,31,Jaipur,Finance,137684
5294,Rahul,40,Mumbai,Operations,58031
5295,Neha,34,Mumbai,HR,98417
5296,Karan,30,Noida,Marketing,131485
5297,Rohit,45,Jaipur,Operations,123236
5298,Karan,38,Delhi,Marketing,129713
5299,Karan,46,Pune,HR,120256
5300,Simran,52,Lucknow,Finance,71218
5301,Aman,38,Chennai,HR,120344
5302,Vikas,33,Chennai,Finance,145649
5303,Neha,47,Mumbai,IT,123292
5304,Neha,36,Delhi,HR,45278
5305,Simran,42,Pune,Sales,68287
5306,Pooja,35,Jaipur,Marketing,34967
5307,Pooja,53,Hyderabad,Sales,47342
5308,Rahul,20,Jaipur,Finance,47352
5309,Priya,36,Jaipur,IT,148622
5310,Karan,38,Chennai,Finance,68379
5311,Vikas,30,Bangalore,Operations,147973
5312,Pooja,24,Delhi,Marketing,132186
5313,Aman,23,Kolkata,HR,122579
5314,Aman,24,Jaipur,Operations,97195
5315,Neha,51,Jaipur,Finance,133717
5316,Priya,42,Delhi,Sales,63068
5317,Karan,23,Mumbai,IT,79959
5318,Karan,47,Chennai,HR,85026
5319,Priya,25,Hyderabad,Finance,128954
5320,Rahul,48,Mumbai,IT,102670
5321,Rahul,20,Lucknow,Finance,135847
5322,Aman,25,Hyderabad,Sales,108915
5323,Neha,40,Noida,Finance,31734
5324,Rohit,43,Chennai,HR,35786
5325,Neha,24,Bangalore,Marketing,111464
5326,Neha,36,Chennai,IT,89457
5327,Vikas,40,Lucknow,HR,130569
5328,Vikas,48,Pune,HR,67548
5329,Karan,42,Pune,Sales,126300
5330,Priya,50,Pune,Marketing,47268
5331,Vikas,43,Hyderabad,Sales,136686
5332,Pooja,51,Chennai,Finance,45682
5333,Neha,39,Mumbai,Finance,136662
5334,Karan,51,Pune,Finance,87953
5335,Simran,40,Delhi,Marketing,102199
5336,Pooja,54,Pune,Marketing,123502
5337,Priya,32,Lucknow,Marketing,108169
5338,Aman,34,Kolkata,Operations,143984
5339,Aman,30,Bangalore,Marketing,47958
5340,Anuj,22,Bangalore,Finance,106417
5341,Aman,42,Delhi,Marketing,60881
5342,Rohit,46,Jaipur,Marketing,98742
5343,Vikas,49,Jaipur,Marketing,114869
5344,Rahul,49,Delhi,Finance,124717
5345,Rohit,40,Chennai,Finance,136084
5346,Aman,45,Kolkata,HR,81112
5347,Priya,49,Delhi,HR,67959
5348,Rahul,49,Jaipur,HR,139998
5349,Rahul,48,Lucknow,HR,46247
5350,Rahul,29,Jaipur,Marketing,52397
5351,Pooja,29,Kolkata,HR,128093
5352,Simran,44,Delhi,Finance,106811
5353,Anuj,46,Lucknow,HR,77089
5354,Anuj,21,Mumbai,IT,90057
5355,Priya,28,Delhi,Sales,58396
5356,Simran,40,Noida,HR,113951
5357,Rahul,44,Lucknow,IT,139481
5358,Rahul,29,Lucknow,IT,101651
5359,Vikas,45,Noida,Marketing,149545
5360,Karan,43,Jaipur,Sales,147627
5361,Aman,20,Bangalore,Operations,98890
5362,Rahul,47,Pune,Marketing,105813
5363,Priya,31,Noida,Operations,31912
5364,Vikas,29,Noida,Sales,43639
5365,Rohit,31,Pune,Finance,32893
5366,Rohit,33,Mumbai,IT,132470
5367,Vikas,26,Chennai,Operations,54369
5368,Pooja,21,Chennai,HR,112133
5369,Aman,45,Noida,Marketing,92765
5370,Aman,50,Noida,Finance,69488
5371,Simran,29,Hyderabad,Sales,60285
5372,Aman,37,Jaipur,Operations,29986
5373,Anuj,41,Bangalore,Finance,82364
5374,Anuj,32,Jaipur,HR,25120
5375,Neha,21,Hyderabad,Operations,32713
5376,Neha,51,Jaipur,IT,98435
5377,Pooja,45,Delhi,Operations,59370
5378,Pooja,30,Hyderabad,Marketing,124563
5379,Simran,39,Mumbai,Sales,36754
5380,Vikas,55,Chennai,HR,69890
5381,Simran,37,Pune,Finance,99756
5382,Pooja,34,Mumbai,Sales,118650
5383,Aman,32,Noida,Marketing,35767
5384,Simran,51,Noida,Marketing,148383
5385,Aman,51,Lucknow,IT,41895
5386,Karan,47,Chennai,IT,62076
5387,Karan,47,Delhi,Sales,43809
5388,Pooja,30,Bangalore,HR,79375
5389,Karan,51,Kolkata,Marketing,98955
5390,Priya,23,Mumbai,HR,121966
5391,Simran,42,Mumbai,HR,66927
5392,Simran,26,Delhi,Finance,86575
5393,Vikas,24,Hyderabad,Marketing,141515
5394,Neha,40,Pune,Sales,66964
5395,Pooja,50,Lucknow,Finance,54016
5396,Simran,38,Kolkata,Operations,134727
5397,Rohit,29,Delhi,Operations,116059
5398,Rahul,35,Kolkata,HR,96218
5399,Pooja,53,Kolkata,Finance,69657
5400,Vikas,51,Bangalore,IT,34068
5401,Neha,33,Hyderabad,IT,117689
5402,Priya,46,Bangalore,HR,51439
5403,Vikas,51,Bangalore,Finance,113567
5404,Aman,20,Kolkata,Marketing,148415
5405,Vikas,39,Delhi,Finance,104727
5406,Anuj,30,Jaipur,Sales,139130
5407,Anuj,41,Mumbai,Operations,88186
5408,Simran,39,Pune,Sales,74167
5409,Aman,47,Noida,Operations,117462
5410,Neha,27,Kolkata,Sales,57460
5411,Vikas,28,Noida,IT,68739
5412,Pooja,53,Bangalore,Finance,46105
5413,Simran,38,Chennai,IT,105612
5414,Anuj,41,Noida,Operations,62266
5415,Pooja,43,Lucknow,Finance,79687
5416,Pooja,28,Lucknow,HR,34217
5417,Vikas,43,Hyderabad,Marketing,65932
5418,Anuj,50,Pune,HR,42149
5419,Priya,24,Lucknow,Marketing,119767
5420,Vikas,21,Bangalore,IT,81935
5421,Karan,48,Chennai,HR,123020
5422,Rohit,43,Kolkata,Sales,46964
5423,Anuj,46,Chennai,IT,27852
5424,Simran,35,Chennai,Finance,60536
5425,Neha,33,Mumbai,IT,32805
5426,Rohit,40,Chennai,Sales,91993
5427,Priya,34,Mumbai,Operations,71421
5428,Simran,40,Pune,Sales,43446
5429,Priya,50,Hyderabad,Finance,27938
5430,Priya,37,Lucknow,Operations,77149
5431,Rohit,55,Chennai,HR,128625
5432,Aman,41,Delhi,Sales,57252
5433,Priya,41,Hyderabad,Sales,51803
5434,Priya,32,Pune,IT,59532
5435,Rohit,28,Delhi,Sales,141017
5436,Vikas,40,Mumbai,Finance,78427
5437,Rahul,34,Chennai,Operations,34991
5438,Priya,35,Noida,Sales,34037
5439,Rohit,35,Jaipur,Operations,94102
5440,Simran,51,Bangalore,Operations,103488
5441,Karan,50,Delhi,Finance,90297
5442,Vikas,21,Mumbai,IT,93888
5443,Vikas,40,Hyderabad,Marketing,90015
5444,Simran,52,Kolkata,Finance,49753
5445,Vikas,26,Jaipur,Operations,83828
5446,Priya,44,Kolkata,Operations,43864
5447,Rohit,29,Delhi,Sales,93325
5448,Rahul,40,Pune,HR,48535
5449,Aman,25,Chennai,HR,110289
5450,Aman,53,Jaipur,Finance,75121
5451,Vikas,51,Chennai,HR,143218
5452,Rahul,49,Delhi,Finance,70787
5453,Pooja,37,Hyderabad,Sales,104066
5454,Karan,24,Delhi,IT,142060
5455,Pooja,48,Chennai,IT,133838
5456,Vikas,44,Pune,Sales,49719
5457,Karan,32,Delhi,Operations,111377
5458,Pooja,37,Chennai,IT,53640
5459,Rohit,29,Chennai,Sales,115641
5460,Neha,43,Pune,Marketing,91530
5461,Anuj,23,Chennai,Operations,30382
5462,Aman,50,Delhi,IT,62598
5463,Anuj,35,Hyderabad,Finance,38423
5464,Simran,34,Delhi,Marketing,118309
5465,Anuj,20,Mumbai,Sales,105343
5466,Aman,40,Jaipur,Marketing,33645
5467,Rahul,42,Noida,Finance,88040
5468,Vikas,50,Chennai,Marketing,36144
5469,Vikas,55,Bangalore,IT,130440
5470,Aman,29,Delhi,Finance,140908
5471,Pooja,37,Lucknow,Finance,130565
5472,Anuj,40,Jaipur,IT,75409
5473,Rohit,51,Lucknow,HR,31326
5474,Rahul,40,Noida,Operations,57140
5475,Aman,54,Delhi,HR,51520
5476,Anuj,32,Pune,HR,133563
5477,Pooja,32,Lucknow,Marketing,121729
5478,Rohit,27,Delhi,Marketing,130300
5479,Neha,38,Lucknow,HR,113784
5480,Priya,23,Noida,Marketing,55330
5481,Vikas,32,Mumbai,Finance,33015
5482,Pooja,53,Delhi,Finance,91139
5483,Neha,52,Pune,Sales,131850
5484,Pooja,38,Delhi,HR,73982
5485,Anuj,35,Mumbai,Finance,63256
5486,Neha,44,Hyderabad,HR,61879
5487,Rahul,47,Mumbai,Operations,36381
5488,Aman,20,Delhi,HR,94355
5489,Anuj,39,Lucknow,IT,110210
5490,Vikas,36,Bangalore,Marketing,64500
5491,Priya,33,Hyderabad,IT,57741
5492,Rahul,29,Mumbai,Sales,80002
5493,Simran,38,Pune,Operations,110549
5494,Pooja,21,Kolkata,Marketing,130426
5495,Aman,21,Hyderabad,Operations,138379
5496,Rohit,46,Lucknow,Marketing,81345
5497,Vikas,25,Kolkata,Sales,32106
5498,Priya,43,Lucknow,HR,112158
5499,Anuj,49,Hyderabad,Sales,48689
5500,Rahul,29,Pune,IT,113733
5501,Rohit,48,Noida,Sales,27083
5502,Priya,44,Lucknow,Operations,107635
5503,Pooja,55,Mumbai,Marketing,104284
5504,Rohit,30,Chennai,Operations,145328
5505,Anuj,48,Delhi,Marketing,51111
5506,Rohit,40,Delhi,Finance,36424
5507,Pooja,26,Lucknow,Finance,54165
5508,Rahul,37,Jaipur,Marketing,86764
5509,Simran,49,Chennai,IT,144353
5510,Rohit,37,Delhi,HR,97525
5511,Pooja,32,Mumbai,Marketing,95816
5512,Priya,49,Kolkata,HR,31328
5513,Vikas,38,Hyderabad,Finance,120834
5514,Neha,30,Kolkata,Marketing,45754
5515,Aman,28,Bangalore,Operations,114673
5516,Anuj,40,Hyderabad,Marketing,144079
5517,Simran,21,Bangalore,Marketing,33757
5518,Simran,27,Bangalore,HR,29117
5519,Rahul,23,Lucknow,Sales,101067
5520,Vikas,40,Mumbai,Marketing,56495
5521,Pooja,55,Delhi,Marketing,146870
5522,Vikas,50,Hyderabad,Sales,79460
5523,Rohit,43,Bangalore,Operations,88638
5524,Neha,29,Jaipur,Marketing,120009
5525,Anuj,40,Lucknow,HR,119791
5526,Rohit,44,Bangalore,Finance,147133
5527,Rahul,55,Bangalore,IT,79158
5528,Rohit,21,Hyderabad,HR,90361
5529,Priya,47,Pune,Sales,148147
5530,Neha,40,Jaipur,IT,84989
5531,Anuj,45,Noida,Sales,127645
5532,Aman,31,Noida,IT,85788
5533,Vikas,40,Jaipur,Operations,84627
5534,Karan,22,Delhi,Sales,56479
5535,Rahul,38,Jaipur,Operations,136845
5536,Priya,40,Noida,Sales,79530
5537,Rohit,22,Jaipur,Marketing,69835
5538,Anuj,52,Lucknow,Marketing,125302
5539,Anuj,23,Chennai,Marketing,84787
5540,Karan,28,Hyderabad,Finance,74476
5541,Pooja,51,Hyderabad,IT,65783
5542,Karan,24,Jaipur,Operations,71803
5543,Aman,24,Pune,Sales,70690
5544,Neha,28,Bangalore,Sales,64163
5545,Rahul,29,Bangalore,Operations,68361
5546,Rohit,26,Hyderabad,Sales,105934
5547,Aman,53,Chennai,IT,141080
5548,Pooja,30,Chennai,Sales,32624
5549,Rahul,35,Mumbai,Finance,52266
5550,Karan,25,Mumbai,Finance,57793
5551,Neha,43,Lucknow,Marketing,142901
5552,Anuj,42,Hyderabad,Finance,91094
5553,Anuj,41,Mumbai,HR,39526
5554,Neha,25,Noida,Sales,105397
5555,Aman,46,Kolkata,Finance,68361
5556,Simran,41,Lucknow,Operations,130633
5557,Rahul,24,Kolkata,Finance,137835
5558,Aman,51,Delhi,Marketing,116201
5559,Pooja,45,Hyderabad,Finance,57783
5560,Rohit,54,Chennai,Sales,51482
5561,Neha,23,Chennai,Finance,71953
5562,Simran,53,Delhi,Marketing,126124
5563,Neha,46,Pune,Operations,121872
5564,Pooja,45,Chennai,Operations,119623
5565,Rohit,29,Noida,HR,39554
5566,Anuj,55,Chennai,Sales,39139
5567,Priya,25,Mumbai,Finance,143193
5568,Neha,33,Bangalore,Sales,31622
5569,Aman,48,Jaipur,Marketing,43312
5570,Vikas,30,Chennai,Finance,75045
5571,Anuj,27,Delhi,Operations,106823
5572,Pooja,36,Kolkata,Finance,51780
5573,Pooja,34,Delhi,IT,100261
5574,Simran,35,Bangalore,Operations,66305
5575,Vikas,23,Kolkata,Sales,73688
5576,Simran,55,Mumbai,Sales,51925
5577,Pooja,21,Chennai,IT,55807
5578,Rohit,23,Chennai,Marketing,132817
5579,Karan,34,Delhi,Finance,31463
5580,Aman,50,Mumbai,Finance,95432
5581,Simran,22,Pune,Marketing,106037
5582,Neha,22,Hyderabad,Sales,120890
5583,Neha,34,Noida,HR,123449
5584,Pooja,34,Hyderabad,Finance,42733
5585,Vikas,29,Jaipur,IT,50184
5586,Karan,28,Hyderabad,Operations,115590
5587,Simran,52,Delhi,IT,57701
5588,Aman,40,Noida,Finance,49719
5589,Rahul,40,Hyderabad,Sales,110563
5590,Simran,44,Pune,Operations,149019
5591,Aman,45,Delhi,Marketing,140183
5592,Pooja,21,Noida,Sales,35780
5593,Vikas,52,Kolkata,Sales,51971
5594,Vikas,38,Pune,HR,72870
5595,Simran,51,Noida,Operations,113960
5596,Neha,21,Chennai,Operations,122675
5597,Pooja,46,Kolkata,HR,34153
5598,Anuj,55,Noida,Operations,65806
5599,Simran,24,Hyderabad,Operations,110829
5600,Priya,22,Chennai,HR,93160
5601,Aman,32,Delhi,Finance,66274
5602,Anuj,22,Hyderabad,Sales,69087
5603,Karan,33,Jaipur,HR,122873
5604,Neha,34,Kolkata,Finance,127952
5605,Karan,51,Lucknow,Sales,28734
5606,Rohit,20,Delhi,Sales,85884
5607,Neha,42,Hyderabad,Operations,27993
5608,Rahul,25,Mumbai,Sales,43776
5609,Simran,43,Mumbai,Finance,74350
5610,Priya,52,Bangalore,Finance,57820
5611,Rohit,30,Bangalore,Operations,27275
5612,Simran,45,Noida,Operations,81644
5613,Pooja,33,Pune,IT,43168
5614,Simran,29,Pune,IT,129894
5615,Aman,54,Lucknow,HR,129286
5616,Karan,20,Hyderabad,HR,80389
5617,Vikas,38,Bangalore,Sales,26861
5618,Neha,37,Kolkata,HR,75529
5619,Priya,55,Lucknow,Marketing,82673
5620,Neha,43,Bangalore,HR,61889
5621,Rahul,52,Delhi,Operations,119018
5622,Rahul,44,Chennai,Marketing,38909
5623,Simran,30,Bangalore,Finance,66920
5624,Rahul,32,Hyderabad,Sales,107869
5625,Anuj,36,Pune,IT,41160
5626,Aman,41,Noida,Sales,122825
5627,Aman,32,Hyderabad,Finance,133121
5628,Anuj,40,Kolkata,Sales,63922
5629,Rohit,36,Lucknow,Operations,65069
5630,Rahul,45,Delhi,Operations,131819
5631,Pooja,27,Hyderabad,Operations,91459
5632,Rohit,38,Kolkata,Sales,87588
5633,Rahul,48,Noida,Sales,82275
5634,Anuj,21,Lucknow,Marketing,45602
5635,Karan,48,Noida,HR,39072
5636,Priya,52,Jaipur,Finance,147230
5637,Pooja,45,Lucknow,IT,147717
5638,Simran,33,Jaipur,HR,143550
5639,Karan,31,Chennai,Operations,80058
5640,Karan,27,Chennai,Sales,62440
5641,Vikas,22,Bangalore,HR,98726
5642,Anuj,44,Chennai,IT,57071
5643,Neha,26,Lucknow,Operations,121306
5644,Rohit,33,Pune,Sales,58420
5645,Karan,32,Chennai,HR,111625
5646,Rahul,39,Hyderabad,HR,42800
5647,Anuj,33,Chennai,HR,84397
5648,Rohit,39,Noida,HR,116391
5649,Pooja,43,Jaipur,Finance,140179
5650,Rahul,49,Pune,Marketing,134481
5651,Pooja,23,Pune,Marketing,141847
5652,Anuj,34,Hyderabad,Operations,100877
5653,Neha,36,Lucknow,Operations,84455
5654,Simran,33,Kolkata,Operations,57669
5655,Priya,52,Bangalore,Sales,32147
5656,Neha,21,Jaipur,Marketing,47841
5657,Anuj,39,Kolkata,Finance,101432
5658,Karan,20,Chennai,Finance,61945
5659,Vikas,33,Jaipur,Operations,32035
5660,Simran,31,Delhi,IT,82249
5661,Anuj,41,Hyderabad,HR,99289
5662,Rahul,33,Kolkata,IT,67885
5663,Vikas,51,Delhi,IT,133141
5664,Rahul,44,Mumbai,Finance,87650
5665,Rohit,40,Pune,Finance,145353
5666,Simran,49,Kolkata,Marketing,47134
5667,Rahul,45,Kolkata,Marketing,70203
5668,Rahul,30,Noida,IT,46984
5669,Rohit,51,Jaipur,HR,112385
5670,Simran,50,Bangalore,Marketing,29401
5671,Priya,55,Pune,Finance,45667
5672,Rohit,38,Delhi,Operations,55001
5673,Rohit,35,Noida,HR,122062
5674,Simran,24,Lucknow,Finance,129543
5675,Rohit,26,Mumbai,Operations,126578
5676,Karan,20,Mumbai,Finance,72346
5677,Aman,21,Delhi,Sales,91485
5678,Simran,23,Lucknow,Marketing,106265
5679,Simran,20,Hyderabad,Finance,52032
5680,Priya,37,Chennai,HR,84500
5681,Rahul,20,Kolkata,Finance,85567
5682,Karan,39,Pune,Marketing,125717
5683,Neha,48,Pune,IT,39635
5684,Pooja,44,Pune,HR,46077
5685,Priya,30,Mumbai,HR,74052
5686,Rahul,26,Lucknow,Marketing,96591
5687,Aman,23,Kolkata,Operations,48689
5688,Aman,43,Pune,HR,95387
5689,Simran,33,Mumbai,Operations,59664
5690,Priya,32,Pune,Operations,94562
5691,Simran,47,Lucknow,Finance,125468
5692,Neha,43,Chennai,Finance,98313
5693,Aman,24,Bangalore,Operations,103982
5694,Simran,37,Bangalore,Sales,142179
5695,Karan,46,Delhi,Sales,36092
5696,Pooja,21,Mumbai,Sales,102560
5697,Neha,39,Jaipur,Operations,112804
5698,Neha,22,Mumbai,Sales,141698
5699,Simran,27,Hyderabad,Marketing,133429
5700,Neha,39,Pune,IT,119152
5701,Neha,29,Mumbai,Operations,102262
5702,Priya,36,Chennai,Sales,64342
5703,Priya,49,Kolkata,HR,133809
5704,Neha,33,Chennai,Marketing,104082
5705,Karan,27,Lucknow,Marketing,71954
5706,Rohit,21,Lucknow,HR,149741
5707,Karan,50,Mumbai,HR,35820
5708,Simran,31,Bangalore,Marketing,75343
5709,Rohit,20,Mumbai,Finance,113958
5710,Priya,27,Kolkata,Operations,120057
5711,Simran,25,Kolkata,Finance,68753
5712,Vikas,35,Pune,IT,106912
5713,Neha,49,Lucknow,IT,101333
5714,Pooja,55,Mumbai,Operations,33810
5715,Pooja,37,Pune,Finance,123191
5716,Priya,37,Jaipur,Sales,117650
5717,Anuj,21,Hyderabad,Sales,116801
5718,Anuj,50,Mumbai,Operations,101543
5719,Vikas,24,Delhi,Marketing,61214
5720,Karan,29,Mumbai,HR,66099
5721,Anuj,33,Pune,HR,134603
5722,Simran,24,Mumbai,Marketing,132020
5723,Aman,45,Delhi,Marketing,76587
5724,Vikas,44,Lucknow,Operations,111089
5725,Anuj,21,Noida,HR,63431
5726,Vikas,22,Bangalore,Sales,64128
5727,Rohit,51,Delhi,Finance,81696
5728,Rohit,47,Noida,HR,57954
5729,Neha,49,Chennai,IT,125591
5730,Anuj,46,Lucknow,Finance,67130
5731,Vikas,31,Pune,Finance,43924
5732,Simran,20,Pune,IT,56228
5733,Simran,22,Mumbai,Operations,133090
5734,Simran,24,Jaipur,Marketing,101569
5735,Karan,37,Bangalore,Marketing,25773
5736,Karan,38,Bangalore,HR,28954
5737,Aman,50,Mumbai,Sales,58793
5738,Rahul,32,Pune,IT,34509
5739,Anuj,37,Bangalore,IT,73549
5740,Pooja,21,Kolkata,Sales,47265
5741,Neha,37,Noida,Operations,64735
5742,Aman,32,Lucknow,IT,139428
5743,Aman,35,Lucknow,Sales,45474
5744,Vikas,48,Jaipur,Sales,139825
5745,Neha,20,Mumbai,Marketing,140193
5746,Karan,22,Lucknow,Marketing,136911
5747,Rohit,47,Delhi,IT,121654
5748,Rohit,55,Kolkata,Operations,93985
5749,Vikas,51,Hyderabad,IT,74241
5750,Vikas,34,Hyderabad,Sales,89948
5751,Rahul,23,Noida,Operations,95561
5752,Karan,38,Hyderabad,Marketing,72903
5753,Priya,43,Bangalore,Finance,68284
5754,Karan,25,Hyderabad,IT,58508
5755,Rohit,43,Mumbai,Finance,89711
5756,Rahul,49,Chennai,Sales,141730
5757,Neha,50,Delhi,Marketing,26223
5758,Pooja,54,Kolkata,Sales,128214
5759,Aman,30,Hyderabad,Sales,34060
5760,Pooja,43,Chennai,HR,90812
5761,Karan,43,Lucknow,Finance,102060
5762,Rahul,55,Lucknow,Marketing,86594
5763,Karan,54,Lucknow,Marketing,124888
5764,Vikas,29,Noida,IT,88972
5765,Anuj,40,Pune,HR,103527
5766,Karan,42,Jaipur,Marketing,115111
5767,Priya,46,Pune,IT,70436
5768,Rahul,31,Noida,IT,125204
5769,Anuj,45,Delhi,Marketing,30905
5770,Neha,43,Delhi,Operations,41375
5771,Neha,49,Chennai,IT,142085
5772,Priya,42,Bangalore,IT,114765
5773,Priya,38,Pune,HR,64486
5774,Rahul,29,Pune,Sales,74250
5775,Rohit,51,Mumbai,Sales,84169
5776,Karan,54,Mumbai,Finance,148061
5777,Anuj,46,Chennai,HR,30700
5778,Priya,43,Mumbai,Sales,123121
5779,Anuj,47,Mumbai,HR,147331
5780,Vikas,25,Kolkata,Finance,105748
5781,Simran,36,Kolkata,Finance,114007
5782,Anuj,28,Kolkata,IT,123752
5783,Neha,41,Kolkata,Sales,54951
5784,Simran,42,Pune,Operations,80511
5785,Karan,49,Pune,Operations,89237
5786,Aman,48,Noida,Finance,43776
5787,Neha,54,Chennai,Finance,124453
5788,Simran,30,Jaipur,Sales,109106
5789,Rohit,22,Delhi,Marketing,149918
5790,Aman,41,Chennai,Finance,70051
5791,Anuj,52,Chennai,IT,143449
5792,Priya,29,Bangalore,HR,30827
5793,Pooja,41,Kolkata,Finance,122373
5794,Karan,54,Delhi,HR,41800
5795,Karan,30,Kolkata,Marketing,143959
5796,Simran,28,Delhi,Finance,90995
5797,Rahul,33,Pune,Operations,116446
5798,Rohit,45,Jaipur,Marketing,28651
5799,Priya,25,Hyderabad,HR,32509
5800,Vikas,46,Delhi,Finance,129524
5801,Priya,27,Pune,Operations,115595
5802,Aman,52,Chennai,Marketing,65578
5803,Aman,54,Delhi,Operations,112298
5804,Neha,22,Hyderabad,HR,35055
5805,Rahul,53,Lucknow,HR,85480
5806,Pooja,26,Hyderabad,Finance,88380
5807,Karan,20,Mumbai,HR,143005
5808,Anuj,36,Lucknow,Marketing,118203
5809,Simran,55,Jaipur,HR,29253
5810,Priya,30,Bangalore,Marketing,133613
5811,Vikas,34,Mumbai,Marketing,108262
5812,Rahul,41,Bangalore,HR,89918
5813,Priya,51,Noida,HR,56629
5814,Simran,27,Delhi,IT,60369
5815,Priya,40,Kolkata,HR,116888
5816,Aman,43,Bangalore,HR,136491
5817,Aman,55,Delhi,Operations,80490
5818,Pooja,45,Mumbai,Sales,30622
5819,Simran,53,Kolkata,Operations,113201
5820,Rohit,45,Bangalore,Operations,57530
5821,Pooja,34,Delhi,Finance,38873
5822,Priya,42,Chennai,Sales,79212
5823,Karan,46,Kolkata,Marketing,37811
5824,Rohit,26,Hyderabad,Operations,54040
5825,Simran,34,Jaipur,Operations,111982
5826,Karan,49,Mumbai,IT,64068
5827,Simran,29,Chennai,Finance,26648
5828,Rohit,32,Kolkata,IT,122848
5829,Rohit,20,Chennai,HR,88874
5830,Rahul,52,Mumbai,Marketing,101992
5831,Vikas,26,Hyderabad,HR,106013
5832,Priya,51,Lucknow,HR,41712
5833,Neha,29,Delhi,IT,130105
5834,Karan,24,Chennai,Marketing,114814
5835,Rahul,39,Mumbai,Sales,122747
5836,Rahul,35,Delhi,Marketing,36508
5837,Priya,45,Delhi,HR,75507
5838,Priya,39,Pune,Sales,141030
5839,Neha,33,Chennai,Operations,60152
5840,Neha,54,Pune,HR,70881
5841,Rohit,26,Jaipur,Sales,88102
5842,Neha,32,Hyderabad,Operations,67416
5843,Neha,21,Chennai,Operations,135497
5844,Karan,21,Bangalore,HR,48263
5845,Anuj,21,Chennai,Sales,88936
5846,Vikas,38,Noida,IT,70260
5847,Aman,27,Bangalore,Finance,62824
5848,Neha,33,Lucknow,Operations,109881
5849,Karan,31,Kolkata,Marketing,48485
5850,Pooja,24,Bangalore,Operations,119051
5851,Karan,24,Hyderabad,Marketing,90907
5852,Aman,36,Lucknow,Sales,118274
5853,Pooja,48,Kolkata,IT,145794
5854,Anuj,27,Lucknow,Finance,112377
5855,Rohit,47,Pune,Operations,139553
5856,Rohit,42,Noida,HR,51374
5857,Neha,45,Jaipur,IT,138928
5858,Aman,20,Pune,IT,41449
5859,Rahul,39,Lucknow,Marketing,124651
5860,Rahul,41,Lucknow,Operations,98603
5861,Anuj,44,Kolkata,Operations,123886
5862,Rohit,43,Lucknow,Sales,77378
5863,Karan,33,Jaipur,IT,89210
5864,Aman,39,Bangalore,HR,115081
5865,Vikas,47,Lucknow,HR,142848
5866,Anuj,50,Noida,Finance,90814
5867,Neha,22,Bangalore,HR,69361
5868,Rahul,51,Lucknow,Operations,145642
5869,Vikas,22,Jaipur,HR,36837
5870,Pooja,51,Chennai,HR,71538
5871,Pooja,40,Delhi,Sales,114136
5872,Anuj,42,Lucknow,IT,31845
5873,Neha,21,Lucknow,Sales,80430
5874,Rohit,36,Hyderabad,IT,143917
5875,Simran,50,Hyderabad,Operations,140934
5876,Rohit,44,Delhi,Sales,76283
5877,Rohit,54,Bangalore,Finance,93297
5878,Simran,26,Lucknow,Operations,147622
5879,Simran,47,Pune,Finance,91596
5880,Vikas,42,Mumbai,Marketing,34206
5881,Simran,51,Chennai,HR,70550
5882,Pooja,21,Chennai,Finance,71998
5883,Karan,44,Bangalore,Sales,122349
5884,Aman,22,Pune,IT,86354
5885,Anuj,51,Mumbai,Marketing,39393
5886,Priya,25,Mumbai,Operations,115776
5887,Karan,50,Pune,Marketing,67611
5888,Simran,36,Lucknow,Sales,72815
5889,Anuj,54,Bangalore,HR,134556
5890,Vikas,25,Chennai,IT,79510
5891,Aman,25,Noida,Sales,113780
5892,Anuj,35,Mumbai,Operations,79578
5893,Vikas,26,Noida,HR,35610
5894,Rohit,49,Mumbai,Operations,137670
5895,Karan,44,Jaipur,Sales,80229
5896,Vikas,41,Lucknow,Sales,79340
5897,Anuj,35,Jaipur,Operations,98358
5898,Pooja,50,Noida,IT,101318
5899,Anuj,22,Noida,Sales,141848
5900,Rahul,40,Hyderabad,Operations,64520
5901,Priya,39,Lucknow,HR,30655
5902,Vikas,55,Bangalore,HR,99143
5903,Neha,48,Jaipur,IT,56393
5904,Rahul,33,Hyderabad,Operations,80125
5905,Anuj,46,Pune,Operations,147450
5906,Vikas,26,Bangalore,Sales,122814
5907,Priya,20,Delhi,Marketing,56324
5908,Rohit,28,Delhi,Sales,75857
5909,Priya,21,Noida,Finance,57883
5910,Simran,52,Mumbai,Sales,78389
5911,Rahul,48,Kolkata,HR,108784
5912,Neha,24,Chennai,Operations,26854
5913,Pooja,52,Mumbai,IT,69778
5914,Karan,31,Mumbai,Marketing,99537
5915,Simran,49,Pune,HR,140685
5916,Rahul,37,Lucknow,IT,73561
5917,Aman,44,Jaipur,Sales,66102
5918,Rohit,54,Bangalore,Operations,40652
5919,Simran,23,Kolkata,IT,116174
5920,Pooja,36,Bangalore,Marketing,79174
5921,Simran,27,Mumbai,IT,40278
5922,Anuj,53,Mumbai,HR,138196
5923,Anuj,51,Hyderabad,Operations,143818
5924,Rohit,31,Chennai,Operations,34404
5925,Simran,48,Kolkata,Sales,53715
5926,Vikas,38,Jaipur,HR,52138
5927,Neha,30,Kolkata,Finance,101940
5928,Pooja,22,Noida,Marketing,68807
5929,Priya,38,Jaipur,HR,79437
5930,Aman,41,Jaipur,Marketing,49625
5931,Anuj,47,Jaipur,Marketing,49558
5932,Neha,27,Mumbai,IT,42262
5933,Neha,29,Mumbai,Operations,59183
5934,Neha,24,Pune,IT,143790
5935,Vikas,32,Kolkata,HR,73686
5936,Rohit,50,Jaipur,Finance,147041
5937,Simran,51,Jaipur,Marketing,34783
5938,Vikas,35,Kolkata,HR,91946
5939,Anuj,20,Delhi,IT,44476
5940,Vikas,44,Hyderabad,Sales,73915
5941,Priya,31,Jaipur,Operations,76763
5942,Anuj,44,Bangalore,Sales,104559
5943,Simran,22,Noida,Sales,77964
5944,Vikas,39,Chennai,HR,33831
5945,Rohit,31,Jaipur,HR,102785
5946,Aman,34,Delhi,Finance,41863
5947,Neha,41,Chennai,IT,35685
5948,Priya,51,Noida,IT,149360
5949,Aman,34,Pune,Marketing,44047
5950,Rahul,48,Bangalore,Marketing,109048
5951,Priya,27,Lucknow,IT,117933
5952,Simran,26,Hyderabad,IT,81315
5953,Karan,30,Chennai,Sales,143428
5954,Rohit,28,Bangalore,HR,99384
5955,Priya,28,Kolkata,Operations,84119
5956,Rohit,21,Lucknow,Operations,135842
5957,Karan,48,Lucknow,Sales,121872
5958,Aman,51,Jaipur,HR,141913
5959,Priya,43,Bangalore,Marketing,65880
5960,Vikas,47,Chennai,Operations,98143
5961,Karan,21,Delhi,HR,135035
5962,Neha,53,Hyderabad,Finance,124589
5963,Pooja,43,Jaipur,IT,116713
5964,Simran,54,Chennai,Sales,139996
5965,Aman,26,Kolkata,Sales,75834
5966,Rohit,46,Lucknow,Marketing,100986
5967,Aman,50,Bangalore,Operations,88712
5968,Karan,22,Lucknow,Marketing,97541
5969,Simran,37,Chennai,Finance,64868
5970,Rohit,47,Pune,Operations,93890
5971,Aman,55,Jaipur,Sales,88141
5972,Vikas,47,Pune,Finance,99851
5973,Simran,24,Delhi,Finance,123784
5974,Aman,24,Lucknow,Marketing,133432
5975,Priya,25,Kolkata,Finance,91514
5976,Aman,36,Mumbai,IT,107244
5977,Karan,42,Pune,Sales,104497
5978,Aman,50,Chennai,Finance,78523
5979,Neha,45,Noida,Sales,121931
5980,Rahul,52,Delhi,HR,50978
5981,Simran,35,Jaipur,Sales,36177
5982,Simran,28,Delhi,IT,99927
5983,Rahul,27,Lucknow,IT,80686
5984,Aman,21,Mumbai,Sales,146859
5985,Neha,30,Chennai,IT,54421
5986,Aman,25,Noida,Sales,32661
5987,Anuj,31,Chennai,Marketing,70548
5988,Neha,32,Chennai,IT,46238
5989,Priya,48,Mumbai,Operations,89836
5990,Priya,54,Delhi,Operations,107178
5991,Vikas,43,Noida,Sales,31678
5992,Pooja,55,Chennai,Marketing,59061
5993,Vikas,36,Hyderabad,IT,117880
5994,Aman,50,Hyderabad,Sales,51852
5995,Rohit,24,Hyderabad,IT,75945
5996,Rahul,31,Kolkata,IT,99803
5997,Aman,46,Jaipur,HR,139695
5998,Aman,27,Chennai,Marketing,133891
5999,Anuj,55,Bangalore,HR,49012
6000,Karan,22,Hyderabad,Marketing,48649
6001,Karan,34,Kolkata,IT,124866
6002,Vikas,32,Jaipur,Sales,70553
6003,Karan,29,Chennai,Marketing,131653
6004,Karan,39,Hyderabad,Marketing,98845
6005,Karan,28,Hyderabad,Marketing,120915
6006,Rohit,45,Hyderabad,IT,35299
6007,Karan,20,Kolkata,Marketing,80306
6008,Rohit,43,Hyderabad,Marketing,57825
6009,Rohit,23,Noida,Operations,42451
6010,Anuj,52,Mumbai,Marketing,55809
6011,Neha,20,Bangalore,Operations,25566
6012,Rahul,27,Kolkata,IT,148376
6013,Pooja,53,Chennai,Marketing,40794
6014,Aman,37,Bangalore,Finance,42582
6015,Simran,53,Delhi,Operations,88265
6016,Karan,20,Delhi,Finance,61905
6017,Pooja,39,Delhi,HR,78132
6018,Neha,28,Chennai,HR,101861
6019,Aman,40,Jaipur,Sales,145155
6020,Priya,35,Kolkata,Sales,119173
6021,Pooja,50,Hyderabad,IT,125420
6022,Pooja,33,Jaipur,Marketing,26308
6023,Aman,32,Chennai,IT,39496
6024,Aman,50,Jaipur,Operations,88944
6025,Rohit,50,Mumbai,Marketing,76177
6026,Rohit,50,Bangalore,Marketing,51712
6027,Anuj,33,Delhi,IT,39145
6028,Priya,26,Hyderabad,Marketing,123716
6029,Anuj,31,Noida,Sales,104421
6030,Vikas,44,Chennai,IT,36858
6031,Priya,55,Chennai,Operations,99798
6032,Rohit,54,Hyderabad,Sales,133199
6033,Rohit,24,Bangalore,Sales,90851
6034,Rohit,29,Hyderabad,HR,138017
6035,Rahul,28,Noida,Finance,80738
6036,Aman,52,Mumbai,Marketing,56944
6037,Pooja,29,Mumbai,Operations,86170
6038,Karan,24,Bangalore,Operations,114413
6039,Pooja,50,Bangalore,Sales,110404
6040,Neha,52,Bangalore,IT,27225
6041,Pooja,24,Noida,Finance,134688
6042,Rohit,30,Jaipur,Sales,93703
6043,Priya,35,Lucknow,Sales,72555
6044,Priya,46,Lucknow,Finance,112471
6045,Anuj,43,Kolkata,Operations,70337
6046,Karan,34,Bangalore,Finance,54651
6047,Priya,36,Delhi,Finance,131470
6048,Neha,46,Mumbai,IT,75896
6049,Priya,23,Pune,HR,25580
6050,Karan,47,Pune,Operations,80058
6051,Karan,22,Jaipur,Operations,128300
6052,Karan,40,Chennai,IT,44648
6053,Simran,45,Jaipur,Finance,47777
6054,Simran,21,Chennai,IT,50250
6055,Anuj,32,Delhi,IT,26582
6056,Simran,43,Jaipur,Operations,79162
6057,Rahul,45,Pune,Sales,49715
6058,Pooja,48,Hyderabad,Operations,70652
6059,Pooja,34,Kolkata,Marketing,79680
6060,Anuj,28,Delhi,Marketing,86662
6061,Rohit,50,Noida,IT,52011
6062,Simran,52,Kolkata,Marketing,109039
6063,Simran,46,Delhi,IT,121587
6064,Priya,30,Pune,Marketing,71240
6065,Anuj,35,Chennai,Finance,89268
6066,Simran,53,Pune,HR,84608
6067,Priya,38,Delhi,IT,73983
6068,Simran,51,Lucknow,HR,76326
6069,Anuj,24,Bangalore,IT,106309
6070,Rohit,47,Bangalore,IT,120867
6071,Vikas,21,Mumbai,Sales,62923
6072,Pooja,46,Pune,Operations,46784
6073,Priya,24,Jaipur,Sales,125447
6074,Vikas,55,Chennai,Sales,104689
6075,Vikas,25,Delhi,IT,93267
6076,Pooja,29,Mumbai,Sales,65552
6077,Aman,22,Delhi,HR,129908
6078,Priya,43,Hyderabad,HR,33504
6079,Vikas,37,Delhi,Marketing,25244
6080,Karan,45,Jaipur,HR,129760
6081,Anuj,37,Lucknow,Finance,64055
6082,Simran,49,Jaipur,IT,140326
6083,Aman,41,Pune,Finance,26100
6084,Pooja,39,Delhi,IT,134850
6085,Pooja,54,Lucknow,HR,118052
6086,Rahul,40,Bangalore,Marketing,29631
6087,Simran,39,Noida,Finance,53454
6088,Rahul,50,Pune,Finance,137085
6089,Aman,52,Bangalore,HR,122582
6090,Karan,51,Lucknow,IT,45885
6091,Simran,44,Delhi,Operations,86443
6092,Aman,55,Lucknow,Finance,51638
6093,Priya,28,Chennai,Finance,27420
6094,Priya,50,Noida,HR,53573
6095,Neha,41,Lucknow,Operations,123618
6096,Pooja,25,Kolkata,Sales,41706
6097,Anuj,51,Lucknow,HR,65440
6098,Aman,41,Kolkata,Operations,125530
6099,Pooja,54,Lucknow,Operations,93650
6100,Karan,53,Kolkata,Finance,47821
6101,Rohit,24,Mumbai,Sales,117988
6102,Pooja,36,Bangalore,Sales,83260
6103,Rahul,37,Hyderabad,IT,64925
6104,Vikas,37,Mumbai,Finance,138360
6105,Neha,38,Jaipur,Operations,116064
6106,Aman,52,Bangalore,Sales,74930
6107,Rahul,34,Noida,IT,52134
6108,Rahul,40,Pune,Finance,123061
6109,Rahul,40,Hyderabad,IT,129045
6110,Pooja,35,Chennai,Sales,67582
6111,Neha,32,Lucknow,Operations,41688
6112,Rahul,42,Bangalore,Finance,114589
6113,Simran,39,Jaipur,Operations,119978
6114,Priya,32,Delhi,Marketing,55050
6115,Simran,41,Bangalore,Operations,128159
6116,Karan,53,Hyderabad,IT,69766
6117,Aman,46,Delhi,IT,134976
6118,Priya,37,Kolkata,Operations,79153
6119,Simran,36,Pune,Operations,35598
6120,Priya,47,Hyderabad,Operations,40195
6121,Anuj,32,Chennai,IT,97979
6122,Aman,28,Kolkata,HR,92482
6123,Neha,38,Bangalore,Operations,115505
6124,Karan,32,Jaipur,Finance,123670
6125,Aman,43,Delhi,IT,44824
6126,Aman,54,Lucknow,Sales,26686
6127,Aman,55,Hyderabad,Marketing,56828
6128,Aman,40,Kolkata,Marketing,134419
6129,Anuj,33,Pune,Finance,95784
6130,Priya,49,Lucknow,Sales,25433
6131,Vikas,53,Bangalore,IT,115011
6132,Vikas,31,Delhi,Finance,135502
6133,Pooja,27,Hyderabad,Finance,81264
6134,Vikas,38,Lucknow,Finance,137321
6135,Aman,35,Jaipur,IT,133039
6136,Rahul,33,Delhi,IT,113158
6137,Aman,41,Mumbai,HR,117218
6138,Rohit,31,Chennai,Marketing,119355
6139,Anuj,51,Delhi,Marketing,101374
6140,Karan,43,Mumbai,HR,68190
6141,Vikas,35,Lucknow,Finance,91266
6142,Anuj,45,Bangalore,Marketing,112319
6143,Pooja,50,Bangalore,Finance,79143
6144,Pooja,37,Mumbai,Finance,43184
6145,Pooja,49,Delhi,Operations,111680
6146,Simran,54,Pune,Marketing,33795
6147,Anuj,41,Noida,Sales,98686
6148,Karan,29,Hyderabad,Operations,68888
6149,Pooja,36,Jaipur,Sales,51197
6150,Rohit,24,Lucknow,Sales,145386
6151,Rohit,36,Mumbai,Sales,110123
6152,Karan,27,Hyderabad,Operations,112113
6153,Pooja,44,Jaipur,Finance,139638
6154,Pooja,55,Bangalore,IT,33398
6155,Priya,45,Lucknow,IT,118083
6156,Pooja,20,Delhi,Finance,38497
6157,Rahul,24,Kolkata,IT,37305
6158,Karan,32,Pune,Operations,110965
6159,Karan,36,Bangalore,Operations,146912
6160,Anuj,51,Mumbai,HR,46440
6161,Rohit,49,Delhi,Marketing,90865
6162,Simran,55,Pune,IT,124891
6163,Vikas,37,Noida,IT,35302
6164,Karan,52,Lucknow,Marketing,86162
6165,Simran,46,Kolkata,Finance,88494
6166,Rohit,32,Kolkata,IT,129224
6167,Anuj,37,Kolkata,HR,104022
6168,Aman,23,Bangalore,Operations,28934
6169,Aman,47,Jaipur,IT,131107
6170,Anuj,51,Chennai,Marketing,148110
6171,Neha,26,Kolkata,Finance,52406
6172,Anuj,50,Hyderabad,Sales,108564
6173,Aman,47,Lucknow,Sales,76289
6174,Anuj,44,Hyderabad,Sales,80561
6175,Karan,40,Noida,Sales,75454
6176,Karan,27,Bangalore,HR,76543
6177,Vikas,28,Noida,Sales,54954
6178,Neha,31,Jaipur,IT,76417
6179,Rahul,27,Chennai,Finance,110318
6180,Anuj,43,Bangalore,HR,119377
6181,Rahul,23,Jaipur,Marketing,148012
6182,Priya,22,Mumbai,Finance,105829
6183,Aman,24,Pune,HR,64808
6184,Aman,37,Delhi,HR,87935
6185,Vikas,26,Jaipur,Operations,47962
6186,Karan,55,Jaipur,Marketing,91469
6187,Karan,54,Mumbai,Operations,34651
6188,Karan,37,Lucknow,Marketing,110202
6189,Simran,28,Hyderabad,Marketing,57278
6190,Aman,26,Jaipur,Sales,45757
6191,Pooja,47,Chennai,Marketing,79282
6192,Karan,33,Jaipur,Operations,149735
6193,Neha,22,Bangalore,Sales,136286
6194,Anuj,23,Noida,Sales,67777
6195,Rahul,20,Lucknow,Finance,101220
6196,Vikas,27,Chennai,HR,92557
6197,Neha,41,Mumbai,Marketing,61684
6198,Neha,37,Pune,Operations,69077
6199,Priya,38,Pune,IT,26333
6200,Rahul,47,Mumbai,Marketing,50230
6201,Priya,35,Chennai,Finance,51352
6202,Simran,34,Delhi,Sales,114636
6203,Rahul,34,Hyderabad,Sales,89400
6204,Vikas,37,Jaipur,Marketing,105099
6205,Pooja,55,Chennai,HR,31455
6206,Aman,42,Lucknow,Marketing,118995
6207,Rahul,35,Bangalore,Operations,47679
6208,Vikas,29,Mumbai,Sales,112535
6209,Neha,21,Kolkata,Operations,112034
6210,Simran,55,Chennai,HR,103802
6211,Priya,40,Kolkata,Marketing,61448
6212,Simran,34,Bangalore,HR,29045
6213,Rohit,30,Jaipur,Operations,134130
6214,Rohit,44,Pune,HR,54480
6215,Karan,33,Noida,HR,89299
6216,Anuj,54,Kolkata,HR,72346
6217,Rahul,21,Pune,IT,53666
6218,Karan,30,Delhi,Sales,70224
6219,Simran,25,Chennai,Marketing,107960
6220,Rahul,37,Chennai,IT,115242
6221,Pooja,51,Mumbai,Marketing,50943
6222,Karan,27,Lucknow,Finance,112332
6223,Vikas,26,Pune,IT,122290
6224,Priya,35,Noida,Sales,39110
6225,Karan,46,Hyderabad,HR,111527
6226,Neha,34,Noida,Marketing,51328
6227,Vikas,35,Jaipur,Sales,45355
6228,Simran,49,Noida,Sales,118125
6229,Karan,30,Kolkata,Finance,57890
6230,Karan,31,Jaipur,Finance,121946
6231,Neha,34,Jaipur,Marketing,69951
6232,Aman,37,Mumbai,Marketing,41533
6233,Karan,26,Bangalore,Sales,135811
6234,Karan,20,Mumbai,Marketing,115344
6235,Pooja,35,Chennai,Operations,83748
6236,Simran,39,Hyderabad,Finance,149892
6237,Pooja,47,Hyderabad,Sales,115264
6238,Pooja,44,Lucknow,Finance,68256
6239,Aman,48,Bangalore,Marketing,79336
6240,Karan,33,Chennai,Operations,84195
6241,Rohit,34,Lucknow,Sales,133851
6242,Vikas,26,Jaipur,Sales,37863
6243,Rohit,25,Lucknow,Sales,101290
6244,Anuj,46,Delhi,Marketing,107753
6245,Rahul,48,Chennai,IT,69866
6246,Anuj,48,Mumbai,IT,31217
6247,Pooja,29,Pune,HR,131599
6248,Rahul,44,Mumbai,Operations,130675
6249,Rohit,44,Kolkata,Sales,133571
6250,Karan,21,Mumbai,Finance,127717
6251,Priya,54,Pune,HR,120889
6252,Priya,37,Kolkata,Finance,57705
6253,Anuj,33,Noida,HR,32145
6254,Neha,51,Kolkata,Marketing,73385
6255,Neha,47,Lucknow,HR,77796
6256,Simran,53,Jaipur,Finance,90709
6257,Rohit,41,Lucknow,Finance,84608
6258,Anuj,40,Delhi,HR,97803
6259,Rohit,21,Mumbai,Marketing,33072
6260,Vikas,51,Mumbai,Finance,84779
6261,Vikas,52,Pune,Operations,128505
6262,Rahul,44,Kolkata,Finance,33789
6263,Vikas,48,Lucknow,Operations,41489
6264,Vikas,33,Delhi,HR,116882
6265,Simran,43,Delhi,IT,137475
6266,Simran,29,Chennai,Finance,126301
6267,Neha,24,Hyderabad,Sales,77168
6268,Anuj,44,Bangalore,Finance,68222
6269,Rahul,30,Jaipur,IT,44891
6270,Neha,45,Kolkata,Sales,62229
6271,Neha,33,Delhi,IT,136308
6272,Priya,33,Jaipur,Finance,136976
6273,Karan,40,Bangalore,Sales,106603
6274,Karan,42,Kolkata,IT,63287
6275,Anuj,45,Kolkata,Finance,129265
6276,Aman,37,Lucknow,HR,96016
6277,Rohit,35,Hyderabad,HR,104119
6278,Neha,38,Bangalore,Sales,34469
6279,Neha,34,Noida,Marketing,90601
6280,Pooja,44,Kolkata,Finance,71601
6281,Pooja,50,Chennai,Finance,45968
6282,Anuj,21,Kolkata,Finance,129768
6283,Aman,35,Hyderabad,IT,119794
6284,Pooja,24,Hyderabad,IT,103563
6285,Aman,48,Pune,HR,91234
6286,Pooja,21,Lucknow,HR,56189
6287,Simran,44,Jaipur,Marketing,91542
6288,Neha,42,Noida,HR,90901
6289,Pooja,43,Jaipur,IT,142894
6290,Priya,44,Jaipur,Marketing,47183
6291,Anuj,21,Lucknow,IT,144186
6292,Simran,51,Delhi,IT,25521
6293,Vikas,47,Kolkata,Operations,143873
6294,Karan,48,Pune,HR,118459
6295,Neha,47,Kolkata,HR,34677
6296,Simran,25,Jaipur,IT,67992
6297,Simran,47,Noida,HR,40834
6298,Anuj,36,Hyderabad,Finance,61246
6299,Rohit,42,Lucknow,Sales,101952
6300,Karan,34,Noida,Marketing,86185
6301,Neha,37,Hyderabad,IT,82896
6302,Neha,43,Kolkata,Operations,90097
6303,Rahul,36,Lucknow,HR,79218
6304,Aman,50,Delhi,Operations,60159
6305,Vikas,30,Jaipur,Sales,100280
6306,Anuj,30,Lucknow,Operations,36698
6307,Neha,34,Bangalore,Finance,57255
6308,Priya,53,Hyderabad,IT,77423
6309,Simran,53,Jaipur,IT,120142
6310,Aman,32,Lucknow,Finance,36127
6311,Karan,22,Chennai,Marketing,78504
6312,Karan,44,Mumbai,Finance,137344
6313,Priya,43,Chennai,IT,71143
6314,Aman,23,Jaipur,IT,82732
6315,Karan,34,Pune,HR,79254
6316,Rahul,25,Jaipur,Finance,134988
6317,Vikas,30,Bangalore,IT,70400
6318,Neha,25,Jaipur,Sales,43044
6319,Anuj,55,Jaipur,Finance,91603
6320,Vikas,23,Kolkata,IT,143256
6321,Priya,36,Chennai,IT,46826
6322,Rahul,25,Pune,Marketing,42547
6323,Pooja,53,Jaipur,Marketing,117161
6324,Rohit,36,Delhi,Sales,149083
6325,Neha,48,Mumbai,Finance,130507
6326,Pooja,29,Delhi,Operations,123418
6327,Vikas,38,Kolkata,Operations,75689
6328,Rohit,29,Chennai,IT,39224
6329,Simran,47,Noida,HR,135058
6330,Vikas,37,Mumbai,HR,99382
6331,Aman,31,Pune,HR,110919
6332,Rahul,34,Lucknow,Operations,67964
6333,Neha,46,Chennai,Operations,111055
6334,Anuj,39,Noida,HR,60244
6335,Rohit,30,Mumbai,Finance,117855
6336,Rahul,53,Noida,HR,146761
6337,Pooja,24,Lucknow,HR,98866
6338,Simran,34,Delhi,Sales,112347
6339,Anuj,25,Hyderabad,Operations,131771
6340,Pooja,23,Noida,Finance,28106
6341,Simran,31,Jaipur,Marketing,141571
6342,Aman,38,Jaipur,Sales,137383
6343,Rohit,55,Noida,Finance,42175
6344,Neha,50,Mumbai,Marketing,98757
6345,Pooja,47,Lucknow,HR,64966
6346,Simran,30,Jaipur,Sales,98649
6347,Vikas,35,Jaipur,Finance,137178
6348,Neha,21,Chennai,Finance,59542
6349,Aman,32,Noida,IT,101074
6350,Rahul,24,Jaipur,HR,127065
6351,Simran,24,Mumbai,IT,63863
6352,Aman,26,Delhi,Sales,49865
6353,Rohit,37,Kolkata,HR,112936
6354,Anuj,31,Delhi,Operations,136733
6355,Pooja,54,Chennai,HR,122606
6356,Priya,27,Chennai,Operations,131744
6357,Simran,49,Lucknow,Operations,58557
6358,Rahul,55,Delhi,HR,122039
6359,Anuj,43,Noida,HR,137508
6360,Vikas,31,Delhi,HR,66922
6361,Anuj,29,Kolkata,Marketing,85033
6362,Karan,54,Lucknow,HR,87948
6363,Rahul,31,Mumbai,Operations,134268
6364,Neha,35,Pune,Finance,131009
6365,Pooja,20,Kolkata,Finance,78645
6366,Anuj,40,Mumbai,IT,138172
6367,Rahul,30,Lucknow,IT,76784
6368,Simran,37,Jaipur,Sales,35069
6369,Vikas,52,Mumbai,IT,119611
6370,Anuj,21,Chennai,IT,140528
6371,Karan,52,Jaipur,IT,56157
6372,Vikas,52,Lucknow,Marketing,145397
6373,Rohit,23,Pune,Finance,96084
6374,Neha,45,Pune,Operations,95261
6375,Rohit,28,Bangalore,Sales,135656
6376,Rohit,30,Jaipur,Sales,82269
6377,Vikas,23,Chennai,Finance,69991
6378,Vikas,50,Bangalore,Sales,106963
6379,Simran,29,Lucknow,Sales,69556
6380,Neha,28,Kolkata,Marketing,27156
6381,Pooja,35,Delhi,Finance,126835
6382,Rahul,43,Pune,Marketing,121573
6383,Vikas,37,Hyderabad,Finance,140551
6384,Aman,49,Delhi,HR,145013
6385,Aman,35,Chennai,Operations,29451
6386,Vikas,49,Kolkata,Sales,117672
6387,Rahul,31,Hyderabad,Operations,142282
6388,Anuj,27,Kolkata,IT,101365
6389,Karan,35,Jaipur,Operations,136518
6390,Simran,30,Lucknow,Operations,36849
6391,Simran,22,Chennai,Finance,116414
6392,Rahul,24,Jaipur,Operations,73169
6393,Rohit,44,Pune,Sales,102901
6394,Simran,28,Pune,Finance,70439
6395,Neha,20,Hyderabad,Marketing,119406
6396,Simran,38,Hyderabad,Sales,77465
6397,Neha,49,Kolkata,Marketing,122624
6398,Vikas,53,Delhi,HR,83143
6399,Aman,51,Kolkata,Operations,92576
6400,Vikas,45,Kolkata,IT,49577
6401,Karan,55,Pune,Marketing,43565
6402,Rohit,54,Noida,HR,149005
6403,Aman,45,Mumbai,Operations,52300
6404,Rahul,53,Pune,Operations,98966
6405,Vikas,49,Noida,Finance,116352
6406,Karan,53,Hyderabad,IT,110350
6407,Neha,42,Hyderabad,Marketing,122156
6408,Simran,45,Hyderabad,Sales,127800
6409,Pooja,36,Delhi,HR,125139
6410,Anuj,53,Hyderabad,IT,72788
6411,Aman,46,Kolkata,Operations,147659
6412,Anuj,30,Delhi,Marketing,124194
6413,Pooja,52,Hyderabad,Marketing,102483
6414,Anuj,51,Mumbai,IT,124171
6415,Rahul,28,Noida,Finance,49676
6416,Priya,22,Jaipur,Operations,75282
6417,Anuj,33,Kolkata,HR,130783
6418,Rahul,24,Lucknow,IT,27000
6419,Priya,43,Lucknow,Marketing,146068
6420,Priya,39,Pune,IT,40338
6421,Aman,27,Jaipur,IT,100913
6422,Karan,46,Bangalore,Sales,127262
6423,Karan,44,Bangalore,Finance,62326
6424,Pooja,44,Bangalore,Operations,36398
6425,Karan,39,Delhi,HR,45215
6426,Neha,43,Bangalore,IT,108508
6427,Vikas,21,Hyderabad,Sales,85250
6428,Neha,40,Jaipur,HR,29022
6429,Rohit,51,Jaipur,Marketing,79403
6430,Simran,32,Pune,Operations,75182
6431,Rahul,21,Noida,HR,38903
6432,Pooja,33,Noida,Marketing,98652
6433,Karan,47,Bangalore,HR,126580
6434,Aman,29,Noida,Sales,67884
6435,Rahul,48,Bangalore,Operations,112995
6436,Pooja,28,Kolkata,Finance,55112
6437,Rahul,39,Delhi,Finance,78708
6438,Pooja,45,Noida,IT,29500
6439,Vikas,35,Mumbai,IT,117467
6440,Pooja,29,Pune,Operations,94606
6441,Pooja,21,Hyderabad,Finance,89582
6442,Rohit,34,Delhi,Sales,95111
6443,Rohit,48,Pune,Finance,30451
6444,Aman,36,Chennai,Marketing,147690
6445,Karan,51,Jaipur,HR,82454
6446,Vikas,45,Kolkata,Operations,42801
6447,Neha,49,Noida,Operations,25093
6448,Priya,49,Hyderabad,Marketing,112679
6449,Aman,43,Chennai,HR,43331
6450,Neha,33,Jaipur,Operations,28809
6451,Neha,49,Lucknow,IT,143276
6452,Pooja,28,Noida,HR,137448
6453,Pooja,46,Delhi,Sales,143381
6454,Anuj,23,Lucknow,Marketing,54293
6455,Rahul,35,Kolkata,HR,146427
6456,Pooja,29,Kolkata,HR,108084
6457,Rahul,26,Lucknow,HR,118317
6458,Neha,38,Kolkata,Marketing,53136
6459,Pooja,43,Jaipur,Operations,97165
6460,Pooja,23,Delhi,Finance,148183
6461,Aman,42,Mumbai,Finance,96975
6462,Vikas,49,Pune,Marketing,38133
6463,Neha,44,Bangalore,HR,148666
6464,Karan,47,Bangalore,HR,33741
6465,Karan,24,Hyderabad,Sales,45701
6466,Aman,38,Chennai,IT,26495
6467,Simran,42,Jaipur,Operations,124398
6468,Rahul,52,Bangalore,Operations,144663
6469,Priya,55,Bangalore,Finance,100738
6470,Rahul,50,Chennai,Operations,105976
6471,Neha,22,Kolkata,Operations,80957
6472,Simran,50,Lucknow,HR,76906
6473,Rahul,24,Bangalore,Finance,136729
6474,Vikas,42,Delhi,Sales,87486
6475,Simran,41,Pune,Finance,81178
6476,Pooja,32,Chennai,HR,53814
6477,Priya,39,Chennai,Sales,83048
6478,Karan,52,Bangalore,Marketing,46481
6479,Priya,30,Delhi,IT,148765
6480,Rohit,20,Noida,IT,27287
6481,Karan,26,Chennai,IT,51128
6482,Rohit,29,Pune,Finance,109786
6483,Simran,55,Mumbai,Operations,83169
6484,Aman,37,Lucknow,Operations,54300
6485,Pooja,23,Hyderabad,IT,63697
6486,Priya,21,Kolkata,Operations,126494
6487,Rahul,52,Pune,Finance,57796
6488,Neha,33,Kolkata,Sales,90966
6489,Rohit,53,Jaipur,HR,54332
6490,Karan,43,Pune,HR,142416
6491,Priya,21,Noida,Finance,74195
6492,Priya,48,Hyderabad,Marketing,72395
6493,Karan,45,Lucknow,Operations,80119
6494,Neha,41,Kolkata,HR,88309
6495,Simran,49,Hyderabad,Operations,25125
6496,Rohit,42,Kolkata,HR,85293
6497,Aman,40,Mumbai,Marketing,108964
6498,Rahul,38,Lucknow,Sales,38191
6499,Karan,43,Mumbai,Sales,100930
6500,Pooja,23,Kolkata,HR,107434
6501,Rahul,53,Pune,Operations,116294
6502,Karan,27,Noida,IT,25329
6503,Karan,48,Jaipur,Finance,70548
6504,Pooja,51,Chennai,Operations,78166
6505,Neha,47,Jaipur,Sales,111422
6506,Simran,52,Pune,Marketing,137343
6507,Rahul,22,Delhi,Sales,67726
6508,Pooja,55,Mumbai,Sales,89275
6509,Aman,52,Lucknow,Finance,130582
6510,Vikas,24,Noida,HR,62617
6511,Priya,29,Hyderabad,Operations,134968
6512,Rahul,44,Jaipur,Marketing,137981
6513,Karan,41,Hyderabad,Marketing,135954
6514,Rahul,48,Bangalore,Finance,50400
6515,Karan,37,Mumbai,Operations,102195
6516,Priya,29,Pune,IT,78482
6517,Neha,29,Pune,Operations,89109
6518,Pooja,32,Mumbai,Operations,87693
6519,Anuj,25,Bangalore,IT,29452
6520,Rahul,44,Noida,IT,66634
6521,Rohit,37,Chennai,IT,59162
6522,Aman,45,Hyderabad,Finance,76261
6523,Karan,34,Noida,IT,132308
6524,Anuj,22,Jaipur,Finance,84059
6525,Aman,22,Hyderabad,Marketing,51375
6526,Aman,39,Bangalore,IT,103779
6527,Pooja,20,Jaipur,Sales,56980
6528,Simran,28,Pune,Operations,34947
6529,Vikas,32,Lucknow,Operations,76441
6530,Priya,46,Chennai,Marketing,57932
6531,Karan,32,Chennai,HR,120132
6532,Karan,46,Delhi,Operations,103248
6533,Pooja,29,Kolkata,Operations,25738
6534,Rohit,47,Pune,HR,102377
6535,Rohit,55,Bangalore,Finance,149029
6536,Neha,36,Bangalore,Finance,122346
6537,Vikas,33,Chennai,IT,69789
6538,Karan,20,Kolkata,Operations,60461
6539,Vikas,24,Bangalore,Operations,80798
6540,Priya,30,Chennai,Sales,142213
6541,Neha,22,Mumbai,IT,97057
6542,Rahul,36,Noida,HR,110695
6543,Karan,50,Hyderabad,Marketing,94819
6544,Anuj,24,Lucknow,HR,89900
6545,Karan,34,Hyderabad,Marketing,122814
6546,Simran,49,Jaipur,HR,56599
6547,Priya,30,Bangalore,IT,119199
6548,Aman,51,Noida,Operations,111649
6549,Vikas,27,Kolkata,HR,31563
6550,Anuj,25,Bangalore,Sales,123966
6551,Neha,49,Lucknow,Operations,71371
6552,Simran,41,Noida,Operations,92827
6553,Anuj,43,Chennai,Operations,90878
6554,Anuj,50,Noida,Sales,81197
6555,Simran,36,Kolkata,HR,94966
6556,Neha,55,Delhi,Operations,41320
6557,Rahul,55,Hyderabad,HR,32619
6558,Vikas,41,Delhi,Sales,136389
6559,Anuj,40,Mumbai,Marketing,46080
6560,Rohit,53,Mumbai,Sales,68321
6561,Priya,29,Noida,Operations,52832
6562,Karan,53,Jaipur,Sales,37388
6563,Priya,37,Noida,Finance,42904
6564,Neha,35,Chennai,Sales,102305
6565,Priya,34,Lucknow,Operations,129962
6566,Priya,21,Jaipur,Marketing,48081
6567,Priya,47,Noida,Finance,80367
6568,Priya,50,Bangalore,Operations,134985
6569,Simran,37,Noida,HR,140631
6570,Rohit,41,Pune,Finance,79994
6571,Aman,52,Bangalore,Operations,41748
6572,Pooja,39,Bangalore,Finance,66449
6573,Aman,51,Kolkata,Marketing,60667
6574,Rohit,45,Chennai,Marketing,89924
6575,Simran,23,Delhi,IT,126889
6576,Priya,39,Lucknow,Operations,91635
6577,Neha,36,Bangalore,Sales,142255
6578,Priya,26,Jaipur,IT,31383
6579,Aman,29,Pune,Sales,114970
6580,Vikas,55,Kolkata,Finance,29281
6581,Aman,34,Kolkata,HR,98865
6582,Aman,34,Bangalore,Finance,67962
6583,Anuj,35,Delhi,HR,92591
6584,Rahul,49,Mumbai,Operations,31782
6585,Anuj,29,Lucknow,Finance,65089
6586,Aman,26,Mumbai,Operations,26851
6587,Pooja,54,Jaipur,Finance,136334
6588,Priya,52,Chennai,IT,36878
6589,Aman,43,Bangalore,IT,127181
6590,Rahul,46,Pune,HR,63519
6591,Aman,45,Pune,Marketing,75607
6592,Priya,46,Delhi,Marketing,41010
6593,Pooja,41,Mumbai,Sales,134049
6594,Karan,39,Chennai,Operations,66351
6595,Priya,25,Hyderabad,Operations,104743
6596,Karan,35,Delhi,IT,128214
6597,Aman,30,Lucknow,Marketing,86190
6598,Pooja,50,Lucknow,Finance,125737
6599,Simran,24,Chennai,IT,121117
6600,Priya,40,Mumbai,Operations,26703
6601,Simran,23,Noida,Marketing,30358
6602,Pooja,47,Jaipur,Marketing,28352
6603,Priya,45,Pune,HR,34219
6604,Neha,47,Chennai,IT,145109
6605,Rohit,29,Chennai,Operations,101009
6606,Aman,46,Kolkata,IT,113017
6607,Priya,50,Kolkata,Finance,32287
6608,Karan,21,Noida,Operations,141519
6609,Anuj,41,Lucknow,Marketing,146269
6610,Karan,43,Chennai,IT,29577
6611,Pooja,27,Chennai,IT,84080
6612,Rohit,39,Chennai,Finance,52477
6613,Simran,35,Chennai,IT,93033
6614,Vikas,51,Noida,IT,91383
6615,Priya,51,Delhi,HR,147969
6616,Simran,45,Mumbai,Finance,66972
6617,Karan,33,Hyderabad,HR,58768
6618,Neha,45,Chennai,HR,76444
6619,Anuj,47,Pune,Finance,82806
6620,Anuj,35,Bangalore,Operations,145281
6621,Karan,38,Mumbai,Operations,124388
6622,Pooja,35,Delhi,IT,117942
6623,Neha,30,Mumbai,IT,55381
6624,Rahul,41,Mumbai,Marketing,107680
6625,Karan,30,Mumbai,Marketing,65505
6626,Pooja,40,Pune,Sales,120481
6627,Rahul,44,Bangalore,IT,90030
6628,Aman,25,Lucknow,Marketing,62100
6629,Simran,26,Lucknow,Finance,56983
6630,Vikas,25,Jaipur,HR,135696
6631,Pooja,25,Delhi,HR,77675
6632,Simran,20,Noida,Sales,123728
6633,Rahul,29,Pune,Operations,100032
6634,Simran,54,Kolkata,HR,55405
6635,Karan,47,Chennai,Finance,132515
6636,Rahul,51,Jaipur,Sales,100200
6637,Rohit,25,Pune,Operations,108391
6638,Pooja,29,Chennai,Operations,29251
6639,Rahul,23,Kolkata,Marketing,97675
6640,Simran,20,Hyderabad,Marketing,104217
6641,Karan,50,Lucknow,Operations,61214
6642,Vikas,31,Delhi,HR,38714
6643,Karan,22,Noida,Operations,52612
6644,Anuj,28,Kolkata,Sales,39065
6645,Neha,38,Kolkata,Sales,100284
6646,Simran,43,Lucknow,Finance,94616
6647,Anuj,42,Noida,Operations,66675
6648,Pooja,25,Hyderabad,Operations,149035
6649,Pooja,22,Mumbai,Finance,100397
6650,Simran,30,Bangalore,HR,74540
6651,Pooja,39,Bangalore,Marketing,90249
6652,Karan,41,Chennai,Operations,33871
6653,Neha,26,Noida,Operations,93639
6654,Priya,22,Bangalore,Finance,53709
6655,Neha,25,Bangalore,Finance,43802
6656,Vikas,22,Delhi,IT,39314
6657,Vikas,20,Lucknow,IT,51362
6658,Aman,32,Mumbai,Finance,26739
6659,Anuj,30,Pune,Marketing,70895
6660,Karan,45,Pune,Marketing,63508
6661,Vikas,51,Hyderabad,IT,41495
6662,Karan,26,Noida,Operations,147226
6663,Vikas,37,Kolkata,Sales,111546
6664,Anuj,38,Bangalore,HR,95983
6665,Pooja,53,Chennai,Sales,108545
6666,Karan,24,Hyderabad,Sales,58176
6667,Aman,38,Chennai,HR,110818
6668,Karan,28,Bangalore,IT,128933
6669,Anuj,24,Mumbai,Sales,118025
6670,Vikas,49,Chennai,IT,47956
6671,Karan,36,Delhi,Operations,71984
6672,Anuj,30,Noida,Operations,107609
6673,Vikas,52,Jaipur,Marketing,33881
6674,Pooja,26,Chennai,IT,38574
6675,Rahul,51,Pune,Marketing,36349
6676,Aman,34,Kolkata,Sales,143356
6677,Simran,38,Mumbai,Sales,101405
6678,Rahul,22,Chennai,Finance,111011
6679,Vikas,45,Pune,Finance,30485
6680,Vikas,41,Noida,Marketing,50731
6681,Aman,30,Lucknow,Marketing,124050
6682,Karan,50,Lucknow,IT,71317
6683,Vikas,48,Hyderabad,Marketing,103795
6684,Vikas,42,Chennai,Finance,64351
6685,Vikas,52,Lucknow,Operations,137698
6686,Anuj,39,Hyderabad,Finance,123040
6687,Rahul,38,Hyderabad,Finance,26887
6688,Karan,45,Lucknow,Operations,100736
6689,Aman,46,Mumbai,IT,63509
6690,Karan,35,Mumbai,Sales,46764
6691,Aman,39,Kolkata,Marketing,111747
6692,Pooja,40,Kolkata,Finance,100682
6693,Neha,33,Chennai,HR,62052
6694,Aman,35,Bangalore,Operations,33264
6695,Vikas,49,Noida,Sales,133225
6696,Rohit,29,Bangalore,Marketing,48781
6697,Pooja,29,Lucknow,Sales,66092
6698,Aman,22,Delhi,Marketing,99018
6699,Simran,25,Delhi,Operations,83783
6700,Anuj,23,Pune,HR,106454
6701,Neha,27,Jaipur,Finance,106901
6702,Rahul,29,Hyderabad,IT,121774
6703,Aman,26,Delhi,Finance,132536
6704,Karan,48,Mumbai,HR,102283
6705,Aman,28,Hyderabad,Finance,29764
6706,Pooja,29,Hyderabad,Operations,120511
6707,Priya,24,Noida,Marketing,114553
6708,Priya,38,Pune,Sales,54919
6709,Rohit,41,Bangalore,IT,124658
6710,Pooja,40,Bangalore,Operations,126135
6711,Aman,35,Bangalore,IT,43287
6712,Rohit,50,Jaipur,IT,57362
6713,Karan,47,Chennai,Sales,98114
6714,Neha,46,Kolkata,Operations,96072
6715,Anuj,27,Mumbai,Operations,118023
6716,Vikas,55,Mumbai,Finance,83675
6717,Rahul,39,Jaipur,IT,114047
6718,Anuj,33,Jaipur,Operations,79884
6719,Aman,50,Pune,Marketing,86375
6720,Pooja,22,Lucknow,IT,76011
6721,Priya,43,Delhi,Finance,136749
6722,Pooja,30,Bangalore,IT,81387
6723,Vikas,45,Kolkata,Sales,29754
6724,Pooja,32,Pune,Finance,107936
6725,Simran,42,Pune,Marketing,75756
6726,Rohit,24,Noida,IT,133972
6727,Priya,23,Bangalore,Marketing,46668
6728,Priya,22,Hyderabad,Operations,135302
6729,Pooja,36,Bangalore,Marketing,120408
6730,Vikas,44,Chennai,Operations,93627
6731,Aman,31,Noida,Finance,100659
6732,Simran,51,Hyderabad,Operations,147934
6733,Priya,49,Kolkata,Operations,66966
6734,Anuj,45,Bangalore,Finance,142476
6735,Vikas,40,Lucknow,Marketing,134776
6736,Pooja,48,Pune,Sales,34310
6737,Priya,28,Mumbai,Sales,142210
6738,Neha,40,Hyderabad,IT,51478
6739,Simran,47,Noida,Finance,127380
6740,Anuj,40,Noida,Operations,149385
6741,Rahul,31,Bangalore,IT,133979
6742,Simran,20,Lucknow,Marketing,65598
6743,Neha,30,Kolkata,Marketing,27188
6744,Priya,36,Jaipur,Sales,109890
6745,Karan,46,Jaipur,HR,52846
6746,Vikas,25,Kolkata,Marketing,98947
6747,Neha,51,Lucknow,HR,105202
6748,Vikas,41,Hyderabad,Marketing,132230
6749,Vikas,29,Pune,Sales,86654
6750,Rahul,22,Noida,Operations,97104
6751,Vikas,28,Mumbai,Operations,53556
6752,Karan,35,Delhi,Operations,94960
6753,Priya,52,Bangalore,Finance,85441
6754,Pooja,51,Delhi,Finance,62587
6755,Rohit,37,Lucknow,Operations,63036
6756,Karan,32,Hyderabad,HR,112703
6757,Rohit,31,Bangalore,Marketing,116713
6758,Simran,46,Pune,Finance,110521
6759,Neha,22,Kolkata,Finance,50483
6760,Aman,20,Kolkata,Operations,27798
6761,Neha,43,Chennai,Sales,94212
6762,Simran,41,Chennai,Marketing,38096
6763,Anuj,43,Noida,Finance,91916
6764,Anuj,41,Jaipur,HR,50762
6765,Rahul,20,Pune,IT,78407
6766,Anuj,26,Delhi,Finance,56302
6767,Priya,50,Jaipur,HR,46113
6768,Rahul,52,Hyderabad,Operations,115515
6769,Simran,32,Jaipur,HR,124120
6770,Rahul,33,Delhi,HR,99511
6771,Pooja,29,Delhi,Finance,112098
6772,Neha,41,Noida,HR,51807
6773,Rohit,52,Jaipur,Finance,108052
6774,Vikas,37,Kolkata,Sales,106721
6775,Vikas,53,Pune,Finance,139373
6776,Rohit,45,Noida,Finance,114664
6777,Anuj,53,Bangalore,Finance,132340
6778,Anuj,32,Pune,HR,83683
6779,Karan,47,Lucknow,Operations,117490
6780,Rahul,22,Noida,HR,26117
6781,Anuj,49,Hyderabad,IT,48640
6782,Karan,55,Noida,Marketing,75440
6783,Rohit,38,Noida,Marketing,123580
6784,Karan,54,Bangalore,Sales,75053
6785,Rahul,49,Pune,Marketing,56766
6786,Rahul,22,Chennai,IT,91820
6787,Rahul,38,Kolkata,Finance,46868
6788,Karan,41,Jaipur,Marketing,140010
6789,Aman,21,Chennai,HR,25578
6790,Priya,46,Mumbai,Finance,86855
6791,Karan,24,Noida,Finance,41044
6792,Aman,50,Delhi,Marketing,70645
6793,Rahul,46,Kolkata,HR,147343
6794,Aman,49,Jaipur,IT,65490
6795,Vikas,34,Noida,IT,98300
6796,Vikas,40,Jaipur,Sales,35465
6797,Pooja,34,Kolkata,HR,97211
6798,Rahul,48,Noida,HR,67690
6799,Pooja,36,Delhi,Sales,40364
6800,Vikas,39,Lucknow,Sales,54158
6801,Priya,22,Chennai,IT,54263
6802,Neha,34,Jaipur,Sales,133121
6803,Vikas,36,Hyderabad,Finance,138655
6804,Aman,45,Chennai,Sales,38820
6805,Rahul,36,Bangalore,Finance,35181
6806,Vikas,20,Mumbai,Marketing,131523
6807,Anuj,53,Hyderabad,Sales,86591
6808,Priya,34,Kolkata,IT,91762
6809,Priya,22,Delhi,Sales,79389
6810,Neha,34,Chennai,Sales,32402
6811,Anuj,48,Jaipur,Operations,69711
6812,Vikas,35,Delhi,Finance,82372
6813,Vikas,45,Mumbai,Operations,133685
6814,Aman,20,Chennai,HR,83861
6815,Pooja,47,Lucknow,HR,78214
6816,Rahul,23,Pune,Sales,135390
6817,Pooja,24,Pune,HR,84286
6818,Rohit,37,Noida,Finance,89656
6819,Karan,54,Hyderabad,Sales,34368
6820,Priya,54,Bangalore,Sales,102714
6821,Aman,46,Mumbai,IT,42903
6822,Pooja,21,Pune,Marketing,117319
6823,Rahul,52,Delhi,Operations,127529
6824,Aman,39,Chennai,IT,139537
6825,Simran,23,Delhi,Finance,131534
6826,Priya,51,Delhi,HR,112148
6827,Rohit,33,Mumbai,IT,98227
6828,Karan,54,Pune,Operations,97439
6829,Rahul,55,Delhi,Finance,104531
6830,Pooja,38,Mumbai,Sales,42665
6831,Vikas,27,Jaipur,HR,125039
6832,Rahul,35,Chennai,IT,29373
6833,Anuj,44,Hyderabad,Finance,139631
6834,Rahul,55,Hyderabad,Marketing,54841
6835,Rahul,41,Delhi,HR,32743
6836,Karan,31,Hyderabad,Sales,145830
6837,Vikas,54,Mumbai,Operations,45458
6838,Pooja,32,Mumbai,Sales,94555
6839,Anuj,20,Bangalore,HR,83184
6840,Pooja,47,Noida,Finance,66889
6841,Aman,25,Noida,Finance,130359
6842,Anuj,41,Bangalore,Operations,82390
6843,Anuj,35,Mumbai,Finance,60365
6844,Priya,50,Delhi,HR,29390
6845,Vikas,21,Chennai,IT,71861
6846,Aman,26,Chennai,Sales,90992
6847,Neha,28,Kolkata,HR,106821
6848,Priya,36,Delhi,Operations,123618
6849,Karan,30,Noida,Marketing,144032
6850,Anuj,38,Hyderabad,Sales,49340
6851,Simran,36,Noida,Finance,56224
6852,Pooja,46,Bangalore,Operations,114073
6853,Pooja,30,Hyderabad,Marketing,134571
6854,Priya,47,Lucknow,Marketing,26695
6855,Priya,33,Lucknow,IT,52422
6856,Rahul,30,Mumbai,IT,79741
6857,Simran,43,Delhi,Operations,26698
6858,Rohit,26,Noida,HR,74554
6859,Anuj,38,Chennai,Sales,82397
6860,Priya,39,Chennai,Finance,89068
6861,Pooja,54,Pune,Operations,94450
6862,Rahul,55,Pune,Finance,88199
6863,Karan,24,Jaipur,Marketing,39518
6864,Simran,24,Mumbai,Sales,102939
6865,Neha,29,Mumbai,Sales,139283
6866,Neha,27,Mumbai,Sales,109332
6867,Vikas,20,Mumbai,Finance,47249
6868,Priya,35,Bangalore,Finance,59902
6869,Anuj,24,Delhi,Sales,124565
6870,Rahul,37,Delhi,Sales,103262
6871,Neha,31,Hyderabad,HR,86885
6872,Simran,27,Pune,Sales,111820
6873,Neha,48,Lucknow,Sales,146741
6874,Rahul,41,Mumbai,Marketing,47933
6875,Pooja,27,Mumbai,HR,74545
6876,Vikas,52,Mumbai,Operations,67418
6877,Rohit,54,Delhi,Finance,69774
6878,Aman,49,Hyderabad,Sales,123389
6879,Simran,52,Chennai,Marketing,140401
6880,Anuj,27,Mumbai,Sales,85992
6881,Priya,50,Delhi,Finance,33407
6882,Rohit,37,Noida,Sales,49817
6883,Vikas,25,Lucknow,Sales,146035
6884,Priya,42,Delhi,Finance,78067
6885,Rahul,25,Noida,Operations,61936
6886,Neha,42,Noida,Sales,100522
6887,Pooja,31,Pune,Sales,135300
6888,Rahul,44,Bangalore,HR,79290
6889,Pooja,32,Jaipur,Marketing,87472
6890,Rohit,54,Bangalore,Sales,149259
6891,Aman,36,Pune,IT,58916
6892,Anuj,21,Pune,IT,116490
6893,Rohit,25,Lucknow,Sales,72643
6894,Anuj,24,Noida,Sales,37418
6895,Karan,30,Pune,Operations,116014
6896,Rohit,29,Pune,Finance,122661
6897,Pooja,41,Mumbai,Operations,65524
6898,Priya,30,Hyderabad,Operations,66465
6899,Rahul,53,Mumbai,Operations,54999
6900,Simran,54,Jaipur,IT,84324
6901,Vikas,32,Chennai,IT,71713
6902,Pooja,50,Noida,Marketing,125337
6903,Simran,42,Pune,Operations,48291
6904,Pooja,21,Mumbai,Marketing,71588
6905,Anuj,41,Pune,HR,83117
6906,Anuj,44,Lucknow,Sales,119263
6907,Neha,47,Bangalore,Operations,64380
6908,Anuj,26,Hyderabad,Sales,130743
6909,Neha,52,Chennai,HR,63950
6910,Anuj,45,Bangalore,IT,113856
6911,Priya,33,Hyderabad,Sales,131283
6912,Rahul,30,Mumbai,Operations,149404
6913,Rohit,32,Pune,Finance,132950
6914,Simran,50,Bangalore,IT,92922
6915,Pooja,24,Mumbai,HR,94709
6916,Simran,34,Jaipur,Sales,44164
6917,Aman,51,Chennai,Sales,137206
6918,Karan,55,Bangalore,Sales,67354
6919,Rohit,49,Bangalore,Sales,43284
6920,Rahul,44,Lucknow,Operations,119411
6921,Anuj,40,Kolkata,IT,79953
6922,Aman,43,Chennai,Operations,110812
6923,Pooja,32,Delhi,Operations,135576
6924,Anuj,22,Mumbai,Marketing,149274
6925,Pooja,22,Bangalore,Marketing,104107
6926,Karan,48,Lucknow,Sales,100162
6927,Anuj,32,Jaipur,Marketing,31361
6928,Rohit,20,Chennai,HR,117693
6929,Aman,42,Chennai,HR,39745
6930,Anuj,21,Pune,Finance,132003
6931,Aman,43,Bangalore,Operations,93239
6932,Anuj,41,Mumbai,IT,72880
6933,Vikas,46,Delhi,Sales,149292
6934,Rahul,20,Lucknow,HR,38661
6935,Pooja,40,Hyderabad,Operations,124863
6936,Karan,49,Pune,Finance,146306
6937,Aman,25,Chennai,Marketing,38503
6938,Karan,28,Kolkata,Operations,132339
6939,Rahul,26,Kolkata,IT,39708
6940,Rahul,53,Pune,HR,66244
6941,Rahul,55,Bangalore,Finance,121444
6942,Pooja,27,Lucknow,Sales,81725
6943,Karan,28,Jaipur,Finance,87432
6944,Karan,50,Hyderabad,IT,142067
6945,Rohit,51,Mumbai,Marketing,57722
6946,Rahul,55,Lucknow,Marketing,128199
6947,Rohit,55,Kolkata,Operations,55437
6948,Priya,41,Pune,Operations,96230
6949,Neha,27,Hyderabad,Operations,138324
6950,Priya,22,Chennai,HR,70130
6951,Neha,40,Noida,Operations,34773
6952,Rahul,35,Hyderabad,Operations,66912
6953,Karan,39,Mumbai,IT,85286
6954,Simran,54,Chennai,Finance,81075
6955,Aman,47,Chennai,Finance,62597
6956,Neha,38,Hyderabad,Marketing,121472
6957,Rohit,22,Hyderabad,Operations,80110
6958,Anuj,26,Lucknow,Finance,89807
6959,Karan,23,Noida,Marketing,29859
6960,Aman,39,Bangalore,IT,110066
6961,Neha,28,Kolkata,Operations,73269
6962,Rahul,36,Chennai,Operations,32901
6963,Rahul,44,Mumbai,Finance,111641
6964,Vikas,29,Hyderabad,HR,79225
6965,Aman,37,Pune,HR,123422
6966,Priya,41,Jaipur,Operations,138463
6967,Aman,46,Delhi,HR,135942
6968,Neha,24,Lucknow,HR,94737
6969,Simran,53,Chennai,HR,26211
6970,Aman,43,Chennai,Operations,104759
6971,Pooja,24,Bangalore,Operations,96381
6972,Rohit,51,Noida,Sales,51512
6973,Karan,39,Bangalore,IT,91060
6974,Anuj,39,Kolkata,HR,121368
6975,Aman,46,Hyderabad,Finance,52462
6976,Rahul,21,Pune,Operations,33875
6977,Karan,21,Pune,Operations,137653
6978,Priya,38,Chennai,Marketing,101400
6979,Aman,40,Lucknow,Sales,54273
6980,Anuj,31,Hyderabad,Finance,58970
6981,Pooja,25,Mumbai,Marketing,81874
6982,Rahul,28,Bangalore,Operations,67416
6983,Anuj,53,Kolkata,Sales,117084
6984,Anuj,26,Bangalore,Finance,32934
6985,Aman,43,Chennai,HR,48262
6986,Rahul,27,Chennai,IT,124536
6987,Karan,26,Hyderabad,HR,88552
6988,Vikas,36,Pune,Sales,66948
6989,Priya,41,Hyderabad,Operations,91734
6990,Pooja,40,Pune,Sales,149920
6991,Aman,27,Jaipur,Operations,81141
6992,Rohit,31,Lucknow,Finance,31766
6993,Aman,33,Chennai,Sales,57587
6994,Vikas,25,Mumbai,Operations,145814
6995,Simran,34,Lucknow,Marketing,106999
6996,Pooja,23,Jaipur,Finance,64216
6997,Priya,37,Hyderabad,Marketing,122852
6998,Rohit,39,Pune,Marketing,122720
6999,Aman,55,Mumbai,HR,142958
7000,Karan,54,Bangalore,Marketing,70102
7001,Anuj,25,Pune,Sales,74390
7002,Karan,55,Chennai,HR,51574
7003,Aman,54,Kolkata,Operations,115197
7004,Pooja,39,Lucknow,Sales,56594
7005,Karan,55,Mumbai,Marketing,136949
7006,Rahul,39,Bangalore,Marketing,52075
7007,Vikas,26,Noida,Sales,126898
7008,Neha,45,Hyderabad,Operations,95841
7009,Priya,22,Kolkata,Marketing,100770
7010,Anuj,39,Noida,IT,44756
7011,Simran,46,Mumbai,Sales,57009
7012,Rohit,25,Kolkata,Marketing,64407
7013,Rohit,41,Chennai,Finance,106745
7014,Rahul,37,Pune,Marketing,141095
7015,Simran,23,Jaipur,Marketing,72128
7016,Rahul,28,Pune,Finance,43141
7017,Karan,24,Hyderabad,Operations,61555
7018,Neha,26,Bangalore,Operations,125834
7019,Simran,20,Pune,Marketing,67077
7020,Simran,26,Bangalore,Sales,84253
7021,Rohit,50,Chennai,Operations,32025
7022,Pooja,22,Jaipur,Sales,69433
7023,Rohit,50,Hyderabad,IT,35109
7024,Vikas,43,Jaipur,Operations,66522
7025,Anuj,45,Chennai,HR,138190
7026,Rohit,54,Pune,IT,140426
7027,Rahul,26,Lucknow,Sales,139529
7028,Aman,36,Delhi,Sales,69203
7029,Pooja,30,Chennai,IT,119695
7030,Pooja,55,Noida,Marketing,86670
7031,Aman,35,Chennai,Marketing,136834
7032,Aman,25,Jaipur,HR,94529
7033,Anuj,41,Mumbai,Marketing,148019
7034,Anuj,30,Bangalore,Operations,149871
7035,Neha,31,Lucknow,Finance,108619
7036,Vikas,26,Kolkata,HR,42495
7037,Rohit,21,Lucknow,HR,77747
7038,Priya,50,Pune,IT,50215
7039,Vikas,33,Lucknow,Operations,95177
7040,Neha,28,Lucknow,Operations,96292
7041,Karan,30,Jaipur,Operations,25990
7042,Pooja,52,Noida,IT,132988
7043,Anuj,35,Chennai,Sales,108864
7044,Rahul,46,Noida,HR,51545
7045,Anuj,20,Hyderabad,IT,130394
7046,Simran,53,Pune,Finance,46782
7047,Aman,37,Jaipur,Finance,60303
7048,Aman,32,Noida,Finance,113766
7049,Anuj,51,Noida,Operations,121860
7050,Pooja,55,Chennai,Operations,139538
7051,Simran,35,Jaipur,Marketing,144012
7052,Rahul,23,Pune,Finance,44050
7053,Rahul,47,Kolkata,Operations,85815
7054,Rohit,33,Noida,Operations,36622
7055,Pooja,44,Delhi,IT,74484
7056,Karan,32,Pune,Finance,39431
7057,Karan,53,Delhi,Operations,112175
7058,Neha,38,Kolkata,Finance,93856
7059,Priya,42,Pune,Sales,122968
7060,Rohit,28,Kolkata,HR,113043
7061,Neha,45,Mumbai,Finance,76076
7062,Rohit,46,Chennai,Finance,126305
7063,Rahul,38,Delhi,Finance,46063
7064,Neha,37,Kolkata,IT,118750
7065,Rohit,35,Mumbai,HR,146854
7066,Rahul,27,Delhi,Marketing,115180
7067,Rohit,46,Noida,Marketing,92010
7068,Priya,36,Bangalore,Operations,144180
7069,Rohit,51,Jaipur,Marketing,107829
7070,Priya,20,Lucknow,Finance,74523
7071,Rohit,27,Chennai,Sales,101022
7072,Rahul,45,Kolkata,Sales,147621
7073,Pooja,32,Jaipur,Marketing,85646
7074,Karan,36,Delhi,Marketing,121447
7075,Pooja,28,Jaipur,HR,57890
7076,Anuj,31,Mumbai,Operations,88098
7077,Priya,27,Chennai,Marketing,79783
7078,Aman,35,Bangalore,IT,119809
7079,Rohit,28,Lucknow,Operations,130569
7080,Karan,22,Pune,IT,48575
7081,Pooja,34,Noida,Sales,149868
7082,Aman,35,Mumbai,Marketing,141951
7083,Priya,22,Noida,HR,53259
7084,Neha,24,Bangalore,Sales,107915
7085,Aman,45,Chennai,HR,86524
7086,Pooja,28,Pune,Sales,28222
7087,Rohit,33,Lucknow,Finance,52409
7088,Neha,37,Bangalore,Finance,114722
7089,Vikas,27,Kolkata,Sales,97942
7090,Rohit,20,Chennai,Sales,70159
7091,Neha,33,Mumbai,IT,110387
7092,Aman,27,Hyderabad,HR,61583
7093,Anuj,20,Bangalore,HR,86549
7094,Karan,46,Mumbai,Marketing,98435
7095,Anuj,26,Lucknow,Finance,124277
7096,Vikas,41,Mumbai,Sales,83182
7097,Aman,33,Chennai,Operations,123579
7098,Rahul,48,Bangalore,Finance,139066
7099,Pooja,29,Hyderabad,HR,116103
7100,Pooja,29,Chennai,Sales,49303
7101,Priya,27,Pune,Marketing,79160
7102,Aman,43,Pune,Operations,94023
7103,Neha,40,Lucknow,Finance,37580
7104,Rohit,46,Noida,Sales,99815
7105,Vikas,44,Kolkata,Marketing,138746
7106,Karan,53,Mumbai,Marketing,49800
7107,Aman,37,Lucknow,HR,145324
7108,Karan,48,Lucknow,Marketing,41102
7109,Aman,32,Bangalore,HR,129402
7110,Karan,29,Delhi,Marketing,105046
7111,Simran,33,Pune,HR,45318
7112,Rohit,44,Chennai,IT,48442
7113,Rahul,42,Lucknow,Sales,119883
7114,Priya,32,Bangalore,Marketing,99961
7115,Simran,35,Jaipur,Marketing,149704
7116,Pooja,51,Noida,HR,61768
7117,Rohit,51,Noida,HR,36832
7118,Karan,37,Mumbai,Operations,126173
7119,Pooja,47,Chennai,HR,129095
7120,Pooja,23,Chennai,Finance,118418
7121,Vikas,36,Bangalore,HR,48029
7122,Anuj,20,Lucknow,Finance,147311
7123,Priya,47,Kolkata,Operations,116972
7124,Rohit,49,Noida,Operations,54218
7125,Rohit,30,Lucknow,HR,43284
7126,Neha,23,Chennai,Sales,91902
7127,Priya,23,Kolkata,IT,123784
7128,Karan,49,Delhi,Finance,116384
7129,Rohit,53,Chennai,IT,25127
7130,Karan,38,Jaipur,Marketing,138644
7131,Aman,33,Pune,Finance,148081
7132,Karan,46,Pune,Sales,125177
7133,Anuj,27,Hyderabad,IT,137105
7134,Priya,38,Pune,IT,76348
7135,Anuj,29,Lucknow,Sales,49304
7136,Anuj,38,Noida,Operations,70680
7137,Pooja,37,Delhi,IT,56542
7138,Simran,31,Noida,IT,114810
7139,Anuj,47,Chennai,Operations,100991
7140,Priya,20,Noida,Sales,57860
7141,Simran,50,Mumbai,Operations,138710
7142,Priya,53,Hyderabad,Finance,120989
7143,Pooja,24,Lucknow,Sales,37424
7144,Rahul,49,Delhi,Finance,144463
7145,Pooja,42,Noida,Operations,90771
7146,Pooja,39,Chennai,Finance,72255
7147,Rohit,34,Pune,Sales,60989
7148,Rahul,48,Lucknow,Operations,69790
7149,Simran,32,Lucknow,Operations,73241
7150,Anuj,37,Bangalore,Sales,61464
7151,Priya,50,Lucknow,HR,33444
7152,Rohit,44,Delhi,Operations,135534
7153,Aman,37,Noida,Finance,95668
7154,Neha,30,Pune,Operations,105336
7155,Vikas,50,Pune,Finance,46520
7156,Rohit,34,Pune,Sales,66719
7157,Rahul,48,Bangalore,Operations,95617
7158,Anuj,28,Bangalore,Operations,142642
7159,Pooja,21,Pune,Sales,94446
7160,Vikas,35,Kolkata,Sales,141367
7161,Aman,51,Chennai,Operations,145908
7162,Pooja,44,Kolkata,Sales,145106
7163,Karan,34,Pune,HR,56330
7164,Karan,55,Bangalore,Marketing,36211
7165,Anuj,52,Jaipur,Finance,59246
7166,Pooja,29,Noida,HR,125377
7167,Pooja,27,Bangalore,Marketing,25471
7168,Aman,37,Delhi,Sales,31706
7169,Priya,43,Lucknow,Marketing,141724
7170,Aman,53,Jaipur,IT,55440
7171,Neha,36,Bangalore,Finance,70502
7172,Pooja,26,Noida,Operations,77735
7173,Anuj,37,Delhi,Finance,54446
7174,Rahul,53,Noida,IT,28668
7175,Priya,39,Chennai,IT,51610
7176,Neha,45,Kolkata,Marketing,143564
7177,Simran,21,Lucknow,IT,144911
7178,Anuj,24,Pune,IT,45776
7179,Vikas,26,Delhi,Marketing,91202
7180,Priya,35,Noida,IT,44747
7181,Vikas,38,Bangalore,HR,81504
7182,Karan,36,Jaipur,Marketing,87238
7183,Simran,35,Noida,Marketing,50006
7184,Karan,55,Noida,Finance,67779
7185,Rohit,53,Chennai,Finance,112521
7186,Rahul,31,Delhi,Operations,64683
7187,Karan,51,Bangalore,Operations,139174
7188,Neha,53,Lucknow,IT,105264
7189,Anuj,20,Lucknow,Operations,26189
7190,Simran,29,Noida,Finance,65416
7191,Neha,21,Delhi,Sales,83559
7192,Anuj,40,Delhi,Operations,100965
7193,Rahul,55,Bangalore,Sales,131604
7194,Priya,46,Mumbai,Finance,123960
7195,Neha,41,Delhi,HR,96652
7196,Pooja,20,Mumbai,HR,149678
7197,Karan,50,Jaipur,Finance,74847
7198,Anuj,32,Jaipur,Marketing,72223
7199,Neha,31,Chennai,Marketing,83068
7200,Neha,26,Chennai,Operations,38141
7201,Aman,39,Noida,Operations,80919
7202,Simran,47,Chennai,Sales,133569
7203,Rahul,36,Jaipur,Operations,128967
7204,Simran,37,Delhi,Finance,91026
7205,Rohit,32,Noida,Marketing,101574
7206,Aman,45,Lucknow,HR,118558
7207,Neha,42,Lucknow,Marketing,82237
7208,Rohit,26,Delhi,HR,110753
7209,Simran,44,Pune,Operations,43255
7210,Rahul,50,Bangalore,HR,37108
7211,Pooja,32,Mumbai,IT,50519
7212,Karan,35,Noida,Finance,44367
7213,Rohit,40,Pune,Finance,127165
7214,Rohit,22,Bangalore,IT,121881
7215,Neha,41,Jaipur,Marketing,129039
7216,Neha,42,Hyderabad,Operations,73062
7217,Vikas,50,Bangalore,IT,32822
7218,Simran,35,Jaipur,Marketing,93748
7219,Priya,54,Bangalore,Sales,79765
7220,Vikas,41,Mumbai,Finance,47625
7221,Anuj,51,Delhi,IT,136468
7222,Rahul,34,Pune,Finance,95765
7223,Neha,47,Hyderabad,HR,78448
7224,Neha,55,Pune,Operations,143911
7225,Pooja,21,Noida,Operations,95286
7226,Pooja,24,Chennai,Operations,66121
7227,Simran,26,Delhi,HR,75585
7228,Simran,28,Kolkata,Operations,63295
7229,Rahul,34,Lucknow,Marketing,106934
7230,Pooja,46,Noida,IT,52567
7231,Simran,22,Kolkata,IT,64066
7232,Simran,33,Lucknow,HR,82442
7233,Vikas,49,Noida,HR,75672
7234,Pooja,46,Pune,Finance,31624
7235,Karan,54,Jaipur,Sales,114813
7236,Neha,24,Chennai,Operations,114139
7237,Rahul,26,Delhi,HR,93662
7238,Rohit,55,Noida,Finance,133004
7239,Pooja,48,Hyderabad,Finance,139455
7240,Rahul,28,Kolkata,Marketing,148621
7241,Rahul,34,Noida,HR,95551
7242,Priya,33,Noida,HR,47916
7243,Aman,33,Kolkata,Finance,52643
7244,Vikas,43,Noida,Sales,27658
7245,Rahul,26,Pune,Operations,100578
7246,Rahul,22,Mumbai,Sales,47282
7247,Aman,36,Noida,Marketing,136547
7248,Vikas,20,Lucknow,Finance,72382
7249,Rahul,46,Bangalore,Marketing,96352
7250,Aman,27,Delhi,IT,82588
7251,Pooja,37,Mumbai,Operations,48211
7252,Aman,48,Bangalore,Operations,93244
7253,Rohit,33,Kolkata,HR,103379
7254,Simran,25,Delhi,Sales,128733
7255,Anuj,41,Mumbai,Marketing,110336
7256,Vikas,35,Jaipur,Marketing,108869
7257,Priya,27,Jaipur,IT,62942
7258,Simran,25,Noida,Operations,76781
7259,Aman,36,Bangalore,HR,86188
7260,Pooja,54,Noida,Finance,147278
7261,Neha,35,Noida,Finance,139703
7262,Priya,22,Mumbai,HR,112081
7263,Pooja,50,Jaipur,IT,52979
7264,Anuj,37,Kolkata,Marketing,76502
7265,Vikas,54,Bangalore,Sales,52438
7266,Rohit,30,Hyderabad,Finance,35228
7267,Rahul,20,Mumbai,Marketing,76986
7268,Anuj,51,Kolkata,HR,51523
7269,Rohit,33,Noida,Operations,56992
7270,Simran,46,Lucknow,Finance,27155
7271,Neha,41,Pune,Finance,136664
7272,Priya,26,Chennai,IT,97628
7273,Karan,25,Kolkata,Marketing,63471
7274,Neha,52,Jaipur,Marketing,75783
7275,Neha,34,Hyderabad,Marketing,30489
7276,Pooja,37,Kolkata,Marketing,38517
7277,Karan,20,Chennai,Sales,86484
7278,Simran,47,Bangalore,Finance,45669
7279,Simran,42,Chennai,HR,122546
7280,Pooja,42,Pune,Sales,76659
7281,Pooja,48,Lucknow,HR,141937
7282,Vikas,55,Noida,HR,44955
7283,Karan,30,Pune,IT,92390
7284,Aman,21,Jaipur,Marketing,125858
7285,Vikas,26,Noida,Finance,26871
7286,Aman,21,Delhi,Marketing,55882
7287,Vikas,37,Kolkata,HR,148821
7288,Rohit,32,Bangalore,Marketing,52195
7289,Pooja,31,Lucknow,Sales,116881
7290,Neha,30,Noida,Marketing,141726
7291,Vikas,34,Chennai,IT,78113
7292,Anuj,22,Noida,Finance,65841
7293,Aman,31,Lucknow,Sales,104778
7294,Neha,32,Bangalore,Operations,31435
7295,Vikas,33,Mumbai,HR,92576
7296,Pooja,32,Pune,IT,133183
7297,Aman,28,Mumbai,Sales,131160
7298,Karan,38,Noida,Sales,62222
7299,Aman,49,Hyderabad,IT,127614
7300,Simran,23,Bangalore,Marketing,141166
7301,Vikas,48,Delhi,Marketing,112489
7302,Aman,34,Noida,Operations,90484
7303,Aman,28,Pune,Marketing,61868
7304,Aman,22,Noida,Operations,99837
7305,Aman,27,Hyderabad,Finance,35582
7306,Rohit,33,Pune,HR,107796
7307,Rahul,43,Hyderabad,Finance,36836
7308,Anuj,39,Delhi,Marketing,81768
7309,Neha,47,Chennai,Operations,130776
7310,Karan,29,Lucknow,Sales,56397
7311,Aman,24,Chennai,HR,58308
7312,Pooja,30,Mumbai,Sales,136835
7313,Vikas,50,Chennai,HR,110458
7314,Neha,44,Noida,Sales,117715
7315,Aman,20,Chennai,HR,54172
7316,Rohit,30,Jaipur,HR,137518
7317,Simran,43,Bangalore,Marketing,114104
7318,Anuj,22,Hyderabad,Finance,29531
7319,Neha,54,Hyderabad,Marketing,54981
7320,Neha,31,Mumbai,HR,148572
7321,Aman,46,Hyderabad,Sales,37454
7322,Neha,26,Mumbai,IT,33003
7323,Pooja,25,Kolkata,Sales,118497
7324,Simran,30,Bangalore,IT,149616
7325,Aman,33,Noida,Operations,115396
7326,Simran,24,Delhi,HR,37834
7327,Vikas,29,Mumbai,Finance,75880
7328,Rahul,46,Hyderabad,IT,79008
7329,Anuj,26,Bangalore,Sales,55784
7330,Priya,47,Kolkata,Marketing,125742
7331,Pooja,34,Noida,Finance,74197
7332,Aman,30,Kolkata,IT,81561
7333,Pooja,37,Lucknow,IT,48451
7334,Neha,53,Jaipur,Marketing,123531
7335,Aman,55,Lucknow,Marketing,43832
7336,Anuj,53,Lucknow,IT,93702
7337,Simran,41,Bangalore,Sales,60929
7338,Simran,48,Jaipur,HR,72557
7339,Neha,30,Jaipur,HR,134718
7340,Vikas,54,Hyderabad,Finance,66701
7341,Pooja,33,Chennai,Marketing,65111
7342,Vikas,48,Chennai,HR,34485
7343,Karan,47,Lucknow,Finance,63024
7344,Aman,31,Bangalore,Finance,123321
7345,Karan,48,Jaipur,IT,25348
7346,Pooja,37,Lucknow,HR,94916
7347,Neha,40,Lucknow,Marketing,108317
7348,Rahul,36,Pune,IT,68422
7349,Pooja,33,Delhi,Sales,84469
7350,Anuj,21,Delhi,Finance,105651
7351,Aman,32,Hyderabad,Finance,144772
7352,Simran,45,Noida,HR,146429
7353,Rahul,38,Lucknow,Finance,136874
7354,Vikas,44,Hyderabad,HR,149691
7355,Anuj,54,Chennai,Finance,74592
7356,Priya,49,Kolkata,Finance,44957
7357,Karan,25,Hyderabad,Operations,46343
7358,Rohit,27,Chennai,Marketing,142317
7359,Pooja,28,Pune,IT,100358
7360,Neha,23,Hyderabad,Operations,71136
7361,Rahul,34,Hyderabad,Operations,34955
7362,Neha,54,Jaipur,IT,125113
7363,Anuj,27,Bangalore,Finance,134777
7364,Karan,55,Mumbai,IT,38643
7365,Rohit,50,Mumbai,Sales,108080
7366,Karan,45,Kolkata,Sales,25240
7367,Simran,28,Noida,IT,92036
7368,Rohit,23,Kolkata,HR,65920
7369,Vikas,53,Mumbai,IT,94081
7370,Rohit,31,Chennai,Sales,80966
7371,Anuj,54,Chennai,Operations,35459
7372,Rahul,34,Mumbai,Marketing,29769
7373,Simran,28,Hyderabad,Operations,75154
7374,Pooja,35,Chennai,Finance,120828
7375,Rahul,23,Hyderabad,Operations,126467
7376,Simran,52,Delhi,HR,79338
7377,Priya,54,Bangalore,HR,122970
7378,Rohit,24,Chennai,Marketing,30735
7379,Pooja,35,Delhi,Finance,121963
7380,Neha,54,Kolkata,Operations,111484
7381,Karan,55,Delhi,Marketing,128596
7382,Karan,25,Delhi,Operations,32881
7383,Simran,41,Noida,Operations,48941
7384,Anuj,53,Bangalore,IT,138548
7385,Neha,54,Bangalore,Operations,76048
7386,Priya,25,Noida,Marketing,141786
7387,Aman,36,Pune,Operations,25803
7388,Priya,36,Delhi,IT,63822
7389,Neha,41,Chennai,IT,79898
7390,Priya,55,Jaipur,HR,102481
7391,Neha,28,Chennai,IT,27305
7392,Anuj,31,Mumbai,HR,108511
7393,Vikas,22,Bangalore,Marketing,38618
7394,Neha,47,Delhi,Marketing,82959
7395,Neha,51,Jaipur,Sales,59320
7396,Vikas,33,Kolkata,Sales,105279
7397,Pooja,28,Noida,Sales,111523
7398,Simran,34,Delhi,HR,68974
7399,Rahul,25,Delhi,Sales,51116
7400,Rohit,53,Chennai,Marketing,91992
7401,Pooja,29,Chennai,Finance,133699
7402,Priya,48,Jaipur,Operations,108126
7403,Pooja,24,Lucknow,Operations,106822
7404,Vikas,47,Delhi,Operations,38887
7405,Aman,54,Bangalore,Finance,144146
7406,Priya,25,Noida,IT,132849
7407,Priya,40,Kolkata,IT,119248
7408,Aman,49,Mumbai,Sales,74772
7409,Karan,30,Jaipur,Marketing,141812
7410,Karan,37,Mumbai,HR,132563
7411,Rahul,41,Delhi,HR,42576
7412,Aman,21,Kolkata,Operations,143164
7413,Rohit,22,Chennai,IT,65929
7414,Vikas,20,Mumbai,IT,61366
7415,Pooja,21,Pune,Sales,34514
7416,Simran,21,Jaipur,Marketing,28133
7417,Neha,21,Noida,HR,79580
7418,Rahul,25,Noida,Finance,75968
7419,Karan,40,Hyderabad,Sales,107114
7420,Priya,30,Mumbai,Marketing,89435
7421,Rahul,25,Mumbai,IT,96524
7422,Anuj,25,Pune,IT,96348
7423,Priya,32,Mumbai,IT,62734
7424,Vikas,50,Jaipur,IT,66870
7425,Priya,26,Mumbai,Sales,86687
7426,Aman,48,Mumbai,HR,139509
7427,Simran,54,Mumbai,HR,146884
7428,Pooja,43,Jaipur,Finance,53947
7429,Karan,23,Mumbai,IT,136197
7430,Aman,21,Bangalore,Marketing,133489
7431,Rohit,29,Delhi,IT,44333
7432,Aman,42,Jaipur,HR,144167
7433,Priya,40,Bangalore,Marketing,34981
7434,Vikas,44,Kolkata,IT,81436
7435,Simran,27,Hyderabad,Finance,70763
7436,Pooja,52,Mumbai,Operations,32337
7437,Anuj,38,Jaipur,Operations,139668
7438,Vikas,38,Pune,IT,48291
7439,Karan,36,Hyderabad,Marketing,144429
7440,Vikas,30,Lucknow,HR,114560
7441,Pooja,25,Lucknow,Marketing,60888
7442,Simran,54,Lucknow,Marketing,45037
7443,Pooja,29,Bangalore,Marketing,142559
7444,Rohit,54,Delhi,IT,52716
7445,Anuj,50,Delhi,Sales,126474
7446,Anuj,38,Bangalore,Finance,93790
7447,Aman,51,Noida,Operations,100004
7448,Vikas,53,Delhi,Operations,50564
7449,Vikas,24,Jaipur,HR,70422
7450,Pooja,29,Bangalore,IT,59875
7451,Rahul,31,Kolkata,HR,122325
7452,Vikas,38,Lucknow,HR,58324
7453,Priya,52,Noida,IT,136036
7454,Aman,22,Pune,Marketing,134505
7455,Pooja,40,Hyderabad,IT,26833
7456,Rohit,44,Noida,Operations,85413
7457,Anuj,50,Noida,Operations,34996
7458,Rahul,22,Pune,Marketing,129890
7459,Vikas,52,Hyderabad,Sales,33869
7460,Pooja,47,Delhi,Marketing,109179
7461,Rahul,49,Hyderabad,Finance,146242
7462,Karan,21,Pune,Marketing,27006
7463,Neha,22,Hyderabad,Finance,115048
7464,Karan,23,Kolkata,IT,85824
7465,Pooja,20,Mumbai,Marketing,124083
7466,Karan,36,Mumbai,Finance,47483
7467,Priya,35,Jaipur,Operations,105811
7468,Vikas,44,Lucknow,Finance,92608
7469,Pooja,42,Mumbai,IT,74133
7470,Rahul,41,Delhi,Finance,28142
7471,Neha,25,Chennai,IT,47142
7472,Simran,43,Bangalore,Marketing,56966
7473,Karan,53,Noida,IT,111667
7474,Anuj,37,Hyderabad,Operations,111347
7475,Vikas,53,Kolkata,HR,28346
7476,Aman,29,Jaipur,Marketing,70358
7477,Karan,45,Delhi,Sales,108714
7478,Anuj,44,Lucknow,Marketing,146914
7479,Aman,27,Kolkata,Sales,123176
7480,Neha,35,Jaipur,Operations,28988
7481,Pooja,46,Pune,Sales,135170
7482,Aman,29,Delhi,Marketing,80790
7483,Neha,37,Mumbai,Operations,81848
7484,Aman,52,Jaipur,HR,83262
7485,Anuj,34,Delhi,IT,37358
7486,Vikas,40,Noida,Finance,58106
7487,Neha,43,Delhi,Operations,95895
7488,Priya,23,Bangalore,IT,69540
7489,Neha,43,Noida,Marketing,55668
7490,Anuj,39,Lucknow,Finance,146908
7491,Vikas,30,Bangalore,IT,54147
7492,Vikas,44,Hyderabad,Sales,111121
7493,Simran,22,Pune,Marketing,51109
7494,Rahul,55,Bangalore,Sales,126738
7495,Simran,22,Noida,Sales,40998
7496,Rohit,50,Lucknow,Sales,90485
7497,Aman,23,Hyderabad,IT,125133
7498,Rahul,46,Mumbai,Sales,35561
7499,Karan,33,Jaipur,HR,58387
7500,Aman,35,Noida,Marketing,84648
7501,Simran,46,Bangalore,HR,100354
7502,Neha,55,Bangalore,Sales,124661
7503,Neha,49,Kolkata,Sales,66522
7504,Vikas,42,Jaipur,IT,71770
7505,Vikas,21,Chennai,Marketing,58484
7506,Neha,53,Kolkata,HR,121409
7507,Rahul,31,Bangalore,IT,131217
7508,Simran,28,Mumbai,Operations,33649
7509,Karan,24,Jaipur,IT,47374
7510,Neha,23,Delhi,Sales,98781
7511,Aman,37,Mumbai,Finance,145469
7512,Anuj,23,Noida,Operations,129810
7513,Aman,27,Jaipur,IT,138556
7514,Simran,45,Jaipur,Finance,97404
7515,Vikas,36,Lucknow,Finance,116095
7516,Neha,53,Pune,HR,46736
7517,Pooja,27,Delhi,Marketing,63365
7518,Priya,55,Chennai,Marketing,123794
7519,Neha,53,Pune,HR,124409
7520,Aman,20,Hyderabad,Finance,100889
7521,Rahul,36,Kolkata,Sales,48301
7522,Rohit,36,Jaipur,Operations,45527
7523,Aman,31,Delhi,Finance,25758
7524,Simran,55,Pune,HR,132569
7525,Rohit,50,Kolkata,Marketing,127629
7526,Rohit,51,Jaipur,IT,48580
7527,Simran,35,Lucknow,Finance,91538
7528,Karan,53,Noida,Finance,113011
7529,Simran,32,Mumbai,IT,143025
7530,Simran,44,Noida,IT,96942
7531,Simran,32,Pune,Operations,34466
7532,Rahul,53,Lucknow,Sales,71732
7533,Priya,24,Kolkata,Finance,128040
7534,Pooja,45,Bangalore,Operations,110665
7535,Rahul,37,Pune,Sales,48723
7536,Rahul,35,Chennai,Operations,31233
7537,Aman,29,Lucknow,IT,91717
7538,Anuj,24,Lucknow,Operations,101875
7539,Pooja,29,Delhi,Sales,137659
7540,Neha,45,Hyderabad,IT,114137
7541,Vikas,38,Hyderabad,Finance,71427
7542,Neha,30,Jaipur,Marketing,43178
7543,Aman,53,Hyderabad,HR,39504
7544,Pooja,39,Hyderabad,IT,135722
7545,Karan,46,Kolkata,Finance,82735
7546,Simran,39,Hyderabad,HR,139417
7547,Neha,30,Lucknow,Finance,76442
7548,Aman,21,Lucknow,Operations,96767
7549,Vikas,35,Bangalore,IT,25469
7550,Anuj,46,Delhi,Sales,40754
7551,Rahul,28,Jaipur,IT,131869
7552,Rohit,43,Bangalore,IT,45699
7553,Aman,53,Mumbai,Marketing,79664
7554,Aman,47,Lucknow,Finance,104597
7555,Rohit,33,Delhi,IT,81375
7556,Vikas,26,Chennai,Operations,46790
7557,Aman,39,Lucknow,IT,68799
7558,Rohit,36,Chennai,Marketing,30962
7559,Aman,25,Lucknow,IT,136547
7560,Rahul,49,Delhi,IT,67940
7561,Priya,22,Bangalore,Operations,124515
7562,Rahul,44,Hyderabad,Operations,32477
7563,Rahul,38,Mumbai,Sales,87551
7564,Anuj,44,Jaipur,Operations,121556
7565,Pooja,30,Lucknow,Operations,54880
7566,Priya,42,Jaipur,Operations,118382
7567,Anuj,43,Chennai,Sales,42808
7568,Rohit,38,Delhi,Operations,61511
7569,Rahul,22,Chennai,Marketing,123282
7570,Anuj,31,Noida,Marketing,145329
7571,Simran,45,Delhi,Sales,103661
7572,Karan,34,Chennai,Sales,33304
7573,Anuj,43,Hyderabad,IT,55367
7574,Pooja,41,Chennai,Sales,141313
7575,Rahul,54,Kolkata,HR,103746
7576,Vikas,31,Pune,HR,63711
7577,Anuj,38,Pune,Marketing,56275
7578,Rahul,32,Kolkata,Operations,32101
7579,Vikas,21,Bangalore,Marketing,57383
7580,Anuj,25,Hyderabad,Finance,132260
7581,Rahul,50,Kolkata,Marketing,115177
7582,Rahul,44,Delhi,Operations,123356
7583,Karan,39,Noida,Sales,47120
7584,Rohit,46,Chennai,IT,72890
7585,Karan,37,Hyderabad,Finance,31006
7586,Rohit,38,Mumbai,Sales,122238
7587,Aman,52,Kolkata,Sales,124046
7588,Neha,53,Chennai,IT,47070
7589,Anuj,52,Noida,HR,88746
7590,Rahul,21,Pune,Operations,57846
7591,Aman,34,Chennai,HR,103689
7592,Vikas,26,Jaipur,Marketing,77092
7593,Karan,43,Noida,Finance,131703
7594,Neha,35,Bangalore,Marketing,44917
7595,Neha,55,Lucknow,Operations,128327
7596,Aman,52,Jaipur,Operations,56419
7597,Simran,53,Delhi,Marketing,98551
7598,Karan,31,Mumbai,Operations,55192
7599,Rohit,37,Hyderabad,Marketing,91299
7600,Simran,41,Pune,IT,61924
7601,Karan,28,Delhi,IT,63756
7602,Rahul,49,Jaipur,Marketing,31196
7603,Rahul,23,Bangalore,Operations,124442
7604,Karan,41,Pune,Finance,144615
7605,Anuj,22,Kolkata,Operations,147108
7606,Simran,38,Chennai,IT,149362
7607,Rohit,23,Lucknow,Marketing,114020
7608,Rohit,38,Lucknow,Finance,135072
7609,Vikas,35,Mumbai,Marketing,55404
7610,Aman,33,Lucknow,IT,88154
7611,Simran,33,Chennai,HR,109195
7612,Anuj,33,Bangalore,HR,76509
7613,Rahul,42,Bangalore,IT,71501
7614,Rohit,32,Bangalore,HR,58671
7615,Simran,53,Kolkata,Sales,52588
7616,Pooja,36,Kolkata,IT,103135
7617,Neha,40,Mumbai,IT,101550
7618,Karan,27,Hyderabad,Sales,102577
7619,Aman,45,Delhi,IT,59867
7620,Pooja,34,Jaipur,Sales,45232
7621,Rahul,29,Bangalore,Finance,135490
7622,Aman,26,Mumbai,IT,120858
7623,Neha,25,Pune,Marketing,98681
7624,Priya,26,Mumbai,IT,124289
7625,Priya,49,Bangalore,Finance,71709
7626,Rohit,53,Mumbai,HR,121649
7627,Simran,49,Pune,IT,93753
7628,Rohit,27,Bangalore,Operations,27511
7629,Priya,54,Jaipur,Marketing,50044
7630,Rahul,23,Delhi,IT,54460
7631,Neha,32,Delhi,HR,28447
7632,Rahul,35,Bangalore,HR,93516
7633,Pooja,25,Noida,Operations,78855
7634,Rahul,32,Kolkata,Finance,108960
7635,Simran,51,Mumbai,IT,58378
7636,Aman,33,Bangalore,Marketing,132627
7637,Pooja,28,Noida,Operations,37586
7638,Neha,45,Hyderabad,IT,62680
7639,Vikas,40,Hyderabad,Operations,97957
7640,Simran,34,Pune,Marketing,78931
7641,Anuj,22,Chennai,Finance,110899
7642,Rahul,46,Lucknow,IT,57216
7643,Neha,22,Noida,HR,133722
7644,Pooja,24,Hyderabad,IT,41782
7645,Rahul,25,Jaipur,Marketing,102435
7646,Priya,52,Hyderabad,Sales,110046
7647,Vikas,51,Hyderabad,HR,31135
7648,Pooja,40,Kolkata,Finance,92546
7649,Karan,44,Bangalore,Marketing,66854
7650,Vikas,26,Lucknow,HR,131448
7651,Pooja,49,Delhi,HR,27667
7652,Rohit,52,Chennai,HR,68607
7653,Simran,46,Mumbai,Marketing,32500
7654,Priya,55,Kolkata,HR,123821
7655,Vikas,53,Lucknow,IT,133773
7656,Priya,20,Chennai,Finance,60701
7657,Rohit,20,Delhi,IT,147860
7658,Rahul,31,Mumbai,Marketing,112958
7659,Pooja,33,Bangalore,Operations,91998
7660,Neha,21,Mumbai,Operations,137058
7661,Aman,21,Hyderabad,HR,89956
7662,Anuj,26,Kolkata,Marketing,111611
7663,Pooja,41,Delhi,IT,38868
7664,Rahul,46,Pune,Finance,68854
7665,Priya,27,Pune,Sales,101618
7666,Pooja,55,Pune,Operations,28634
7667,Simran,28,Mumbai,Finance,134611
7668,Rahul,53,Lucknow,HR,66281
7669,Rahul,20,Hyderabad,HR,40455
7670,Aman,35,Lucknow,Finance,98019
7671,Priya,44,Bangalore,Finance,41417
7672,Priya,41,Hyderabad,Marketing,144446
7673,Karan,50,Mumbai,Marketing,52709
7674,Rahul,51,Pune,Sales,86161
7675,Aman,36,Noida,Operations,88992
7676,Rahul,38,Hyderabad,Marketing,47334
7677,Neha,27,Jaipur,Operations,38732
7678,Rohit,46,Mumbai,Marketing,32779
7679,Neha,20,Jaipur,HR,105516
7680,Rohit,33,Chennai,Marketing,31813
7681,Karan,45,Pune,Operations,88347
7682,Priya,43,Delhi,IT,58178
7683,Rahul,42,Bangalore,Finance,62871
7684,Rohit,28,Delhi,HR,58705
7685,Priya,23,Mumbai,Sales,86672
7686,Pooja,24,Lucknow,Marketing,100024
7687,Vikas,39,Chennai,HR,115554
7688,Karan,24,Chennai,IT,55343
7689,Karan,27,Mumbai,HR,99448
7690,Vikas,53,Lucknow,Sales,39053
7691,Priya,38,Lucknow,Operations,115677
7692,Neha,26,Noida,Marketing,34400
7693,Pooja,54,Kolkata,Operations,86822
7694,Karan,38,Mumbai,IT,41367
7695,Priya,34,Noida,HR,88494
7696,Pooja,34,Kolkata,Marketing,148162
7697,Simran,45,Bangalore,HR,57954
7698,Vikas,53,Mumbai,Finance,136949
7699,Aman,50,Lucknow,Operations,118619
7700,Pooja,41,Mumbai,Finance,26295
7701,Rahul,21,Mumbai,Finance,28874
7702,Rahul,28,Delhi,Sales,51268
7703,Vikas,46,Bangalore,HR,118064
7704,Pooja,32,Noida,Sales,58580
7705,Pooja,30,Chennai,Operations,71733
7706,Rohit,30,Kolkata,Operations,76705
7707,Aman,33,Jaipur,Marketing,94189
7708,Anuj,52,Mumbai,HR,114076
7709,Rahul,29,Noida,Finance,141610
7710,Anuj,24,Hyderabad,Finance,91076
7711,Rahul,35,Pune,Finance,115152
7712,Pooja,48,Lucknow,Marketing,61312
7713,Anuj,37,Mumbai,IT,144977
7714,Aman,41,Chennai,Marketing,149265
7715,Priya,41,Chennai,HR,94462
7716,Karan,46,Lucknow,Sales,76921
7717,Neha,24,Pune,IT,68195
7718,Aman,25,Kolkata,IT,113369
7719,Vikas,36,Delhi,Finance,147346
7720,Karan,22,Chennai,HR,88801
7721,Karan,38,Pune,Finance,123869
7722,Rahul,28,Mumbai,Sales,52277
7723,Rahul,53,Hyderabad,Marketing,87765
7724,Simran,54,Delhi,Operations,63505
7725,Pooja,46,Pune,Finance,127332
7726,Pooja,22,Noida,IT,61455
7727,Rohit,43,Pune,Finance,103495
7728,Vikas,21,Lucknow,HR,74592
7729,Pooja,41,Mumbai,Operations,78065
7730,Pooja,35,Jaipur,Operations,74419
7731,Simran,51,Delhi,Finance,148945
7732,Vikas,45,Bangalore,Marketing,25643
7733,Simran,47,Jaipur,HR,82997
7734,Neha,47,Hyderabad,Marketing,42707
7735,Simran,22,Delhi,IT,53720
7736,Simran,53,Mumbai,Sales,76610
7737,Anuj,26,Mumbai,Operations,74603
7738,Anuj,27,Delhi,Finance,120631
7739,Priya,28,Chennai,Sales,32608
7740,Rahul,47,Noida,Marketing,125596
7741,Priya,21,Lucknow,Finance,63297
7742,Pooja,22,Delhi,Finance,136568
7743,Neha,32,Noida,IT,140559
7744,Priya,23,Lucknow,IT,129192
7745,Pooja,53,Pune,Finance,86599
7746,Pooja,33,Pune,Finance,59513
7747,Anuj,43,Pune,Sales,38570
7748,Anuj,44,Hyderabad,Operations,44396
7749,Aman,45,Lucknow,Marketing,25875
7750,Simran,25,Pune,Finance,98181
7751,Vikas,21,Kolkata,Finance,38844
7752,Aman,44,Lucknow,IT,96202
7753,Pooja,29,Kolkata,Sales,25206
7754,Priya,49,Noida,HR,50291
7755,Aman,24,Lucknow,Marketing,82194
7756,Vikas,40,Delhi,Marketing,92732
7757,Priya,33,Delhi,Sales,102884
7758,Pooja,26,Delhi,HR,52617
7759,Rahul,31,Delhi,Finance,90676
7760,Karan,33,Mumbai,Marketing,108808
7761,Pooja,36,Lucknow,Marketing,45165
7762,Simran,41,Hyderabad,Operations,71607
7763,Simran,42,Chennai,Operations,135125
7764,Karan,23,Noida,Finance,137405
7765,Pooja,47,Chennai,Finance,42400
7766,Pooja,52,Mumbai,Operations,128614
7767,Simran,55,Mumbai,IT,94924
7768,Aman,31,Hyderabad,IT,113916
7769,Simran,47,Chennai,Finance,148747
7770,Anuj,26,Bangalore,HR,101759
7771,Priya,51,Kolkata,Finance,106939
7772,Vikas,51,Noida,Sales,61967
7773,Pooja,47,Jaipur,Finance,25622
7774,Karan,55,Hyderabad,Operations,65125
7775,Priya,29,Hyderabad,Finance,53304
7776,Karan,33,Lucknow,Operations,101135
7777,Neha,53,Bangalore,HR,57383
7778,Vikas,36,Delhi,IT,126412
7779,Neha,38,Kolkata,Sales,72843
7780,Anuj,22,Lucknow,IT,40331
7781,Anuj,27,Lucknow,HR,77711
7782,Karan,35,Mumbai,Finance,27387
7783,Anuj,39,Pune,Sales,42921
7784,Aman,55,Delhi,Sales,76894
7785,Neha,20,Bangalore,IT,104652
7786,Neha,53,Hyderabad,Operations,126470
7787,Karan,48,Pune,Sales,117871
7788,Anuj,32,Mumbai,HR,68071
7789,Neha,41,Pune,Sales,88327
7790,Priya,39,Noida,HR,82823
7791,Rahul,35,Chennai,Sales,73951
7792,Priya,50,Kolkata,Sales,42353
7793,Neha,55,Kolkata,HR,115431
7794,Neha,53,Jaipur,Sales,145328
7795,Priya,28,Noida,HR,81434
7796,Neha,46,Bangalore,Operations,79884
7797,Anuj,22,Hyderabad,Finance,98484
7798,Rohit,33,Chennai,IT,62967
7799,Rohit,34,Bangalore,IT,149144
7800,Rohit,43,Kolkata,Marketing,98258
7801,Vikas,27,Bangalore,HR,147594
7802,Karan,23,Pune,Operations,31726
7803,Rahul,26,Kolkata,Marketing,53446
7804,Rahul,43,Delhi,Marketing,112351
7805,Vikas,48,Noida,HR,122067
7806,Rahul,21,Lucknow,Marketing,37929
7807,Neha,23,Bangalore,Finance,81014
7808,Aman,52,Hyderabad,IT,50729
7809,Anuj,43,Pune,Finance,77478
7810,Simran,24,Lucknow,Sales,86588
7811,Neha,38,Noida,IT,93582
7812,Anuj,38,Noida,HR,34109
7813,Pooja,31,Kolkata,IT,85284
7814,Priya,21,Kolkata,HR,66300
7815,Karan,48,Chennai,Sales,44591
7816,Simran,36,Chennai,IT,59291
7817,Priya,30,Chennai,Operations,134343
7818,Vikas,45,Hyderabad,HR,109872
7819,Anuj,46,Delhi,Operations,97545
7820,Pooja,44,Hyderabad,Sales,33789
7821,Karan,38,Mumbai,HR,57570
7822,Anuj,55,Kolkata,Sales,69342
7823,Neha,49,Chennai,IT,56995
7824,Priya,25,Noida,Sales,88895
7825,Karan,53,Mumbai,Operations,75524
7826,Priya,38,Delhi,IT,141183
7827,Neha,29,Lucknow,Marketing,60079
7828,Karan,54,Mumbai,HR,45543
7829,Rahul,43,Jaipur,HR,104929
7830,Pooja,44,Noida,Finance,133785
7831,Rahul,35,Hyderabad,IT,140236
7832,Rohit,29,Kolkata,HR,149100
7833,Neha,41,Jaipur,Marketing,92520
7834,Pooja,26,Delhi,Marketing,55151
7835,Simran,38,Chennai,Sales,124072
7836,Neha,21,Noida,HR,105383
7837,Aman,52,Lucknow,Operations,53863
7838,Karan,39,Delhi,Sales,26497
7839,Vikas,32,Mumbai,Sales,52419
7840,Neha,31,Mumbai,Sales,106804
7841,Priya,32,Pune,Sales,124991
7842,Rohit,26,Noida,Operations,71910
7843,Pooja,31,Noida,Operations,56500
7844,Rahul,34,Chennai,Operations,103566
7845,Simran,38,Kolkata,IT,73063
7846,Rohit,29,Jaipur,IT,42779
7847,Vikas,47,Kolkata,Marketing,122058
7848,Vikas,45,Delhi,IT,116512
7849,Anuj,55,Chennai,Sales,140667
7850,Vikas,23,Kolkata,Marketing,136314
7851,Karan,46,Chennai,HR,77052
7852,Priya,21,Pune,HR,30474
7853,Rohit,55,Hyderabad,Operations,93408
7854,Karan,50,Pune,Sales,110650
7855,Rahul,29,Mumbai,Operations,95424
7856,Karan,45,Mumbai,IT,70314
7857,Rahul,27,Pune,HR,49668
7858,Karan,49,Kolkata,Operations,48703
7859,Neha,46,Noida,Operations,103654
7860,Vikas,21,Jaipur,IT,130617
7861,Rahul,48,Hyderabad,HR,98250
7862,Karan,31,Lucknow,IT,134665
7863,Simran,33,Mumbai,Marketing,86340
7864,Pooja,39,Noida,Finance,140299
7865,Priya,55,Mumbai,Marketing,56029
7866,Rohit,34,Chennai,Sales,63047
7867,Neha,53,Jaipur,HR,117381
7868,Rahul,34,Bangalore,Operations,138387
7869,Vikas,40,Jaipur,Sales,28957
7870,Simran,43,Hyderabad,Operations,37188
7871,Vikas,35,Chennai,Operations,36021
7872,Priya,53,Pune,Finance,58286
7873,Simran,28,Kolkata,Finance,106186
7874,Neha,55,Noida,Marketing,131126
7875,Rohit,21,Noida,Marketing,103959
7876,Priya,38,Bangalore,Sales,89072
7877,Priya,20,Mumbai,Operations,134545
7878,Vikas,42,Lucknow,HR,119346
7879,Karan,46,Bangalore,IT,64921
7880,Simran,27,Pune,Sales,84676
7881,Pooja,29,Delhi,IT,68128
7882,Simran,47,Delhi,IT,60695
7883,Aman,41,Delhi,Finance,120356
7884,Anuj,21,Pune,Marketing,89152
7885,Simran,55,Kolkata,Sales,51437
7886,Aman,29,Hyderabad,Sales,113075
7887,Karan,45,Pune,IT,138957
7888,Pooja,42,Lucknow,Sales,110747
7889,Rohit,54,Jaipur,Finance,83920
7890,Pooja,29,Lucknow,Marketing,137225
7891,Vikas,47,Mumbai,Marketing,85714
7892,Simran,37,Pune,Operations,29841
7893,Karan,25,Noida,Operations,61105
7894,Priya,55,Pune,Marketing,124726
7895,Karan,44,Mumbai,IT,102131
7896,Anuj,44,Bangalore,Marketing,149880
7897,Simran,42,Chennai,IT,105734
7898,Rohit,46,Hyderabad,Operations,30223
7899,Neha,24,Lucknow,IT,100487
7900,Pooja,33,Jaipur,IT,79658
7901,Aman,20,Chennai,Operations,85138
7902,Rohit,55,Chennai,Marketing,94993
7903,Aman,50,Lucknow,Finance,33893
7904,Vikas,47,Pune,Sales,104056
7905,Priya,26,Mumbai,HR,65636
7906,Priya,29,Kolkata,Sales,72788
7907,Neha,32,Jaipur,Finance,132856
7908,Rahul,53,Bangalore,HR,128790
7909,Rohit,40,Noida,Finance,76034
7910,Priya,41,Kolkata,Marketing,137746
7911,Vikas,27,Jaipur,Marketing,69091
7912,Vikas,36,Pune,Finance,100361
7913,Aman,32,Kolkata,Sales,87819
7914,Vikas,37,Chennai,Operations,148968
7915,Karan,45,Hyderabad,HR,84076
7916,Rohit,54,Lucknow,HR,55541
7917,Priya,29,Noida,Marketing,104901
7918,Rohit,35,Hyderabad,Finance,75455
7919,Rahul,39,Pune,Finance,37332
7920,Aman,52,Jaipur,HR,127209
7921,Rohit,37,Mumbai,HR,146826
7922,Anuj,22,Delhi,Sales,29105
7923,Rohit,21,Noida,Finance,111943
7924,Vikas,30,Noida,Sales,51289
7925,Pooja,50,Bangalore,Operations,126359
7926,Pooja,34,Delhi,HR,115068
7927,Simran,20,Chennai,Marketing,57875
7928,Priya,20,Hyderabad,Marketing,27783
7929,Priya,52,Mumbai,Marketing,69973
7930,Anuj,47,Chennai,Sales,86622
7931,Rohit,45,Chennai,Sales,51947
7932,Aman,44,Bangalore,Operations,144082
7933,Vikas,24,Mumbai,Finance,142573
7934,Aman,23,Chennai,Operations,77620
7935,Anuj,27,Kolkata,Sales,95966
7936,Vikas,44,Pune,HR,143481
7937,Vikas,52,Hyderabad,HR,136269
7938,Simran,32,Noida,HR,120590
7939,Aman,24,Mumbai,Operations,101094
7940,Anuj,25,Kolkata,Sales,37657
7941,Pooja,32,Mumbai,Sales,145915
7942,Anuj,41,Bangalore,Operations,31708
7943,Anuj,21,Hyderabad,HR,93011
7944,Rahul,23,Hyderabad,Sales,138408
7945,Neha,24,Pune,HR,122755
7946,Karan,44,Pune,IT,27644
7947,Vikas,53,Kolkata,IT,63448
7948,Rahul,23,Hyderabad,Finance,131215
7949,Priya,37,Chennai,Marketing,39353
7950,Neha,25,Hyderabad,Operations,117505
7951,Rahul,38,Chennai,Marketing,113398
7952,Priya,24,Lucknow,Sales,90131
7953,Aman,40,Kolkata,Marketing,140822
7954,Rohit,23,Chennai,IT,66126
7955,Rahul,49,Bangalore,HR,81271
7956,Karan,46,Jaipur,IT,106906
7957,Simran,31,Kolkata,Sales,108771
7958,Rahul,53,Jaipur,HR,61426
7959,Simran,32,Bangalore,HR,141707
7960,Karan,48,Lucknow,HR,53125
7961,Simran,46,Chennai,Sales,29154
7962,Vikas,29,Mumbai,Marketing,87102
7963,Pooja,23,Mumbai,Operations,137130
7964,Rahul,43,Bangalore,Marketing,118508
7965,Rohit,34,Lucknow,Sales,144525
7966,Karan,37,Bangalore,Marketing,46174
7967,Rahul,37,Hyderabad,Finance,130528
7968,Neha,21,Noida,Sales,38641
7969,Neha,51,Delhi,IT,142682
7970,Karan,48,Bangalore,HR,114745
7971,Priya,48,Chennai,Finance,90910
7972,Rohit,38,Mumbai,Finance,111538
7973,Priya,45,Hyderabad,Finance,128939
7974,Rohit,30,Delhi,Finance,91355
7975,Aman,23,Chennai,Finance,84810
7976,Rahul,48,Lucknow,Finance,111737
7977,Aman,28,Mumbai,Operations,84496
7978,Rohit,45,Lucknow,IT,130103
7979,Vikas,46,Chennai,Marketing,33959
7980,Pooja,28,Hyderabad,Sales,113792
7981,Priya,28,Chennai,Marketing,119228
7982,Vikas,42,Jaipur,Marketing,80619
7983,Karan,21,Hyderabad,Finance,149896
7984,Anuj,55,Noida,HR,146005
7985,Pooja,25,Mumbai,HR,100520
7986,Simran,51,Delhi,Operations,102095
7987,Neha,50,Chennai,Operations,38220
7988,Rahul,44,Mumbai,Marketing,75751
7989,Neha,23,Kolkata,Finance,66979
7990,Simran,30,Chennai,IT,91361
7991,Priya,24,Kolkata,Operations,85633
7992,Pooja,36,Mumbai,Operations,48729
7993,Rohit,21,Lucknow,Sales,55356
7994,Vikas,45,Pune,IT,78763
7995,Aman,53,Hyderabad,Operations,57407
7996,Neha,54,Delhi,Finance,65396
7997,Pooja,36,Lucknow,HR,125033
7998,Neha,24,Kolkata,Sales,34193
7999,Vikas,32,Lucknow,IT,40560
8000,Anuj,32,Pune,Operations,29200
8001,Karan,32,Bangalore,Sales,59562
8002,Anuj,49,Bangalore,Operations,95520
8003,Anuj,34,Mumbai,Finance,137592
8004,Rohit,25,Noida,Marketing,68491
8005,Vikas,28,Mumbai,HR,82626
8006,Simran,40,Lucknow,Marketing,97867
8007,Priya,42,Noida,Sales,145219
8008,Vikas,30,Bangalore,IT,118569
8009,Neha,32,Chennai,HR,79995
8010,Rahul,42,Hyderabad,Operations,83884
8011,Simran,45,Delhi,Sales,147296
8012,Rohit,26,Mumbai,Finance,144656
8013,Pooja,49,Mumbai,Sales,39467
8014,Priya,54,Pune,IT,148324
8015,Anuj,25,Bangalore,Operations,44056
8016,Priya,49,Kolkata,Operations,75467
8017,Vikas,20,Kolkata,IT,67951
8018,Vikas,33,Jaipur,Finance,131065
8019,Rahul,30,Delhi,HR,87529
8020,Rohit,26,Bangalore,Operations,115995
8021,Vikas,25,Hyderabad,IT,45947
8022,Rohit,30,Kolkata,HR,96986
8023,Aman,20,Lucknow,HR,134040
8024,Pooja,44,Kolkata,Sales,33739
8025,Neha,27,Mumbai,IT,97512
8026,Priya,34,Hyderabad,Operations,43818
8027,Anuj,47,Noida,IT,135233
8028,Vikas,35,Jaipur,IT,125951
8029,Rahul,52,Bangalore,Finance,101919
8030,Pooja,40,Delhi,IT,135109
8031,Pooja,28,Kolkata,HR,40423
8032,Priya,49,Delhi,HR,46790
8033,Neha,51,Pune,HR,136345
8034,Priya,54,Pune,Sales,89296
8035,Rahul,42,Lucknow,Marketing,124370
8036,Aman,44,Jaipur,Marketing,98690
8037,Vikas,27,Mumbai,Finance,106761
8038,Simran,32,Noida,HR,109061
8039,Rahul,33,Bangalore,HR,136131
8040,Neha,48,Kolkata,Operations,94996
8041,Priya,24,Jaipur,Finance,91701
8042,Karan,54,Mumbai,HR,73107
8043,Simran,38,Pune,HR,144510
8044,Neha,39,Pune,Sales,110003
8045,Pooja,36,Kolkata,Sales,46575
8046,Anuj,23,Mumbai,IT,58849
8047,Anuj,30,Delhi,Marketing,100687
8048,Aman,40,Lucknow,Marketing,113312
8049,Pooja,23,Bangalore,Finance,101349
8050,Aman,29,Hyderabad,IT,33386
8051,Anuj,45,Noida,IT,106857
8052,Priya,38,Chennai,Operations,140236
8053,Rohit,52,Kolkata,HR,77996
8054,Vikas,22,Chennai,Sales,28385
8055,Neha,26,Kolkata,Sales,108646
8056,Karan,47,Delhi,Sales,94445
8057,Rahul,37,Chennai,HR,63299
8058,Rahul,38,Pune,Marketing,38096
8059,Aman,23,Chennai,Finance,119246
8060,Rohit,35,Pune,Sales,116185
8061,Simran,48,Mumbai,Marketing,70570
8062,Aman,33,Jaipur,Finance,113786
8063,Karan,36,Chennai,Marketing,98434
8064,Priya,26,Pune,Finance,127024
8065,Neha,45,Delhi,IT,68874
8066,Pooja,50,Noida,IT,139775
8067,Pooja,54,Noida,IT,73222
8068,Aman,26,Mumbai,IT,50336
8069,Vikas,29,Mumbai,Operations,85974
8070,Aman,49,Delhi,Sales,118488
8071,Karan,51,Delhi,Operations,54741
8072,Neha,52,Jaipur,HR,33088
8073,Vikas,30,Bangalore,Sales,117557
8074,Rohit,31,Jaipur,HR,129176
8075,Rahul,24,Bangalore,HR,61451
8076,Priya,20,Mumbai,Marketing,53115
8077,Neha,30,Chennai,Marketing,84733
8078,Aman,25,Bangalore,Finance,142860
8079,Priya,51,Jaipur,HR,79568
8080,Priya,54,Pune,Operations,51634
8081,Karan,31,Pune,Operations,41250
8082,Rohit,26,Pune,Marketing,94417
8083,Anuj,32,Chennai,Operations,67056
8084,Anuj,36,Kolkata,HR,73288
8085,Simran,53,Lucknow,Marketing,99119
8086,Karan,46,Chennai,Operations,77895
8087,Rohit,30,Delhi,Finance,89752
8088,Rahul,54,Jaipur,Operations,27857
8089,Pooja,41,Mumbai,IT,89625
8090,Rohit,51,Jaipur,Operations,132686
8091,Vikas,48,Lucknow,Marketing,41155
8092,Aman,34,Chennai,Marketing,82043
8093,Anuj,47,Kolkata,Marketing,123484
8094,Priya,34,Noida,IT,106560
8095,Karan,54,Pune,Finance,134393
8096,Priya,35,Chennai,Marketing,58482
8097,Karan,27,Delhi,Finance,58458
8098,Vikas,52,Hyderabad,IT,96753
8099,Aman,31,Bangalore,Operations,118059
8100,Rahul,54,Lucknow,Sales,145843
8101,Neha,40,Bangalore,IT,136069
8102,Aman,46,Chennai,HR,37514
8103,Karan,21,Lucknow,Marketing,60518
8104,Rahul,41,Mumbai,Marketing,123269
8105,Anuj,34,Delhi,Sales,65032
8106,Simran,48,Jaipur,Finance,25297
8107,Priya,21,Hyderabad,Marketing,25626
8108,Pooja,51,Chennai,HR,32747
8109,Pooja,54,Bangalore,Sales,122825
8110,Rahul,47,Lucknow,Finance,121237
8111,Rohit,45,Delhi,Finance,60616
8112,Rohit,27,Noida,Sales,29746
8113,Rohit,49,Pune,Marketing,127805
8114,Vikas,50,Mumbai,Sales,83269
8115,Vikas,23,Bangalore,Finance,73443
8116,Pooja,45,Lucknow,HR,78778
8117,Priya,51,Hyderabad,Marketing,30916
8118,Aman,35,Noida,IT,44529
8119,Priya,45,Lucknow,Sales,56253
8120,Rohit,53,Pune,Sales,126479
8121,Karan,29,Hyderabad,IT,137912
8122,Rohit,20,Delhi,Sales,41126
8123,Vikas,43,Delhi,Sales,31673
8124,Rohit,20,Noida,Sales,120234
8125,Priya,44,Noida,Sales,80418
8126,Aman,54,Hyderabad,Marketing,65940
8127,Priya,29,Bangalore,HR,126646
8128,Aman,25,Chennai,HR,30288
8129,Anuj,30,Noida,Marketing,83265
8130,Vikas,31,Kolkata,IT,125759
8131,Vikas,34,Hyderabad,Finance,104595
8132,Rohit,42,Jaipur,IT,88736
8133,Karan,40,Delhi,HR,45828
8134,Pooja,30,Jaipur,Finance,101586
8135,Rohit,25,Delhi,Sales,78886
8136,Neha,45,Pune,Operations,93688
8137,Karan,43,Jaipur,IT,122069
8138,Pooja,20,Jaipur,HR,46145
8139,Rahul,41,Lucknow,Operations,48129
8140,Anuj,54,Delhi,Operations,121072
8141,Pooja,48,Bangalore,Marketing,98638
8142,Aman,26,Bangalore,Sales,90968
8143,Neha,36,Noida,Finance,111733
8144,Priya,45,Delhi,Marketing,142751
8145,Rohit,29,Bangalore,Finance,68278
8146,Priya,24,Delhi,HR,123193
8147,Priya,53,Bangalore,Finance,128812
8148,Karan,31,Pune,Finance,65043
8149,Vikas,24,Noida,Operations,45167
8150,Rahul,28,Hyderabad,Finance,84434
8151,Rahul,40,Chennai,HR,146101
8152,Simran,45,Chennai,IT,52018
8153,Anuj,49,Jaipur,Finance,122339
8154,Anuj,22,Hyderabad,IT,60045
8155,Neha,55,Noida,Sales,58898
8156,Rohit,54,Pune,Finance,102160
8157,Pooja,37,Hyderabad,Finance,118216
8158,Neha,35,Pune,Finance,88625
8159,Karan,47,Jaipur,HR,100461
8160,Karan,54,Noida,Finance,132850
8161,Anuj,38,Bangalore,IT,122104
8162,Anuj,54,Jaipur,IT,103539
8163,Vikas,21,Pune,Operations,44556
8164,Simran,30,Kolkata,Finance,142457
8165,Karan,28,Bangalore,Finance,138219
8166,Priya,22,Kolkata,Operations,74130
8167,Vikas,41,Hyderabad,Sales,40061
8168,Priya,22,Hyderabad,Sales,129459
8169,Neha,34,Jaipur,Marketing,136764
8170,Aman,54,Delhi,Sales,109158
8171,Simran,47,Pune,IT,145546
8172,Anuj,36,Delhi,Sales,103192
8173,Karan,52,Lucknow,Operations,87972
8174,Aman,38,Delhi,Operations,115394
8175,Vikas,28,Noida,Marketing,50546
8176,Aman,39,Chennai,Sales,131489
8177,Simran,41,Jaipur,IT,78876
8178,Pooja,52,Hyderabad,Marketing,78459
8179,Neha,55,Chennai,Sales,107715
8180,Pooja,24,Bangalore,Marketing,133004
8181,Aman,25,Kolkata,Finance,139955
8182,Rahul,38,Noida,Marketing,67166
8183,Neha,42,Kolkata,Sales,61157
8184,Simran,48,Kolkata,Finance,83373
8185,Priya,54,Jaipur,Marketing,121044
8186,Aman,52,Bangalore,HR,148161
8187,Vikas,49,Delhi,Finance,73001
8188,Rahul,22,Noida,Sales,91680
8189,Neha,48,Lucknow,Finance,143139
8190,Anuj,25,Delhi,HR,134551
8191,Aman,42,Mumbai,Operations,85482
8192,Pooja,31,Kolkata,Sales,134617
8193,Vikas,35,Noida,Marketing,98438
8194,Neha,54,Chennai,Sales,117044
8195,Priya,45,Lucknow,Sales,148210
8196,Vikas,48,Jaipur,IT,112424
8197,Vikas,44,Jaipur,HR,120294
8198,Karan,50,Pune,Operations,56901
8199,Vikas,32,Kolkata,HR,112402
8200,Simran,54,Noida,Operations,88480
8201,Neha,31,Chennai,Marketing,144247
8202,Priya,21,Noida,Finance,33772
8203,Aman,48,Noida,Marketing,144309
8204,Neha,37,Hyderabad,Sales,32843
8205,Pooja,44,Jaipur,Operations,135035
8206,Aman,24,Chennai,IT,116862
8207,Simran,24,Chennai,Finance,67285
8208,Pooja,49,Jaipur,Finance,49577
8209,Anuj,51,Chennai,Operations,101935
8210,Rohit,54,Noida,Finance,122629
8211,Aman,51,Noida,IT,116207
8212,Anuj,44,Lucknow,HR,43726
8213,Rohit,54,Lucknow,Marketing,71478
8214,Aman,29,Kolkata,HR,109876
8215,Anuj,47,Chennai,Sales,118578
8216,Pooja,52,Kolkata,IT,102344
8217,Vikas,51,Hyderabad,Sales,32227
8218,Aman,29,Lucknow,Sales,129345
8219,Pooja,28,Jaipur,HR,81382
8220,Priya,40,Pune,Operations,115859
8221,Rahul,53,Pune,HR,130720
8222,Pooja,32,Mumbai,Sales,89954
8223,Anuj,51,Chennai,HR,85239
8224,Pooja,22,Noida,Marketing,40777
8225,Neha,54,Kolkata,Operations,98170
8226,Simran,40,Delhi,HR,67442
8227,Pooja,53,Hyderabad,Marketing,50564
8228,Pooja,20,Delhi,Marketing,118679
8229,Pooja,45,Hyderabad,IT,77599
8230,Rahul,31,Jaipur,IT,25265
8231,Aman,35,Pune,Marketing,125643
8232,Rahul,43,Hyderabad,Operations,108254
8233,Neha,23,Pune,HR,39000
8234,Rahul,37,Bangalore,Finance,87320
8235,Rohit,21,Hyderabad,HR,62942
8236,Vikas,43,Jaipur,IT,146685
8237,Aman,44,Noida,Sales,54412
8238,Aman,44,Lucknow,HR,116834
8239,Simran,41,Hyderabad,Sales,27624
8240,Vikas,49,Chennai,IT,58709
8241,Karan,22,Hyderabad,IT,33030
8242,Karan,21,Kolkata,Finance,146205
8243,Rohit,27,Mumbai,Operations,45683
8244,Karan,30,Jaipur,Sales,70900
8245,Anuj,37,Hyderabad,Finance,74416
8246,Simran,54,Pune,Marketing,128975
8247,Karan,31,Hyderabad,Operations,32716
8248,Aman,41,Pune,IT,31126
8249,Priya,43,Pune,Finance,63471
8250,Rahul,37,Lucknow,Operations,40848
8251,Rohit,36,Lucknow,IT,51342
8252,Pooja,31,Jaipur,HR,143014
8253,Rahul,53,Mumbai,Marketing,38055
8254,Neha,45,Bangalore,Operations,78609
8255,Anuj,49,Mumbai,Operations,114401
8256,Vikas,45,Chennai,Sales,77015
8257,Rahul,32,Chennai,Finance,135981
8258,Priya,28,Mumbai,HR,89776
8259,Neha,42,Noida,Operations,85928
8260,Karan,38,Kolkata,Marketing,71153
8261,Rahul,31,Kolkata,IT,44354
8262,Neha,35,Hyderabad,IT,87953
8263,Aman,28,Jaipur,Operations,126765
8264,Anuj,54,Delhi,Finance,25078
8265,Rahul,37,Noida,Operations,82385
8266,Pooja,45,Hyderabad,HR,39483
8267,Pooja,34,Jaipur,Marketing,45414
8268,Pooja,32,Bangalore,HR,140519
8269,Vikas,54,Chennai,HR,83704
8270,Karan,26,Chennai,Operations,100452
8271,Anuj,41,Jaipur,Marketing,117618
8272,Neha,45,Kolkata,Operations,121335
8273,Anuj,30,Lucknow,Operations,115247
8274,Karan,36,Pune,HR,86435
8275,Pooja,25,Delhi,Marketing,38446
8276,Neha,40,Pune,HR,82550
8277,Karan,31,Delhi,Sales,81357
8278,Aman,54,Mumbai,IT,52917
8279,Rohit,41,Jaipur,Marketing,122162
8280,Anuj,50,Hyderabad,Sales,67702
8281,Vikas,31,Pune,Finance,26215
8282,Neha,41,Mumbai,Marketing,78796
8283,Anuj,44,Kolkata,Sales,139471
8284,Rahul,30,Mumbai,IT,129432
8285,Simran,30,Kolkata,Sales,124755
8286,Karan,45,Chennai,Finance,63748
8287,Priya,34,Chennai,Sales,48389
8288,Rahul,34,Lucknow,Operations,116265
8289,Priya,41,Jaipur,Finance,85099
8290,Vikas,53,Pune,HR,45615
8291,Aman,43,Bangalore,Marketing,99641
8292,Rohit,26,Hyderabad,Finance,119463
8293,Priya,34,Noida,Sales,104624
8294,Rahul,52,Hyderabad,Finance,145163
8295,Anuj,26,Delhi,Finance,28082
8296,Rohit,55,Mumbai,Finance,115119
8297,Aman,45,Hyderabad,Finance,63549
8298,Priya,43,Mumbai,Marketing,52611
8299,Priya,43,Jaipur,Finance,92072
8300,Vikas,21,Hyderabad,Finance,96795
8301,Aman,51,Bangalore,Finance,107454
8302,Rahul,53,Chennai,HR,38197
8303,Vikas,36,Noida,Marketing,88842
8304,Pooja,44,Pune,Sales,144071
8305,Priya,55,Delhi,HR,119278
8306,Vikas,40,Jaipur,Marketing,78372
8307,Karan,21,Kolkata,Finance,85536
8308,Aman,40,Pune,IT,77119
8309,Neha,51,Delhi,Sales,42759
8310,Rahul,38,Jaipur,HR,147280
8311,Neha,36,Lucknow,IT,138326
8312,Simran,34,Kolkata,Finance,47013
8313,Rohit,20,Mumbai,HR,136173
8314,Pooja,32,Delhi,Marketing,140844
8315,Pooja,39,Kolkata,IT,82462
8316,Priya,27,Pune,Marketing,29541
8317,Pooja,52,Jaipur,HR,43852
8318,Vikas,24,Mumbai,Sales,121762
8319,Karan,27,Kolkata,Marketing,70579
8320,Karan,50,Kolkata,IT,65895
8321,Priya,50,Kolkata,Marketing,57319
8322,Rahul,30,Kolkata,Operations,149617
8323,Priya,23,Noida,Marketing,34419
8324,Neha,32,Noida,HR,76939
8325,Karan,53,Jaipur,Sales,108931
8326,Aman,41,Bangalore,Finance,55426
8327,Priya,35,Mumbai,Finance,100307
8328,Priya,37,Hyderabad,Sales,33748
8329,Rahul,22,Mumbai,Sales,66755
8330,Anuj,25,Kolkata,Sales,91882
8331,Simran,43,Jaipur,Marketing,65498
8332,Neha,33,Chennai,Marketing,80182
8333,Pooja,45,Pune,IT,60744
8334,Rohit,39,Delhi,Operations,141102
8335,Aman,25,Lucknow,Finance,88241
8336,Pooja,40,Delhi,Finance,41529
8337,Simran,38,Delhi,IT,68969
8338,Simran,49,Kolkata,HR,79859
8339,Rahul,26,Noida,IT,32101
8340,Vikas,40,Mumbai,IT,133286
8341,Pooja,40,Noida,IT,62061
8342,Priya,32,Delhi,IT,75325
8343,Rahul,26,Mumbai,IT,130761
8344,Pooja,33,Bangalore,Sales,86262
8345,Vikas,31,Mumbai,Marketing,141828
8346,Aman,43,Pune,IT,92157
8347,Aman,33,Bangalore,HR,45653
8348,Vikas,46,Bangalore,HR,110638
8349,Rohit,50,Kolkata,Marketing,30872
8350,Simran,53,Pune,IT,114398
8351,Priya,26,Delhi,HR,51760
8352,Vikas,35,Hyderabad,HR,82126
8353,Karan,47,Kolkata,Sales,106311
8354,Anuj,48,Kolkata,Operations,27810
8355,Simran,40,Kolkata,Sales,76220
8356,Rahul,22,Noida,Finance,115925
8357,Anuj,21,Lucknow,HR,144019
8358,Simran,37,Chennai,Finance,39090
8359,Rahul,29,Noida,Marketing,66978
8360,Simran,26,Lucknow,Sales,118064
8361,Priya,38,Lucknow,IT,129272
8362,Priya,25,Kolkata,HR,117135
8363,Rahul,22,Noida,Marketing,70995
8364,Pooja,42,Chennai,Marketing,29301
8365,Karan,31,Hyderabad,IT,111916
8366,Vikas,49,Lucknow,IT,131580
8367,Neha,44,Chennai,IT,49219
8368,Vikas,53,Hyderabad,Operations,76494
8369,Karan,27,Chennai,Marketing,144313
8370,Rahul,53,Chennai,Finance,33476
8371,Simran,50,Kolkata,IT,56137
8372,Anuj,55,Chennai,Finance,58733
8373,Rahul,23,Bangalore,HR,28868
8374,Pooja,28,Delhi,Finance,116956
8375,Aman,50,Lucknow,Operations,106766
8376,Aman,20,Lucknow,Marketing,139143
8377,Priya,37,Chennai,IT,86769
8378,Anuj,43,Jaipur,HR,54679
8379,Rahul,28,Pune,Operations,37267
8380,Priya,35,Pune,Operations,138395
8381,Vikas,52,Bangalore,Marketing,42703
8382,Neha,53,Bangalore,Marketing,45280
8383,Karan,55,Delhi,IT,128935
8384,Pooja,42,Delhi,HR,126030
8385,Pooja,45,Lucknow,Finance,113082
8386,Karan,30,Hyderabad,Sales,32264
8387,Vikas,28,Mumbai,Marketing,131894
8388,Neha,41,Mumbai,Operations,131684
8389,Aman,55,Bangalore,IT,118351
8390,Rohit,47,Mumbai,Finance,81617
8391,Aman,46,Chennai,Finance,75315
8392,Rahul,23,Hyderabad,Marketing,82547
8393,Karan,40,Pune,Marketing,82072
8394,Vikas,52,Kolkata,Finance,78208
8395,Rahul,46,Lucknow,Finance,67332
8396,Priya,48,Pune,Operations,62550
8397,Simran,54,Mumbai,Sales,110981
8398,Anuj,48,Mumbai,Finance,25557
8399,Anuj,37,Noida,Finance,67509
8400,Priya,39,Lucknow,Sales,55711
8401,Rahul,30,Noida,IT,121453
8402,Anuj,28,Bangalore,Marketing,108220
8403,Aman,51,Pune,Operations,48430
8404,Pooja,41,Lucknow,Finance,61400
8405,Pooja,52,Delhi,IT,45548
8406,Priya,41,Kolkata,IT,107209
8407,Karan,37,Delhi,Sales,110449
8408,Pooja,54,Hyderabad,Sales,39931
8409,Vikas,41,Bangalore,Finance,115650
8410,Karan,47,Kolkata,Sales,138041
8411,Karan,43,Pune,Finance,78985
8412,Neha,40,Chennai,HR,99081
8413,Priya,38,Delhi,Sales,61377
8414,Vikas,31,Noida,Operations,54000
8415,Rahul,52,Hyderabad,Sales,68901
8416,Aman,28,Kolkata,IT,54316
8417,Aman,39,Lucknow,HR,116917
8418,Anuj,27,Noida,Marketing,46845
8419,Rohit,25,Noida,Finance,148869
8420,Rahul,47,Hyderabad,Marketing,90611
8421,Anuj,41,Delhi,Marketing,122702
8422,Rohit,21,Noida,Finance,81929
8423,Anuj,28,Delhi,Sales,144732
8424,Rohit,20,Noida,HR,34604
8425,Pooja,22,Chennai,HR,86126
8426,Aman,22,Mumbai,Marketing,97109
8427,Rohit,29,Chennai,Finance,112232
8428,Priya,39,Delhi,IT,26576
8429,Simran,43,Delhi,Operations,72932
8430,Rohit,34,Jaipur,Operations,97616
8431,Rahul,34,Delhi,HR,141584
8432,Vikas,24,Mumbai,HR,33884
8433,Pooja,35,Chennai,Operations,56425
8434,Aman,28,Hyderabad,Finance,93064
8435,Pooja,27,Jaipur,Marketing,29197
8436,Priya,40,Lucknow,Sales,149986
8437,Anuj,40,Pune,Sales,68637
8438,Rahul,24,Bangalore,Finance,84386
8439,Aman,33,Kolkata,Finance,54406
8440,Aman,20,Hyderabad,IT,49483
8441,Pooja,40,Lucknow,IT,40170
8442,Pooja,41,Kolkata,IT,54304
8443,Pooja,50,Jaipur,Operations,74566
8444,Anuj,22,Pune,HR,126681
8445,Pooja,53,Pune,HR,130703
8446,Karan,33,Hyderabad,Operations,83141
8447,Rohit,47,Bangalore,Marketing,137362
8448,Rohit,55,Jaipur,IT,98127
8449,Vikas,31,Jaipur,Finance,124248
8450,Karan,26,Pune,Operations,147601
8451,Priya,38,Hyderabad,Finance,144618
8452,Anuj,39,Kolkata,Sales,110657
8453,Neha,38,Noida,Operations,98412
8454,Anuj,53,Lucknow,Sales,75442
8455,Rahul,53,Mumbai,Operations,63877
8456,Priya,44,Noida,Finance,71779
8457,Priya,44,Bangalore,IT,68548
8458,Pooja,51,Lucknow,Marketing,134072
8459,Karan,29,Chennai,Finance,73796
8460,Karan,51,Kolkata,Marketing,42482
8461,Simran,34,Lucknow,HR,78577
8462,Vikas,47,Noida,Finance,39445
8463,Anuj,48,Bangalore,Marketing,66327
8464,Pooja,48,Chennai,Marketing,40616
8465,Priya,38,Pune,Operations,28954
8466,Pooja,46,Jaipur,Marketing,82732
8467,Simran,29,Chennai,Operations,26459
8468,Karan,20,Chennai,Operations,121347
8469,Karan,28,Bangalore,Marketing,70584
8470,Pooja,43,Pune,Finance,112240
8471,Rohit,52,Mumbai,IT,72893
8472,Anuj,30,Delhi,IT,90237
8473,Simran,43,Pune,Marketing,26100
8474,Anuj,38,Noida,HR,72732
8475,Priya,33,Kolkata,Operations,45504
8476,Karan,24,Mumbai,Marketing,106644
8477,Neha,53,Chennai,Finance,149029
8478,Simran,33,Chennai,Sales,73952
8479,Rahul,31,Hyderabad,HR,29734
8480,Vikas,54,Mumbai,Marketing,98679
8481,Priya,26,Jaipur,Finance,77229
8482,Pooja,28,Mumbai,Finance,94678
8483,Rahul,32,Bangalore,Marketing,89580
8484,Pooja,24,Chennai,HR,141586
8485,Karan,28,Jaipur,Sales,129574
8486,Neha,32,Hyderabad,Operations,59987
8487,Pooja,29,Bangalore,Sales,62918
8488,Priya,20,Lucknow,Finance,37138
8489,Anuj,39,Mumbai,HR,41607
8490,Aman,25,Kolkata,HR,126245
8491,Vikas,23,Mumbai,Finance,50028
8492,Rohit,44,Bangalore,IT,70045
8493,Pooja,20,Delhi,Sales,146685
8494,Neha,25,Delhi,Finance,113294
8495,Pooja,53,Delhi,Sales,101897
8496,Rohit,35,Mumbai,Sales,101354
8497,Simran,46,Delhi,Finance,134755
8498,Rohit,36,Jaipur,Finance,136524
8499,Karan,51,Chennai,Finance,116574
8500,Neha,30,Delhi,Operations,96586
8501,Karan,33,Noida,Finance,102244
8502,Pooja,55,Bangalore,HR,81887
8503,Aman,49,Chennai,Marketing,110957
8504,Vikas,42,Delhi,Finance,47719
8505,Priya,21,Hyderabad,HR,147261
8506,Priya,54,Noida,Operations,147377
8507,Neha,30,Lucknow,HR,66676
8508,Pooja,50,Delhi,Marketing,98572
8509,Aman,45,Jaipur,Finance,77054
8510,Karan,53,Hyderabad,Operations,103210
8511,Rohit,25,Bangalore,Operations,44722
8512,Vikas,49,Pune,Finance,139590
8513,Rahul,31,Mumbai,Finance,77319
8514,Pooja,31,Kolkata,Marketing,57310
8515,Aman,42,Noida,HR,66109
8516,Aman,50,Chennai,Marketing,81477
8517,Rohit,49,Pune,Operations,28270
8518,Aman,40,Delhi,HR,29586
8519,Karan,36,Pune,Finance,75184
8520,Pooja,43,Pune,Operations,109955
8521,Rahul,55,Hyderabad,IT,49521
8522,Priya,37,Chennai,HR,68873
8523,Pooja,50,Pune,HR,112229
8524,Vikas,28,Chennai,Operations,70329
8525,Rohit,44,Lucknow,Operations,33245
8526,Rohit,29,Pune,Sales,72999
8527,Simran,22,Delhi,HR,36454
8528,Anuj,40,Noida,Finance,88251
8529,Anuj,29,Delhi,HR,129901
8530,Neha,25,Delhi,HR,124793
8531,Vikas,52,Delhi,Operations,149711
8532,Neha,49,Lucknow,IT,101988
8533,Aman,44,Delhi,Operations,139367
8534,Aman,55,Jaipur,Operations,123997
8535,Simran,35,Lucknow,Sales,83554
8536,Anuj,26,Lucknow,HR,116067
8537,Rahul,45,Pune,IT,149796
8538,Neha,23,Noida,HR,72609
8539,Priya,55,Jaipur,Sales,34903
8540,Rahul,31,Kolkata,Finance,138508
8541,Karan,48,Jaipur,Finance,101681
8542,Rohit,27,Noida,Sales,51313
8543,Rahul,50,Delhi,Marketing,87209
8544,Simran,31,Bangalore,Operations,140014
8545,Rohit,24,Jaipur,IT,93286
8546,Pooja,49,Delhi,Marketing,57828
8547,Vikas,33,Mumbai,Operations,102065
8548,Neha,32,Jaipur,HR,68853
8549,Neha,48,Pune,Operations,53557
8550,Anuj,33,Hyderabad,Operations,33770
8551,Simran,31,Bangalore,Marketing,134459
8552,Vikas,21,Noida,Marketing,47630
8553,Aman,40,Hyderabad,Finance,84551
8554,Simran,31,Jaipur,HR,130200
8555,Karan,31,Lucknow,Sales,50937
8556,Rahul,29,Mumbai,Operations,60011
8557,Anuj,33,Lucknow,Marketing,125300
8558,Pooja,46,Delhi,HR,138810
8559,Pooja,30,Lucknow,HR,57922
8560,Rahul,26,Pune,IT,130805
8561,Rahul,47,Delhi,Sales,138786
8562,Karan,40,Bangalore,Finance,68808
8563,Karan,24,Pune,HR,94462
8564,Rahul,39,Kolkata,HR,109720
8565,Simran,35,Chennai,Marketing,27607
8566,Anuj,55,Chennai,IT,112692
8567,Simran,55,Noida,Finance,33668
8568,Rahul,29,Pune,Marketing,106842
8569,Aman,35,Chennai,IT,89554
8570,Rahul,30,Chennai,HR,80457
8571,Rohit,40,Mumbai,Sales,115140
8572,Neha,43,Jaipur,Marketing,45906
8573,Aman,35,Delhi,Sales,39679
8574,Vikas,54,Jaipur,Sales,50868
8575,Pooja,33,Noida,Operations,147934
8576,Simran,40,Mumbai,Marketing,60237
8577,Pooja,55,Mumbai,HR,79640
8578,Rahul,39,Chennai,Finance,125046
8579,Aman,37,Jaipur,Marketing,36688
8580,Neha,46,Noida,Sales,76997
8581,Neha,27,Hyderabad,Sales,61337
8582,Aman,51,Lucknow,Operations,114554
8583,Rahul,49,Bangalore,Marketing,74375
8584,Rohit,51,Kolkata,IT,35085
8585,Pooja,34,Bangalore,Sales,66922
8586,Priya,30,Kolkata,Finance,44490
8587,Anuj,45,Delhi,Marketing,148012
8588,Rohit,38,Hyderabad,Finance,116738
8589,Pooja,35,Pune,HR,130451
8590,Neha,21,Noida,Operations,145054
8591,Vikas,41,Noida,Marketing,81561
8592,Simran,36,Delhi,IT,125928
8593,Aman,36,Hyderabad,Operations,68959
8594,Rahul,51,Jaipur,HR,57540
8595,Vikas,27,Pune,IT,44813
8596,Neha,31,Pune,Finance,131483
8597,Priya,48,Delhi,Sales,43499
8598,Neha,48,Lucknow,Finance,41712
8599,Rohit,20,Chennai,Sales,135998
8600,Aman,31,Kolkata,IT,113492
8601,Simran,31,Pune,HR,128660
8602,Priya,48,Lucknow,IT,59302
8603,Rohit,24,Kolkata,HR,143351
8604,Aman,30,Lucknow,IT,140179
8605,Priya,23,Jaipur,Operations,126420
8606,Priya,41,Bangalore,Finance,83936
8607,Priya,35,Mumbai,Sales,30128
8608,Pooja,49,Noida,Sales,122184
8609,Simran,53,Jaipur,Operations,113671
8610,Neha,51,Lucknow,HR,91854
8611,Anuj,27,Noida,IT,37423
8612,Pooja,33,Bangalore,HR,25316
8613,Aman,51,Mumbai,IT,39052
8614,Anuj,40,Chennai,IT,60359
8615,Simran,28,Lucknow,Operations,94209
8616,Rahul,55,Pune,Sales,115569
8617,Rahul,53,Kolkata,Finance,39174
8618,Neha,35,Chennai,HR,46996
8619,Neha,28,Hyderabad,Marketing,101396
8620,Priya,29,Delhi,Sales,119442
8621,Aman,21,Noida,Marketing,83029
8622,Priya,26,Chennai,Finance,34476
8623,Anuj,28,Kolkata,Operations,105664
8624,Priya,43,Chennai,Marketing,98186
8625,Anuj,45,Kolkata,Finance,95155
8626,Aman,23,Noida,Sales,60713
8627,Karan,55,Jaipur,Sales,30709
8628,Anuj,32,Kolkata,HR,126501
8629,Simran,31,Kolkata,Finance,135109
8630,Vikas,22,Chennai,Finance,97817
8631,Priya,22,Mumbai,HR,103786
8632,Priya,36,Jaipur,Operations,140306
8633,Simran,55,Jaipur,Finance,111284
8634,Vikas,51,Pune,HR,57908
8635,Neha,49,Chennai,Operations,57277
8636,Neha,53,Pune,Finance,83646
8637,Anuj,52,Chennai,Finance,125670
8638,Vikas,52,Jaipur,Operations,128668
8639,Simran,48,Jaipur,IT,149308
8640,Karan,42,Hyderabad,Sales,64589
8641,Aman,33,Delhi,Sales,97588
8642,Priya,43,Noida,Sales,112297
8643,Pooja,52,Chennai,Finance,125179
8644,Rohit,42,Mumbai,Sales,145234
8645,Simran,31,Kolkata,Marketing,138315
8646,Karan,35,Chennai,Marketing,109919
8647,Karan,54,Mumbai,Finance,120342
8648,Pooja,45,Lucknow,HR,132313
8649,Neha,23,Mumbai,IT,121111
8650,Priya,22,Mumbai,HR,140566
8651,Rohit,32,Chennai,Marketing,40648
8652,Vikas,21,Chennai,Sales,131102
8653,Rahul,37,Chennai,IT,42794
8654,Anuj,39,Kolkata,Operations,142210
8655,Simran,35,Jaipur,Marketing,77671
8656,Neha,44,Jaipur,HR,92544
8657,Priya,25,Delhi,IT,39413
8658,Aman,40,Lucknow,IT,88901
8659,Simran,27,Pune,IT,123838
8660,Simran,49,Kolkata,IT,146366
8661,Vikas,24,Chennai,Sales,103836
8662,Rohit,42,Noida,Operations,57733
8663,Rahul,30,Chennai,Finance,26086
8664,Simran,33,Hyderabad,Finance,120397
8665,Simran,25,Mumbai,IT,26861
8666,Vikas,21,Mumbai,Finance,93314
8667,Simran,29,Jaipur,Marketing,136631
8668,Neha,30,Lucknow,IT,27374
8669,Aman,42,Jaipur,Operations,67418
8670,Anuj,21,Lucknow,Marketing,92500
8671,Anuj,25,Delhi,HR,96020
8672,Simran,39,Kolkata,IT,130700
8673,Karan,32,Bangalore,Finance,102695
8674,Vikas,50,Lucknow,HR,104695
8675,Rohit,37,Lucknow,Marketing,139376
8676,Vikas,52,Pune,HR,26562
8677,Priya,32,Hyderabad,Marketing,68214
8678,Simran,23,Lucknow,Finance,136773
8679,Rahul,32,Jaipur,Finance,110771
8680,Anuj,20,Noida,Marketing,144154
8681,Neha,46,Mumbai,Operations,91567
8682,Vikas,50,Hyderabad,Finance,30478
8683,Simran,25,Hyderabad,Sales,96631
8684,Neha,33,Lucknow,Marketing,40825
8685,Rahul,51,Kolkata,Sales,60097
8686,Anuj,25,Kolkata,Sales,27107
8687,Rahul,27,Kolkata,IT,50243
8688,Pooja,29,Mumbai,Finance,53394
8689,Vikas,45,Chennai,IT,62043
8690,Karan,23,Hyderabad,HR,118375
8691,Anuj,29,Lucknow,HR,135015
8692,Pooja,29,Kolkata,Sales,28298
8693,Neha,27,Chennai,HR,69553
8694,Rohit,33,Bangalore,Finance,29368
8695,Karan,30,Delhi,Operations,97465
8696,Karan,27,Jaipur,HR,134949
8697,Simran,49,Pune,HR,122134
8698,Karan,46,Jaipur,Operations,39720
8699,Rohit,49,Hyderabad,Finance,116079
8700,Neha,28,Jaipur,Marketing,119596
8701,Vikas,23,Delhi,Marketing,142071
8702,Vikas,27,Hyderabad,Sales,31320
8703,Karan,25,Delhi,HR,69446
8704,Aman,27,Noida,IT,74368
8705,Priya,27,Bangalore,HR,149370
8706,Simran,44,Noida,Operations,118087
8707,Rohit,45,Kolkata,Operations,54013
8708,Rahul,26,Noida,Operations,69731
8709,Neha,28,Chennai,Sales,109092
8710,Simran,31,Hyderabad,Finance,92923
8711,Karan,22,Kolkata,IT,119458
8712,Rohit,27,Jaipur,Sales,132951
8713,Neha,22,Lucknow,Finance,111152
8714,Pooja,48,Pune,IT,81638
8715,Rahul,28,Lucknow,Operations,131215
8716,Aman,41,Noida,Finance,130121
8717,Priya,53,Mumbai,Marketing,102504
8718,Priya,48,Lucknow,Finance,102371
8719,Rahul,35,Hyderabad,HR,29985
8720,Rahul,32,Chennai,Finance,108199
8721,Anuj,33,Hyderabad,Finance,49166
8722,Priya,22,Noida,IT,38849
8723,Aman,38,Jaipur,Finance,126960
8724,Pooja,32,Jaipur,IT,55921
8725,Rohit,47,Kolkata,Operations,33976
8726,Pooja,44,Noida,Operations,37741
8727,Rahul,41,Noida,Marketing,78861
8728,Neha,33,Bangalore,Operations,116967
8729,Simran,54,Jaipur,IT,79374
8730,Priya,20,Chennai,Sales,99500
8731,Karan,31,Delhi,Marketing,64775
8732,Simran,49,Delhi,Sales,79790
8733,Simran,39,Hyderabad,Sales,27888
8734,Priya,53,Delhi,Operations,141615
8735,Vikas,26,Delhi,Finance,42969
8736,Karan,29,Lucknow,IT,108410
8737,Pooja,38,Mumbai,Sales,34841
8738,Priya,31,Bangalore,Marketing,46071
8739,Pooja,26,Bangalore,IT,144615
8740,Pooja,25,Lucknow,Sales,140356
8741,Priya,38,Mumbai,Sales,63091
8742,Aman,21,Jaipur,Finance,143714
8743,Aman,55,Kolkata,Finance,81382
8744,Simran,45,Jaipur,HR,83722
8745,Aman,53,Kolkata,HR,133718
8746,Pooja,28,Hyderabad,Marketing,80315
8747,Pooja,41,Kolkata,Operations,126682
8748,Aman,20,Delhi,Marketing,58853
8749,Simran,40,Pune,Marketing,43898
8750,Simran,28,Delhi,HR,91285
8751,Rahul,29,Mumbai,Operations,40040
8752,Rohit,38,Lucknow,IT,44533
8753,Pooja,44,Pune,Operations,117491
8754,Pooja,28,Delhi,Operations,114839
8755,Anuj,21,Noida,Sales,119907
8756,Aman,32,Noida,Sales,120319
8757,Simran,43,Mumbai,Finance,70444
8758,Neha,42,Hyderabad,Finance,99184
8759,Rahul,44,Delhi,Marketing,93640
8760,Karan,24,Noida,Finance,138239
8761,Priya,20,Jaipur,IT,49922
8762,Rahul,33,Chennai,HR,76975
8763,Rahul,42,Delhi,Operations,126885
8764,Neha,28,Kolkata,Marketing,45800
8765,Karan,51,Bangalore,IT,31759
8766,Vikas,21,Mumbai,Finance,84904
8767,Anuj,26,Lucknow,Marketing,132249
8768,Simran,34,Delhi,IT,131001
8769,Aman,49,Chennai,IT,60058
8770,Rahul,27,Lucknow,Operations,106512
8771,Neha,29,Hyderabad,Finance,91748
8772,Vikas,37,Mumbai,Operations,132948
8773,Neha,32,Mumbai,HR,98400
8774,Vikas,47,Mumbai,IT,127684
8775,Vikas,42,Pune,IT,134995
8776,Pooja,55,Pune,Finance,59532
8777,Anuj,40,Chennai,HR,101649
8778,Aman,54,Lucknow,IT,143155
8779,Aman,43,Pune,Finance,115471
8780,Karan,44,Noida,IT,119946
8781,Priya,39,Jaipur,Finance,67078
8782,Anuj,28,Delhi,Marketing,103488
8783,Vikas,33,Chennai,Sales,34810
8784,Vikas,21,Mumbai,Marketing,136048
8785,Rohit,36,Delhi,Operations,47565
8786,Aman,24,Delhi,Operations,75959
8787,Pooja,29,Kolkata,HR,25589
8788,Anuj,21,Pune,Finance,137981
8789,Rahul,29,Delhi,Marketing,100854
8790,Simran,50,Mumbai,Operations,44481
8791,Neha,23,Bangalore,HR,25063
8792,Rahul,47,Mumbai,Marketing,57072
8793,Anuj,27,Chennai,Sales,54372
8794,Priya,43,Chennai,IT,35359
8795,Pooja,30,Mumbai,Sales,119895
8796,Karan,50,Bangalore,HR,135549
8797,Vikas,34,Lucknow,Marketing,59041
8798,Karan,55,Kolkata,HR,122660
8799,Pooja,51,Hyderabad,Finance,81719
8800,Neha,37,Pune,Sales,73423
8801,Priya,23,Kolkata,Finance,79690
8802,Pooja,30,Bangalore,HR,115026
8803,Karan,23,Delhi,Operations,71393
8804,Aman,48,Hyderabad,HR,89937
8805,Aman,25,Kolkata,Operations,118773
8806,Simran,47,Noida,Operations,143162
8807,Pooja,47,Bangalore,IT,139255
8808,Pooja,21,Bangalore,HR,40726
8809,Pooja,46,Chennai,HR,124485
8810,Aman,34,Lucknow,Marketing,79993
8811,Neha,28,Hyderabad,Sales,76215
8812,Rahul,28,Chennai,Finance,71454
8813,Karan,38,Kolkata,Sales,89352
8814,Karan,53,Bangalore,Marketing,136492
8815,Priya,26,Delhi,IT,137803
8816,Priya,41,Chennai,Marketing,145457
8817,Rohit,40,Jaipur,IT,92146
8818,Priya,36,Kolkata,Sales,107800
8819,Neha,30,Pune,IT,37655
8820,Simran,20,Hyderabad,Finance,52666
8821,Anuj,34,Bangalore,Marketing,27975
8822,Pooja,38,Bangalore,Marketing,62409
8823,Vikas,22,Hyderabad,Sales,100327
8824,Rahul,35,Pune,Operations,106739
8825,Aman,23,Bangalore,Finance,70267
8826,Anuj,27,Hyderabad,HR,136327
8827,Karan,21,Noida,Sales,32515
8828,Vikas,43,Bangalore,Operations,64741
8829,Simran,45,Chennai,IT,55817
8830,Rahul,51,Chennai,Finance,146519
8831,Simran,48,Jaipur,Finance,90707
8832,Rahul,43,Jaipur,Operations,99686
8833,Rohit,47,Chennai,Marketing,113527
8834,Karan,39,Hyderabad,HR,123802
8835,Simran,24,Jaipur,Operations,76916
8836,Karan,43,Pune,Marketing,63102
8837,Anuj,48,Bangalore,Marketing,110097
8838,Karan,42,Jaipur,HR,38163
8839,Simran,43,Pune,HR,77158
8840,Rohit,38,Bangalore,HR,60477
8841,Pooja,47,Jaipur,IT,71099
8842,Simran,31,Pune,Marketing,30172
8843,Anuj,35,Hyderabad,Marketing,94253
8844,Rahul,36,Jaipur,Operations,75543
8845,Simran,50,Chennai,Marketing,43896
8846,Aman,26,Mumbai,HR,139771
8847,Anuj,28,Chennai,Operations,119910
8848,Vikas,36,Kolkata,Marketing,117594
8849,Rohit,49,Pune,Sales,147168
8850,Rohit,47,Chennai,IT,98864
8851,Karan,20,Chennai,Sales,140016
8852,Pooja,27,Bangalore,Sales,67331
8853,Rahul,22,Jaipur,Operations,49907
8854,Simran,55,Hyderabad,IT,129111
8855,Karan,23,Pune,Finance,141350
8856,Neha,27,Mumbai,Operations,42063
8857,Priya,52,Delhi,HR,125776
8858,Karan,27,Kolkata,Finance,41656
8859,Anuj,22,Kolkata,IT,136020
8860,Pooja,33,Hyderabad,Operations,54636
8861,Anuj,21,Jaipur,HR,28010
8862,Neha,46,Kolkata,Sales,86835
8863,Priya,55,Delhi,Finance,44365
8864,Aman,34,Jaipur,Marketing,60548
8865,Priya,26,Lucknow,Marketing,142092
8866,Anuj,48,Bangalore,IT,120350
8867,Simran,45,Pune,IT,97428
8868,Neha,37,Mumbai,Operations,145253
8869,Priya,25,Chennai,HR,89120
8870,Vikas,51,Lucknow,Sales,75534
8871,Rahul,30,Jaipur,Sales,58380
8872,Rahul,47,Pune,Operations,37324
8873,Rahul,53,Bangalore,IT,145173
8874,Simran,22,Bangalore,Sales,49425
8875,Aman,54,Pune,Marketing,79161
8876,Vikas,20,Chennai,Marketing,37941
8877,Aman,53,Lucknow,Operations,141994
8878,Aman,26,Hyderabad,Marketing,53517
8879,Vikas,43,Jaipur,Finance,112752
8880,Rahul,48,Delhi,Finance,138561
8881,Aman,26,Hyderabad,Sales,99515
8882,Vikas,29,Delhi,Sales,72719
8883,Priya,21,Bangalore,IT,131790
8884,Aman,26,Hyderabad,Marketing,135071
8885,Anuj,41,Delhi,Sales,147216
8886,Karan,23,Hyderabad,Sales,127141
8887,Neha,49,Delhi,HR,72584
8888,Aman,25,Lucknow,Finance,89226
8889,Anuj,32,Mumbai,HR,57937
8890,Anuj,52,Jaipur,HR,67021
8891,Vikas,22,Bangalore,IT,96314
8892,Priya,46,Chennai,Sales,77017
8893,Rahul,48,Kolkata,IT,40541
8894,Neha,26,Mumbai,Finance,91058
8895,Aman,35,Delhi,Marketing,122762
8896,Priya,23,Delhi,Operations,26746
8897,Neha,49,Kolkata,Marketing,115155
8898,Vikas,34,Pune,IT,67324
8899,Priya,41,Bangalore,HR,137098
8900,Rahul,25,Mumbai,HR,91060
8901,Anuj,23,Lucknow,IT,51224
8902,Rohit,38,Pune,Sales,100577
8903,Rohit,43,Lucknow,Operations,57165
8904,Karan,53,Delhi,Finance,65932
8905,Karan,37,Kolkata,Sales,140934
8906,Rohit,51,Kolkata,Sales,29736
8907,Pooja,39,Pune,IT,92905
8908,Simran,32,Kolkata,IT,53737
8909,Simran,45,Mumbai,Sales,73364
8910,Priya,31,Lucknow,Operations,60559
8911,Rahul,27,Hyderabad,Marketing,108032
8912,Vikas,32,Bangalore,HR,131899
8913,Anuj,21,Hyderabad,Sales,146308
8914,Neha,21,Delhi,IT,61602
8915,Pooja,47,Pune,Marketing,135152
8916,Simran,31,Jaipur,HR,43449
8917,Priya,42,Delhi,IT,113516
8918,Rahul,54,Noida,IT,108763
8919,Pooja,53,Chennai,HR,87105
8920,Anuj,42,Mumbai,Sales,92496
8921,Priya,48,Hyderabad,Sales,94520
8922,Rohit,47,Jaipur,IT,71251
8923,Anuj,47,Hyderabad,Operations,99003
8924,Vikas,36,Noida,Marketing,96529
8925,Simran,51,Hyderabad,Sales,146618
8926,Karan,21,Delhi,Operations,91839
8927,Rahul,33,Mumbai,IT,41381
8928,Rohit,27,Delhi,Operations,102268
8929,Simran,55,Bangalore,Finance,47542
8930,Aman,20,Hyderabad,Marketing,26989
8931,Vikas,41,Delhi,Sales,81802
8932,Karan,32,Mumbai,IT,105204
8933,Priya,32,Jaipur,HR,75210
8934,Pooja,45,Noida,Marketing,73875
8935,Rahul,30,Bangalore,IT,74924
8936,Simran,48,Pune,Operations,105376
8937,Rohit,36,Hyderabad,IT,50709
8938,Aman,47,Pune,Marketing,48301
8939,Neha,45,Noida,Sales,73556
8940,Simran,47,Mumbai,IT,112071
8941,Aman,29,Kolkata,HR,144979
8942,Rohit,25,Lucknow,HR,103368
8943,Simran,42,Bangalore,Marketing,79366
8944,Priya,24,Pune,HR,131199
8945,Simran,53,Pune,Operations,43621
8946,Pooja,35,Kolkata,Finance,149763
8947,Anuj,28,Lucknow,Sales,85094
8948,Anuj,50,Hyderabad,Marketing,82093
8949,Pooja,21,Pune,HR,115222
8950,Karan,22,Noida,Finance,46395
8951,Vikas,23,Noida,Finance,43200
8952,Aman,37,Noida,Marketing,56456
8953,Anuj,45,Mumbai,Finance,79305
8954,Anuj,46,Pune,Sales,95631
8955,Pooja,47,Hyderabad,Marketing,55927
8956,Vikas,26,Lucknow,Marketing,35866
8957,Karan,39,Delhi,Operations,130670
8958,Vikas,41,Bangalore,Sales,47808
8959,Priya,21,Mumbai,HR,86605
8960,Neha,24,Chennai,Operations,69624
8961,Rohit,27,Hyderabad,HR,55237
8962,Karan,23,Mumbai,Operations,143721
8963,Simran,48,Kolkata,Operations,58333
8964,Vikas,51,Bangalore,HR,41091
8965,Anuj,49,Mumbai,Sales,94785
8966,Aman,27,Jaipur,Marketing,51982
8967,Simran,36,Chennai,IT,105350
8968,Karan,22,Chennai,HR,121931
8969,Rahul,21,Mumbai,IT,104604
8970,Vikas,36,Hyderabad,Marketing,117237
8971,Rahul,35,Noida,Sales,123643
8972,Priya,54,Delhi,Finance,70139
8973,Rahul,55,Jaipur,Sales,69461
8974,Aman,24,Hyderabad,Operations,108201
8975,Simran,37,Kolkata,Sales,86643
8976,Vikas,20,Pune,Marketing,134448
8977,Priya,40,Jaipur,Sales,98534
8978,Rohit,35,Pune,Finance,132635
8979,Karan,24,Jaipur,HR,123094
8980,Simran,40,Hyderabad,Sales,127115
8981,Neha,31,Hyderabad,Marketing,149644
8982,Neha,22,Bangalore,HR,29288
8983,Vikas,36,Hyderabad,IT,46102
8984,Pooja,52,Noida,Marketing,143631
8985,Vikas,22,Bangalore,HR,127685
8986,Rohit,39,Chennai,Sales,146675
8987,Neha,51,Delhi,HR,132728
8988,Neha,45,Lucknow,HR,136437
8989,Rohit,53,Noida,Operations,135677
8990,Pooja,51,Lucknow,Finance,42590
8991,Karan,34,Pune,Operations,142180
8992,Neha,24,Hyderabad,Finance,92360
8993,Anuj,32,Noida,Marketing,27326
8994,Aman,49,Noida,Marketing,36525
8995,Anuj,48,Kolkata,Operations,137839
8996,Karan,27,Bangalore,Operations,84552
8997,Pooja,46,Hyderabad,IT,90160
8998,Anuj,44,Hyderabad,HR,35573
8999,Anuj,55,Hyderabad,HR,113859
9000,Aman,38,Pune,Marketing,28504
9001,Priya,26,Kolkata,IT,80115
9002,Simran,46,Delhi,Sales,42032
9003,Pooja,44,Chennai,IT,98928
9004,Priya,26,Mumbai,Marketing,63823
9005,Simran,29,Kolkata,IT,72560
9006,Rahul,33,Mumbai,Marketing,138711
9007,Rahul,51,Jaipur,Finance,144822
9008,Simran,38,Noida,Operations,27323
9009,Anuj,23,Chennai,Operations,42500
9010,Pooja,51,Kolkata,Marketing,123159
9011,Rahul,50,Pune,HR,75669
9012,Neha,37,Pune,HR,111578
9013,Priya,35,Kolkata,HR,124405
9014,Karan,34,Bangalore,Operations,99893
9015,Neha,31,Chennai,Marketing,62521
9016,Priya,40,Noida,Finance,60056
9017,Aman,47,Mumbai,Finance,84615
9018,Anuj,31,Noida,IT,54256
9019,Rahul,33,Hyderabad,Operations,126835
9020,Pooja,52,Kolkata,HR,72809
9021,Neha,38,Hyderabad,IT,112417
9022,Rohit,27,Chennai,Operations,52990
9023,Pooja,48,Mumbai,HR,61382
9024,Anuj,20,Chennai,Marketing,37515
9025,Rohit,24,Bangalore,Marketing,140371
9026,Anuj,36,Noida,HR,134961
9027,Vikas,30,Mumbai,Marketing,109218
9028,Neha,47,Chennai,Operations,61945
9029,Rohit,28,Delhi,IT,116293
9030,Rahul,21,Jaipur,Operations,57336
9031,Karan,33,Bangalore,HR,106433
9032,Vikas,49,Jaipur,Operations,34597
9033,Rohit,23,Noida,IT,29017
9034,Rohit,52,Jaipur,Marketing,122384
9035,Pooja,49,Kolkata,Marketing,53437
9036,Neha,54,Chennai,Sales,49415
9037,Anuj,30,Mumbai,Operations,149489
9038,Vikas,26,Delhi,HR,56238
9039,Pooja,25,Lucknow,HR,121463
9040,Karan,46,Lucknow,Finance,116779
9041,Rohit,23,Delhi,Operations,41213
9042,Anuj,30,Chennai,HR,133394
9043,Rohit,21,Lucknow,IT,94283
9044,Priya,36,Pune,Sales,81516
9045,Rahul,26,Noida,HR,134835
9046,Vikas,54,Lucknow,IT,111898
9047,Karan,25,Chennai,Finance,123096
9048,Simran,35,Pune,Finance,80961
9049,Pooja,43,Delhi,Marketing,86428
9050,Aman,52,Pune,HR,137295
9051,Simran,52,Lucknow,HR,100119
9052,Rohit,48,Lucknow,HR,108512
9053,Karan,29,Hyderabad,Marketing,31545
9054,Karan,27,Noida,Operations,141449
9055,Karan,25,Chennai,Sales,80646
9056,Aman,48,Kolkata,HR,80316
9057,Rahul,21,Delhi,HR,108850
9058,Karan,54,Bangalore,Marketing,88747
9059,Aman,52,Hyderabad,Marketing,122607
9060,Rahul,38,Delhi,IT,58686
9061,Aman,52,Hyderabad,IT,86694
9062,Vikas,21,Lucknow,Marketing,88185
9063,Karan,24,Lucknow,Operations,109659
9064,Rohit,54,Jaipur,Sales,108197
9065,Simran,45,Mumbai,Operations,42792
9066,Vikas,36,Mumbai,Sales,123455
9067,Rohit,39,Chennai,Finance,31781
9068,Anuj,54,Kolkata,Finance,118379
9069,Simran,28,Pune,HR,146466
9070,Karan,30,Noida,HR,37791
9071,Vikas,27,Mumbai,Finance,35416
9072,Simran,48,Pune,Finance,111752
9073,Pooja,42,Bangalore,Operations,139358
9074,Anuj,53,Pune,Finance,33063
9075,Priya,52,Jaipur,Finance,63702
9076,Anuj,34,Jaipur,HR,25201
9077,Neha,48,Jaipur,HR,97260
9078,Priya,52,Delhi,Marketing,55207
9079,Priya,43,Bangalore,Sales,91754
9080,Vikas,48,Jaipur,HR,57810
9081,Rahul,20,Hyderabad,HR,57361
9082,Simran,54,Noida,Operations,122213
9083,Pooja,31,Bangalore,IT,86377
9084,Pooja,23,Mumbai,Sales,135911
9085,Neha,21,Delhi,Sales,98113
9086,Simran,36,Mumbai,Marketing,47730
9087,Anuj,54,Hyderabad,Finance,76679
9088,Rohit,22,Lucknow,Sales,27338
9089,Anuj,46,Pune,HR,128855
9090,Vikas,50,Chennai,Operations,36132
9091,Priya,40,Bangalore,Marketing,109202
9092,Simran,50,Hyderabad,Sales,96599
9093,Pooja,25,Delhi,Finance,83584
9094,Neha,31,Mumbai,Marketing,86443
9095,Anuj,32,Jaipur,Finance,118266
9096,Priya,44,Mumbai,Marketing,87348
9097,Rohit,25,Pune,IT,128002
9098,Neha,39,Noida,IT,106379
9099,Rahul,45,Pune,Finance,123688
9100,Karan,25,Bangalore,IT,70323
9101,Anuj,25,Mumbai,Operations,109456
9102,Rohit,30,Kolkata,HR,54057
9103,Priya,52,Hyderabad,HR,49692
9104,Rahul,51,Hyderabad,HR,138571
9105,Rohit,37,Kolkata,Marketing,147315
9106,Rohit,30,Chennai,HR,122907
9107,Aman,47,Kolkata,Marketing,147214
9108,Neha,55,Mumbai,HR,62028
9109,Vikas,52,Lucknow,Marketing,43673
9110,Rahul,29,Lucknow,Operations,42465
9111,Rahul,49,Noida,Operations,67533
9112,Anuj,45,Noida,Finance,52753
9113,Pooja,50,Hyderabad,Finance,102525
9114,Priya,23,Bangalore,HR,54619
9115,Anuj,37,Lucknow,Operations,148361
9116,Karan,22,Delhi,IT,105735
9117,Neha,42,Bangalore,Finance,41996
9118,Vikas,34,Bangalore,Finance,42554
9119,Rohit,27,Pune,Sales,59560
9120,Rahul,36,Noida,Sales,41796
9121,Pooja,25,Jaipur,Operations,72196
9122,Rohit,47,Pune,Marketing,141008
9123,Neha,27,Bangalore,HR,125162
9124,Anuj,42,Pune,Finance,89558
9125,Neha,47,Chennai,Operations,87507
9126,Simran,22,Lucknow,Finance,84115
9127,Rohit,51,Hyderabad,IT,125920
9128,Rahul,55,Pune,Sales,48784
9129,Karan,35,Noida,HR,84767
9130,Karan,31,Delhi,HR,84793
9131,Pooja,51,Mumbai,Marketing,58063
9132,Rahul,38,Lucknow,Sales,72462
9133,Pooja,55,Kolkata,HR,83445
9134,Karan,55,Kolkata,IT,113401
9135,Rahul,34,Noida,Sales,69443
9136,Rahul,41,Noida,Finance,31278
9137,Anuj,44,Hyderabad,Finance,46607
9138,Anuj,42,Delhi,Finance,38978
9139,Priya,26,Chennai,HR,111293
9140,Neha,49,Mumbai,Marketing,130450
9141,Rahul,45,Lucknow,Operations,93310
9142,Aman,31,Noida,IT,93883
9143,Anuj,38,Kolkata,Finance,139984
9144,Pooja,22,Lucknow,HR,70124
9145,Anuj,46,Mumbai,IT,49471
9146,Vikas,38,Chennai,Sales,37220
9147,Karan,44,Hyderabad,Sales,38081
9148,Priya,44,Noida,Finance,147642
9149,Rahul,54,Kolkata,Sales,146316
9150,Rahul,35,Pune,Operations,61958
9151,Anuj,36,Mumbai,Finance,93987
9152,Simran,47,Jaipur,Finance,65502
9153,Anuj,21,Noida,HR,81619
9154,Vikas,37,Chennai,Sales,29567
9155,Priya,48,Mumbai,IT,54789
9156,Priya,52,Lucknow,HR,118188
9157,Rahul,39,Noida,HR,74605
9158,Karan,29,Delhi,IT,49851
9159,Priya,24,Jaipur,Operations,94631
9160,Rohit,48,Kolkata,Operations,55184
9161,Karan,20,Pune,Sales,101341
9162,Karan,29,Lucknow,HR,133410
9163,Anuj,55,Mumbai,IT,76935
9164,Pooja,41,Mumbai,Finance,118258
9165,Priya,26,Noida,Operations,125383
9166,Pooja,44,Lucknow,IT,95022
9167,Priya,29,Jaipur,IT,89118
9168,Karan,30,Pune,HR,96043
9169,Karan,42,Chennai,HR,134076
9170,Rahul,35,Lucknow,HR,91256
9171,Neha,46,Noida,HR,139449
9172,Anuj,37,Hyderabad,Marketing,64024
9173,Pooja,54,Kolkata,Sales,48114
9174,Simran,54,Pune,HR,131343
9175,Neha,28,Kolkata,HR,127730
9176,Karan,20,Chennai,HR,27072
9177,Rohit,52,Kolkata,Marketing,124368
9178,Rahul,34,Noida,HR,123052
9179,Rahul,37,Delhi,HR,129309
9180,Anuj,54,Hyderabad,Finance,112445
9181,Karan,45,Mumbai,Sales,62402
9182,Rahul,54,Lucknow,IT,85571
9183,Karan,52,Jaipur,Finance,68414
9184,Rohit,34,Kolkata,Marketing,142993
9185,Karan,22,Kolkata,Operations,115185
9186,Aman,47,Delhi,Sales,107031
9187,Simran,28,Kolkata,Sales,115694
9188,Vikas,36,Bangalore,HR,140922
9189,Neha,45,Hyderabad,Operations,102050
9190,Priya,50,Lucknow,Finance,126168
9191,Pooja,29,Lucknow,Operations,98458
9192,Karan,53,Noida,Finance,57320
9193,Pooja,48,Hyderabad,Finance,73300
9194,Aman,24,Pune,Marketing,111951
9195,Rohit,47,Delhi,IT,90925
9196,Aman,21,Bangalore,Marketing,128756
9197,Anuj,24,Bangalore,Marketing,102864
9198,Anuj,25,Hyderabad,HR,65773
9199,Aman,39,Delhi,IT,83598
9200,Vikas,24,Delhi,HR,123673
9201,Karan,33,Mumbai,Operations,87233
9202,Priya,27,Delhi,Marketing,32337
9203,Simran,35,Mumbai,IT,140403
9204,Neha,42,Chennai,IT,75242
9205,Vikas,30,Jaipur,Marketing,100527
9206,Karan,33,Pune,Finance,116955
9207,Simran,46,Jaipur,Operations,149804
9208,Aman,26,Kolkata,IT,119668
9209,Aman,34,Jaipur,HR,133710
9210,Pooja,33,Lucknow,Sales,57039
9211,Vikas,50,Delhi,IT,114452
9212,Karan,46,Pune,Finance,102298
9213,Neha,20,Bangalore,IT,48286
9214,Vikas,41,Hyderabad,HR,93973
9215,Neha,31,Delhi,HR,69608
9216,Anuj,35,Mumbai,Operations,56633
9217,Simran,22,Lucknow,Finance,42144
9218,Karan,36,Hyderabad,Marketing,109569
9219,Aman,40,Jaipur,HR,108750
9220,Anuj,55,Chennai,Sales,32152
9221,Rohit,52,Kolkata,IT,44688
9222,Simran,26,Chennai,Operations,147383
9223,Simran,45,Delhi,Operations,66580
9224,Anuj,41,Pune,Marketing,65696
9225,Priya,21,Delhi,Finance,78385
9226,Neha,30,Bangalore,Marketing,35644
9227,Rohit,43,Delhi,Sales,136696
9228,Rohit,37,Lucknow,Sales,80009
9229,Rohit,39,Pune,Finance,118413
9230,Rahul,51,Bangalore,Marketing,112184
9231,Neha,29,Chennai,Finance,117284
9232,Rohit,36,Kolkata,IT,109594
9233,Pooja,27,Hyderabad,Marketing,87154
9234,Pooja,26,Bangalore,Operations,102601
9235,Karan,47,Noida,Sales,149551
9236,Neha,40,Jaipur,IT,62986
9237,Karan,22,Mumbai,Operations,78937
9238,Karan,32,Pune,Operations,122796
9239,Neha,38,Chennai,Finance,83340
9240,Karan,37,Jaipur,IT,109521
9241,Vikas,21,Jaipur,Marketing,84278
9242,Priya,46,Noida,Marketing,93857
9243,Neha,45,Delhi,Marketing,112098
9244,Aman,24,Noida,Marketing,128954
9245,Rahul,50,Pune,Marketing,33945
9246,Pooja,50,Jaipur,HR,93133
9247,Anuj,24,Mumbai,Operations,124839
9248,Pooja,53,Kolkata,Operations,99646
9249,Rohit,28,Mumbai,IT,92735
9250,Anuj,36,Noida,IT,128205
9251,Rohit,54,Delhi,IT,81953
9252,Rohit,54,Hyderabad,HR,53213
9253,Pooja,22,Noida,HR,119054
9254,Karan,54,Pune,Marketing,79298
9255,Rohit,54,Pune,Sales,122818
9256,Rohit,20,Bangalore,Marketing,145521
9257,Pooja,45,Chennai,IT,35279
9258,Neha,49,Delhi,IT,139440
9259,Priya,55,Noida,IT,54468
9260,Rohit,29,Jaipur,HR,138997
9261,Priya,26,Bangalore,Sales,100260
9262,Aman,37,Mumbai,Sales,67672
9263,Anuj,25,Mumbai,IT,106054
9264,Neha,48,Delhi,Sales,119194
9265,Anuj,37,Noida,Finance,63086
9266,Rahul,46,Pune,HR,127271
9267,Neha,53,Jaipur,IT,108520
9268,Anuj,26,Jaipur,IT,67995
9269,Simran,34,Mumbai,Marketing,127915
9270,Rahul,40,Hyderabad,Operations,101778
9271,Aman,31,Pune,Sales,42703
9272,Vikas,45,Mumbai,Operations,117309
9273,Pooja,44,Delhi,Operations,33472
9274,Rohit,36,Jaipur,Operations,40042
9275,Karan,54,Pune,Sales,118368
9276,Neha,47,Noida,Operations,98436
9277,Anuj,54,Chennai,Sales,68950
9278,Anuj,35,Jaipur,Marketing,123084
9279,Rohit,45,Noida,Finance,82439
9280,Rohit,55,Chennai,Sales,47664
9281,Vikas,48,Pune,Finance,55101
9282,Aman,39,Chennai,Marketing,149892
9283,Rohit,52,Delhi,IT,107910
9284,Vikas,44,Pune,Sales,68540
9285,Aman,39,Jaipur,IT,107623
9286,Neha,25,Lucknow,Operations,31771
9287,Simran,40,Noida,Operations,36453
9288,Rohit,41,Kolkata,Sales,106103
9289,Aman,36,Pune,Marketing,61802
9290,Rohit,40,Chennai,Marketing,85375
9291,Anuj,23,Lucknow,Operations,53018
9292,Aman,27,Delhi,Finance,89792
9293,Vikas,27,Kolkata,Marketing,88886
9294,Rahul,28,Jaipur,Sales,99835
9295,Anuj,31,Lucknow,Operations,80380
9296,Aman,23,Bangalore,IT,43040
9297,Priya,50,Kolkata,Marketing,77563
9298,Rahul,43,Chennai,Marketing,113432
9299,Neha,35,Kolkata,Marketing,50782
9300,Rohit,44,Mumbai,Sales,91215
9301,Vikas,22,Delhi,Marketing,144966
9302,Pooja,42,Delhi,HR,127490
9303,Rohit,27,Delhi,HR,101469
9304,Neha,24,Hyderabad,Finance,74685
9305,Neha,50,Mumbai,Marketing,140781
9306,Aman,25,Noida,IT,133872
9307,Simran,47,Bangalore,Finance,71278
9308,Karan,23,Noida,Finance,63280
9309,Priya,34,Delhi,Finance,125373
9310,Rahul,54,Kolkata,Finance,98757
9311,Rahul,55,Delhi,Sales,148686
9312,Aman,45,Kolkata,Operations,106563
9313,Aman,33,Noida,HR,140062
9314,Rohit,46,Chennai,Sales,89679
9315,Rohit,40,Pune,Operations,113993
9316,Simran,35,Bangalore,IT,85917
9317,Priya,46,Jaipur,Marketing,99736
9318,Neha,28,Hyderabad,Sales,36258
9319,Neha,26,Delhi,HR,117798
9320,Karan,52,Jaipur,Marketing,87742
9321,Priya,36,Lucknow,Operations,97608
9322,Rohit,40,Hyderabad,IT,107187
9323,Anuj,43,Noida,Sales,107793
9324,Karan,23,Mumbai,HR,45145
9325,Karan,44,Pune,Sales,131180
9326,Rohit,51,Kolkata,Operations,138394
9327,Simran,20,Delhi,Finance,129110
9328,Vikas,23,Jaipur,Finance,42713
9329,Aman,21,Hyderabad,HR,27664
9330,Neha,39,Noida,Finance,30766
9331,Rohit,28,Noida,HR,97108
9332,Anuj,39,Lucknow,Sales,119122
9333,Vikas,53,Noida,Operations,109515
9334,Aman,36,Lucknow,Finance,41164
9335,Simran,31,Bangalore,HR,28046
9336,Karan,23,Bangalore,HR,128415
9337,Pooja,38,Hyderabad,IT,28952
9338,Rohit,44,Bangalore,HR,37768
9339,Rahul,44,Hyderabad,Finance,122301
9340,Pooja,37,Chennai,Operations,58491
9341,Karan,55,Lucknow,Marketing,48318
9342,Rahul,47,Kolkata,Sales,91140
9343,Aman,47,Mumbai,Operations,132085
9344,Simran,51,Lucknow,Sales,78451
9345,Priya,46,Chennai,Finance,112530
9346,Simran,23,Hyderabad,Marketing,79554
9347,Neha,40,Hyderabad,Finance,103138
9348,Pooja,47,Chennai,Finance,32563
9349,Simran,36,Noida,Sales,76788
9350,Pooja,30,Lucknow,Finance,48881
9351,Aman,20,Mumbai,Marketing,66908
9352,Neha,39,Kolkata,Operations,36246
9353,Neha,40,Chennai,HR,67180
9354,Simran,47,Kolkata,Marketing,89021
9355,Pooja,43,Noida,IT,67383
9356,Pooja,51,Pune,Operations,101830
9357,Pooja,48,Kolkata,Operations,69590
9358,Vikas,41,Kolkata,Marketing,39113
9359,Karan,54,Noida,Finance,58208
9360,Priya,21,Jaipur,Finance,138644
9361,Karan,48,Jaipur,HR,101374
9362,Anuj,39,Chennai,HR,125560
9363,Rohit,40,Mumbai,Marketing,123927
9364,Rohit,34,Chennai,Marketing,124765
9365,Rohit,32,Pune,Sales,30602
9366,Pooja,52,Lucknow,HR,99063
9367,Rohit,21,Hyderabad,Finance,116656
9368,Priya,47,Chennai,Marketing,77106
9369,Rohit,28,Noida,Finance,83366
9370,Vikas,35,Mumbai,Operations,37865
9371,Priya,43,Chennai,IT,107898
9372,Priya,36,Chennai,HR,116394
9373,Karan,45,Kolkata,HR,127826
9374,Aman,44,Jaipur,Finance,112908
9375,Neha,28,Pune,Marketing,130456
9376,Vikas,31,Delhi,Sales,26837
9377,Simran,46,Hyderabad,Marketing,112005
9378,Rahul,41,Hyderabad,Marketing,92010
9379,Aman,38,Kolkata,Operations,26038
9380,Rahul,23,Pune,HR,25205
9381,Vikas,26,Kolkata,Sales,118476
9382,Pooja,45,Noida,IT,59756
9383,Simran,41,Pune,HR,107727
9384,Neha,42,Jaipur,HR,148216
9385,Rohit,34,Jaipur,Finance,71273
9386,Karan,23,Kolkata,Finance,92481
9387,Anuj,20,Bangalore,HR,116047
9388,Pooja,47,Delhi,Operations,88405
9389,Simran,30,Mumbai,Sales,142992
9390,Karan,31,Mumbai,Sales,49037
9391,Neha,27,Pune,Marketing,60769
9392,Priya,31,Bangalore,HR,45529
9393,Pooja,29,Chennai,IT,111370
9394,Pooja,38,Noida,Sales,47871
9395,Priya,31,Bangalore,Operations,88408
9396,Priya,48,Bangalore,Finance,137434
9397,Neha,47,Chennai,Marketing,113262
9398,Pooja,50,Chennai,IT,142939
9399,Neha,50,Mumbai,Marketing,109031
9400,Vikas,39,Kolkata,Marketing,63403
9401,Priya,45,Chennai,Finance,139893
9402,Anuj,28,Pune,HR,119463
9403,Aman,40,Pune,Marketing,115736
9404,Pooja,24,Delhi,Finance,102216
9405,Rohit,44,Bangalore,Finance,76652
9406,Vikas,21,Noida,Finance,80514
9407,Rahul,26,Noida,Operations,70818
9408,Neha,25,Kolkata,Marketing,117244
9409,Rahul,31,Chennai,IT,111406
9410,Vikas,37,Noida,IT,41843
9411,Simran,26,Bangalore,Operations,106154
9412,Simran,25,Mumbai,Marketing,63982
9413,Simran,43,Noida,Sales,131969
9414,Rahul,52,Hyderabad,Sales,92669
9415,Vikas,36,Mumbai,Marketing,51001
9416,Rohit,54,Bangalore,Sales,136867
9417,Rahul,53,Jaipur,Sales,30881
9418,Rahul,44,Pune,Operations,149498
9419,Rahul,23,Noida,Operations,70263
9420,Neha,20,Lucknow,Operations,40068
9421,Anuj,54,Chennai,Operations,84852
9422,Simran,20,Jaipur,Sales,41291
9423,Rohit,26,Chennai,HR,101850
9424,Neha,50,Pune,Finance,85915
9425,Rohit,53,Chennai,Marketing,45353
9426,Neha,45,Bangalore,Finance,122378
9427,Vikas,50,Kolkata,Sales,68501
9428,Vikas,51,Delhi,Sales,33381
9429,Vikas,55,Bangalore,IT,48598
9430,Rohit,28,Chennai,Sales,110529
9431,Karan,32,Hyderabad,Finance,53461
9432,Aman,25,Chennai,Sales,138330
9433,Simran,31,Jaipur,Sales,144286
9434,Vikas,42,Lucknow,Finance,58556
9435,Anuj,48,Chennai,Operations,51957
9436,Vikas,20,Lucknow,Marketing,124466
9437,Vikas,37,Jaipur,HR,148601
9438,Neha,48,Kolkata,IT,55803
9439,Priya,28,Delhi,Finance,67932
9440,Priya,46,Pune,Operations,55410
9441,Karan,36,Chennai,Operations,148803
9442,Anuj,30,Jaipur,IT,81625
9443,Pooja,47,Jaipur,Sales,85725
9444,Simran,24,Pune,Marketing,73908
9445,Aman,29,Delhi,Finance,113540
9446,Priya,27,Delhi,Finance,83654
9447,Rohit,30,Bangalore,HR,114108
9448,Rohit,23,Jaipur,Operations,88446
9449,Rohit,33,Pune,Marketing,90235
9450,Pooja,53,Kolkata,HR,83232
9451,Rohit,36,Lucknow,Finance,52875
9452,Simran,34,Pune,Marketing,57858
9453,Karan,50,Chennai,Sales,143384
9454,Simran,41,Pune,IT,119658
9455,Pooja,34,Noida,HR,128155
9456,Pooja,47,Hyderabad,HR,132581
9457,Neha,42,Lucknow,HR,42049
9458,Rahul,44,Mumbai,Marketing,75856
9459,Neha,54,Mumbai,Finance,129748
9460,Rohit,23,Lucknow,Operations,134179
9461,Priya,49,Noida,HR,125799
9462,Priya,55,Mumbai,Operations,68883
9463,Rohit,42,Kolkata,Finance,94734
9464,Pooja,30,Delhi,Operations,136962
9465,Pooja,43,Chennai,Finance,88190
9466,Simran,36,Hyderabad,Operations,67293
9467,Anuj,52,Lucknow,Operations,31303
9468,Neha,31,Pune,HR,52107
9469,Aman,39,Bangalore,Finance,112243
9470,Karan,28,Noida,Marketing,34122
9471,Aman,27,Delhi,Finance,26189
9472,Vikas,55,Bangalore,Marketing,64263
9473,Anuj,34,Delhi,Operations,117911
9474,Pooja,52,Chennai,IT,109810
9475,Neha,40,Mumbai,IT,102370
9476,Neha,36,Lucknow,HR,82357
9477,Rohit,43,Noida,HR,103546
9478,Priya,37,Noida,IT,37078
9479,Priya,23,Jaipur,Operations,58654
9480,Priya,22,Kolkata,Sales,25132
9481,Simran,47,Mumbai,Finance,86644
9482,Vikas,36,Mumbai,Operations,144598
9483,Neha,39,Jaipur,Operations,87571
9484,Karan,43,Mumbai,Finance,34832
9485,Anuj,38,Bangalore,Operations,107516
9486,Karan,49,Kolkata,Finance,142366
9487,Anuj,41,Noida,HR,114879
9488,Aman,29,Jaipur,Operations,107280
9489,Aman,32,Pune,HR,48898
9490,Neha,24,Delhi,Marketing,138698
9491,Karan,27,Noida,HR,91847
9492,Karan,28,Jaipur,Sales,28911
9493,Karan,32,Noida,Finance,128348
9494,Karan,29,Kolkata,Sales,79124
9495,Priya,48,Lucknow,Sales,36185
9496,Priya,38,Chennai,Finance,148256
9497,Rohit,54,Delhi,IT,111554
9498,Priya,51,Kolkata,HR,100552
9499,Rahul,25,Hyderabad,Finance,103162
9500,Simran,48,Kolkata,IT,29617
9501,Priya,48,Jaipur,HR,88094
9502,Rohit,45,Lucknow,Finance,135410
9503,Pooja,33,Jaipur,HR,59629
9504,Rahul,35,Bangalore,Sales,76685
9505,Neha,38,Lucknow,HR,76516
9506,Karan,30,Kolkata,HR,141311
9507,Pooja,51,Bangalore,Sales,117796
9508,Vikas,30,Lucknow,IT,79041
9509,Rahul,21,Lucknow,IT,104199
9510,Aman,32,Kolkata,HR,125000
9511,Rahul,55,Lucknow,Sales,90213
9512,Simran,54,Lucknow,IT,134120
9513,Aman,44,Delhi,Operations,112622
9514,Anuj,30,Hyderabad,Marketing,60776
9515,Karan,24,Mumbai,Finance,87202
9516,Pooja,50,Mumbai,Finance,44865
9517,Anuj,42,Noida,HR,129025
9518,Aman,20,Kolkata,Finance,135714
9519,Rohit,54,Noida,Operations,142692
9520,Rahul,23,Noida,IT,145142
9521,Priya,24,Bangalore,HR,123301
9522,Vikas,44,Jaipur,Sales,36809
9523,Rohit,35,Chennai,IT,85222
9524,Rohit,22,Hyderabad,Sales,40690
9525,Vikas,36,Chennai,HR,123395
9526,Simran,41,Hyderabad,IT,147648
9527,Rahul,32,Jaipur,Operations,47318
9528,Pooja,22,Noida,Marketing,62988
9529,Anuj,44,Jaipur,IT,125669
9530,Neha,34,Lucknow,Marketing,55181
9531,Simran,40,Jaipur,Marketing,73267
9532,Anuj,54,Noida,HR,76124
9533,Aman,52,Delhi,Operations,80469
9534,Neha,29,Chennai,Operations,90595
9535,Priya,37,Noida,IT,111040
9536,Priya,34,Kolkata,HR,131124
9537,Aman,41,Pune,Finance,57110
9538,Rahul,34,Hyderabad,HR,127581
9539,Aman,39,Chennai,Operations,121383
9540,Simran,20,Pune,IT,31608
9541,Priya,22,Noida,Sales,53576
9542,Pooja,26,Chennai,Sales,45137
9543,Rahul,52,Pune,HR,70647
9544,Priya,24,Noida,Marketing,124243
9545,Rohit,45,Mumbai,HR,50850
9546,Aman,48,Lucknow,IT,75706
9547,Rohit,50,Kolkata,Marketing,146927
9548,Vikas,52,Hyderabad,IT,136092
9549,Priya,38,Hyderabad,Operations,145213
9550,Pooja,52,Kolkata,HR,100080
9551,Aman,24,Mumbai,Sales,73721
9552,Karan,47,Chennai,Sales,118733
9553,Karan,42,Noida,Sales,43927
9554,Vikas,31,Chennai,Operations,140812
9555,Karan,37,Lucknow,Marketing,72501
9556,Rohit,36,Bangalore,Marketing,67719
9557,Simran,36,Lucknow,Finance,94732
9558,Pooja,43,Chennai,Finance,83391
9559,Vikas,36,Pune,Finance,120374
9560,Rohit,36,Kolkata,Operations,121459
9561,Anuj,47,Jaipur,Sales,141582
9562,Aman,23,Jaipur,Sales,74775
9563,Pooja,54,Noida,Finance,89175
9564,Rahul,33,Noida,Operations,52116
9565,Priya,54,Lucknow,Marketing,66966
9566,Karan,43,Pune,Operations,120590
9567,Rohit,24,Jaipur,Operations,26378
9568,Simran,50,Lucknow,IT,87200
9569,Neha,33,Lucknow,HR,98431
9570,Karan,48,Lucknow,Sales,124519
9571,Pooja,55,Delhi,Sales,37270
9572,Pooja,26,Chennai,Sales,122795
9573,Pooja,20,Jaipur,Marketing,32259
9574,Karan,40,Mumbai,IT,111663
9575,Anuj,35,Delhi,IT,90433
9576,Rahul,27,Noida,Finance,48050
9577,Vikas,29,Pune,IT,93497
9578,Pooja,54,Delhi,Operations,115252
9579,Neha,49,Kolkata,Marketing,54359
9580,Vikas,52,Noida,Marketing,110519
9581,Priya,52,Chennai,IT,103038
9582,Karan,36,Kolkata,Operations,63998
9583,Aman,54,Hyderabad,Finance,131390
9584,Priya,44,Pune,IT,85457
9585,Rohit,47,Mumbai,IT,135249
9586,Aman,53,Noida,HR,75594
9587,Karan,52,Chennai,Sales,60131
9588,Priya,29,Pune,Sales,149162
9589,Pooja,23,Pune,Marketing,120161
9590,Priya,39,Chennai,IT,79420
9591,Aman,40,Noida,Marketing,123194
9592,Karan,50,Pune,HR,113923
9593,Rahul,28,Noida,HR,148157
9594,Priya,50,Kolkata,Finance,34434
9595,Anuj,26,Lucknow,Operations,49040
9596,Rohit,37,Jaipur,HR,114111
9597,Aman,48,Hyderabad,Marketing,74660
9598,Vikas,28,Bangalore,Finance,36556
9599,Simran,36,Lucknow,HR,59119
9600,Vikas,44,Delhi,Marketing,104874
9601,Rahul,34,Delhi,Marketing,116444
9602,Rohit,22,Bangalore,IT,108756
9603,Pooja,25,Lucknow,HR,128373
9604,Priya,54,Delhi,Sales,104625
9605,Simran,44,Pune,Finance,51818
9606,Rahul,36,Kolkata,IT,111017
9607,Neha,31,Mumbai,Operations,78068
9608,Rahul,37,Lucknow,Sales,112841
9609,Rahul,28,Hyderabad,HR,147163
9610,Simran,33,Bangalore,Marketing,56003
9611,Neha,55,Hyderabad,Marketing,39066
9612,Priya,34,Jaipur,Finance,126048
9613,Pooja,48,Hyderabad,IT,100118
9614,Aman,30,Jaipur,IT,76755
9615,Vikas,53,Pune,HR,48075
9616,Rohit,35,Hyderabad,Sales,137804
9617,Simran,35,Chennai,HR,145131
9618,Anuj,26,Pune,Marketing,82854
9619,Pooja,29,Lucknow,Sales,68744
9620,Anuj,27,Lucknow,IT,76703
9621,Rahul,55,Jaipur,HR,116492
9622,Pooja,51,Noida,IT,64074
9623,Priya,21,Mumbai,Operations,58510
9624,Neha,45,Kolkata,Finance,54224
9625,Priya,30,Bangalore,Finance,101034
9626,Rohit,33,Pune,Operations,138703
9627,Priya,31,Lucknow,Operations,124883
9628,Anuj,53,Mumbai,Operations,30013
9629,Anuj,52,Mumbai,HR,101423
9630,Vikas,23,Hyderabad,IT,66728
9631,Rahul,55,Hyderabad,Sales,33340
9632,Aman,33,Noida,IT,107516
9633,Neha,30,Kolkata,Finance,104318
9634,Pooja,29,Bangalore,IT,134686
9635,Pooja,27,Noida,IT,69157
9636,Pooja,22,Lucknow,Marketing,76543
9637,Rahul,27,Mumbai,Sales,141480
9638,Rahul,20,Hyderabad,Sales,77546
9639,Simran,31,Jaipur,IT,53535
9640,Rohit,34,Noida,Finance,27163
9641,Pooja,31,Bangalore,Marketing,33082
9642,Aman,20,Kolkata,Marketing,110451
9643,Pooja,21,Chennai,Finance,76624
9644,Vikas,24,Mumbai,HR,51326
9645,Aman,53,Noida,HR,76127
9646,Aman,44,Mumbai,Sales,44017
9647,Anuj,49,Pune,Finance,118193
9648,Karan,47,Chennai,IT,146317
9649,Rahul,44,Delhi,HR,40482
9650,Aman,27,Noida,Finance,128880
9651,Vikas,22,Jaipur,Sales,32053
9652,Rahul,21,Chennai,Sales,72015
9653,Simran,52,Pune,IT,113974
9654,Priya,55,Lucknow,HR,35121
9655,Aman,50,Lucknow,Sales,75966
9656,Rahul,44,Bangalore,IT,58944
9657,Anuj,27,Hyderabad,Marketing,32403
9658,Vikas,20,Bangalore,Sales,83370
9659,Aman,55,Noida,Finance,91901
9660,Pooja,25,Pune,HR,85597
9661,Neha,38,Jaipur,Sales,139049
9662,Aman,32,Bangalore,IT,122119
9663,Rohit,43,Hyderabad,Sales,131144
9664,Anuj,44,Pune,Finance,118363
9665,Simran,25,Noida,Finance,135999
9666,Rohit,38,Hyderabad,Finance,109931
9667,Pooja,23,Chennai,HR,32270
9668,Anuj,35,Pune,Finance,139176
9669,Simran,55,Delhi,IT,64381
9670,Rahul,38,Lucknow,Sales,135005
9671,Priya,40,Pune,Sales,144209
9672,Vikas,35,Delhi,Sales,90723
9673,Pooja,25,Kolkata,Finance,39168
9674,Anuj,52,Lucknow,IT,36849
9675,Karan,23,Chennai,Finance,51801
9676,Anuj,50,Jaipur,HR,122110
9677,Anuj,37,Hyderabad,HR,110725
9678,Priya,46,Lucknow,Marketing,72703
9679,Rohit,55,Delhi,IT,125289
9680,Rohit,28,Lucknow,Finance,138187
9681,Neha,32,Chennai,Sales,141915
9682,Rohit,40,Bangalore,HR,123794
9683,Rohit,39,Hyderabad,Finance,50612
9684,Rahul,46,Lucknow,HR,139510
9685,Anuj,40,Jaipur,HR,147183
9686,Priya,26,Kolkata,HR,115154
9687,Anuj,22,Mumbai,Sales,120613
9688,Anuj,20,Bangalore,Finance,87445
9689,Neha,32,Delhi,Finance,123123
9690,Rohit,21,Jaipur,Sales,107810
9691,Rahul,49,Lucknow,IT,112926
9692,Rohit,45,Lucknow,Operations,107706
9693,Rahul,31,Mumbai,Sales,57288
9694,Aman,20,Noida,Finance,104213
9695,Aman,43,Kolkata,Operations,79475
9696,Anuj,37,Kolkata,Finance,72826
9697,Priya,41,Pune,Operations,147029
9698,Simran,44,Hyderabad,IT,45983
9699,Rahul,48,Noida,Sales,88272
9700,Neha,24,Chennai,Finance,145837
9701,Neha,41,Chennai,Operations,107392
9702,Simran,21,Jaipur,HR,141239
9703,Rohit,22,Noida,IT,46389
9704,Karan,47,Noida,IT,125325
9705,Rohit,47,Pune,IT,130095
9706,Simran,44,Pune,HR,103079
9707,Priya,47,Lucknow,Operations,66537
9708,Priya,37,Kolkata,Operations,101119
9709,Rahul,25,Pune,Finance,123212
9710,Rohit,24,Chennai,Marketing,96319
9711,Rohit,20,Kolkata,Finance,76454
9712,Rahul,45,Delhi,IT,82759
9713,Neha,43,Kolkata,Finance,85399
9714,Neha,39,Mumbai,Marketing,86448
9715,Aman,25,Noida,IT,116353
9716,Anuj,25,Kolkata,HR,33020
9717,Priya,34,Pune,Finance,68861
9718,Neha,38,Bangalore,IT,72256
9719,Anuj,20,Delhi,IT,64085
9720,Priya,48,Mumbai,Sales,92741
9721,Rohit,54,Bangalore,IT,102689
9722,Pooja,40,Mumbai,Operations,101647
9723,Rohit,26,Mumbai,Marketing,118615
9724,Rahul,45,Mumbai,IT,125964
9725,Vikas,37,Bangalore,Finance,29840
9726,Karan,50,Noida,Finance,87154
9727,Neha,22,Lucknow,Operations,36687
9728,Anuj,53,Jaipur,Marketing,48874
9729,Rahul,20,Pune,Sales,115884
9730,Rohit,43,Delhi,Sales,102046
9731,Priya,55,Chennai,Sales,145577
9732,Vikas,32,Pune,HR,104318
9733,Karan,47,Mumbai,Sales,75355
9734,Pooja,46,Pune,Marketing,104820
9735,Rahul,55,Chennai,Sales,125345
9736,Simran,32,Hyderabad,Operations,103816
9737,Karan,38,Bangalore,Sales,146955
9738,Aman,55,Delhi,IT,37595
9739,Vikas,29,Noida,Operations,67684
9740,Rahul,44,Jaipur,HR,63330
9741,Karan,54,Noida,HR,117248
9742,Neha,45,Bangalore,Marketing,96970
9743,Priya,30,Bangalore,HR,48996
9744,Aman,44,Bangalore,Operations,132753
9745,Neha,49,Mumbai,Marketing,148309
9746,Aman,20,Bangalore,Operations,87686
9747,Neha,53,Jaipur,HR,26240
9748,Pooja,34,Bangalore,IT,31504
9749,Rahul,54,Mumbai,Finance,111095
9750,Neha,47,Delhi,HR,41684
9751,Anuj,55,Mumbai,Finance,100219
9752,Karan,55,Bangalore,IT,57412
9753,Karan,53,Pune,Finance,53428
9754,Pooja,27,Hyderabad,Marketing,126702
9755,Priya,50,Delhi,HR,116149
9756,Simran,53,Lucknow,Sales,133183
9757,Rohit,51,Bangalore,Sales,38745
9758,Simran,24,Kolkata,IT,52806
9759,Karan,43,Chennai,Operations,41867
9760,Anuj,21,Hyderabad,Marketing,76261
9761,Rohit,43,Noida,Sales,91756
9762,Anuj,47,Noida,IT,99963
9763,Karan,31,Jaipur,Sales,50563
9764,Rahul,43,Chennai,HR,86730
9765,Vikas,49,Noida,Sales,131872
9766,Rohit,24,Hyderabad,Finance,59317
9767,Priya,49,Chennai,Operations,80141
9768,Rohit,44,Bangalore,HR,27583
9769,Karan,21,Delhi,Finance,45526
9770,Rahul,35,Lucknow,Operations,33432
9771,Anuj,28,Lucknow,Marketing,57730
9772,Aman,21,Bangalore,HR,81958
9773,Neha,25,Noida,Operations,124332
9774,Pooja,28,Bangalore,Operations,96437
9775,Vikas,47,Kolkata,HR,135664
9776,Rohit,42,Hyderabad,Operations,95221
9777,Aman,49,Pune,IT,62634
9778,Priya,53,Lucknow,Marketing,34927
9779,Rohit,55,Jaipur,IT,72147
9780,Anuj,31,Lucknow,Sales,90499
9781,Rohit,44,Noida,Operations,88180
9782,Karan,20,Pune,IT,35956
9783,Pooja,39,Kolkata,HR,115857
9784,Neha,25,Delhi,IT,42748
9785,Aman,55,Hyderabad,Operations,122235
9786,Vikas,20,Bangalore,IT,104629
9787,Neha,43,Mumbai,HR,33834
9788,Anuj,28,Bangalore,Operations,93983
9789,Simran,24,Hyderabad,HR,59853
9790,Priya,49,Noida,Marketing,47646
9791,Vikas,43,Lucknow,Marketing,116800
9792,Anuj,41,Delhi,IT,106972
9793,Rohit,52,Jaipur,HR,109691
9794,Neha,40,Mumbai,IT,74074
9795,Neha,27,Chennai,IT,33273
9796,Rohit,49,Noida,Marketing,119690
9797,Rohit,51,Noida,Sales,102389
9798,Simran,49,Delhi,Sales,71293
9799,Anuj,38,Pune,HR,129398
9800,Rohit,25,Hyderabad,Finance,79221
9801,Rohit,28,Chennai,HR,123682
9802,Karan,51,Hyderabad,Operations,36137
9803,Priya,38,Lucknow,Sales,86986
9804,Simran,44,Bangalore,Sales,82112
9805,Neha,31,Mumbai,Finance,112350
9806,Aman,24,Lucknow,Sales,143907
9807,Pooja,26,Lucknow,Sales,72787
9808,Anuj,54,Mumbai,IT,69039
9809,Rahul,55,Delhi,HR,98134
9810,Pooja,29,Mumbai,Finance,103647
9811,Rahul,37,Pune,Operations,45514
9812,Rohit,25,Kolkata,HR,45334
9813,Anuj,45,Chennai,Operations,53850
9814,Aman,28,Chennai,HR,115796
9815,Rohit,47,Chennai,Sales,73313
9816,Aman,37,Lucknow,Finance,72386
9817,Rahul,31,Chennai,Operations,140724
9818,Aman,30,Lucknow,IT,41992
9819,Karan,29,Mumbai,IT,115544
9820,Simran,50,Mumbai,Marketing,96669
9821,Rohit,41,Lucknow,Marketing,67357
9822,Rohit,52,Hyderabad,HR,97924
9823,Simran,24,Pune,IT,89257
9824,Rahul,48,Pune,Finance,112579
9825,Priya,23,Jaipur,HR,28385
9826,Pooja,36,Chennai,Sales,138983
9827,Vikas,43,Noida,Finance,142735
9828,Aman,37,Lucknow,Finance,82301
9829,Rohit,28,Bangalore,IT,50553
9830,Rohit,26,Noida,Operations,25752
9831,Priya,55,Noida,Operations,127738
9832,Aman,42,Jaipur,Sales,112411
9833,Karan,38,Pune,IT,44839
9834,Rohit,43,Lucknow,Finance,125634
9835,Vikas,51,Delhi,IT,44377
9836,Vikas,22,Lucknow,Operations,96688
9837,Karan,40,Pune,HR,127006
9838,Pooja,47,Bangalore,Finance,139002
9839,Rohit,52,Mumbai,IT,118519
9840,Vikas,28,Bangalore,IT,48243
9841,Pooja,20,Mumbai,Sales,104738
9842,Rahul,29,Bangalore,HR,146685
9843,Neha,28,Delhi,Operations,54202
9844,Priya,43,Chennai,Operations,129513
9845,Priya,51,Chennai,Marketing,55872
9846,Aman,20,Mumbai,Sales,71768
9847,Pooja,21,Jaipur,Marketing,149587
9848,Pooja,23,Pune,Operations,43837
9849,Priya,24,Bangalore,Sales,96194
9850,Simran,45,Chennai,Sales,136917
9851,Karan,34,Pune,Operations,82518
9852,Priya,41,Pune,Marketing,94095
9853,Aman,46,Bangalore,Operations,105277
9854,Pooja,37,Jaipur,Finance,90254
9855,Anuj,23,Jaipur,IT,38614
9856,Priya,49,Lucknow,Finance,74094
9857,Priya,30,Pune,Operations,120184
9858,Rahul,33,Pune,Marketing,142148
9859,Vikas,28,Bangalore,HR,50413
9860,Karan,37,Pune,Finance,70973
9861,Simran,50,Kolkata,Marketing,130228
9862,Aman,31,Hyderabad,IT,143679
9863,Simran,52,Noida,Finance,103463
9864,Aman,30,Jaipur,Finance,110055
9865,Vikas,55,Chennai,Marketing,78731
9866,Priya,40,Chennai,Finance,64363
9867,Pooja,37,Lucknow,HR,88494
9868,Vikas,20,Bangalore,IT,148629
9869,Pooja,23,Delhi,HR,45532
9870,Vikas,25,Jaipur,Marketing,78810
9871,Priya,51,Chennai,IT,93976
9872,Simran,53,Hyderabad,Finance,112056
9873,Karan,53,Bangalore,Operations,65606
9874,Pooja,31,Mumbai,Sales,136475
9875,Rahul,30,Bangalore,Operations,121668
9876,Neha,36,Pune,Marketing,90383
9877,Aman,48,Jaipur,Sales,59875
9878,Pooja,35,Mumbai,IT,79048
9879,Rohit,25,Chennai,Operations,61304
9880,Aman,28,Lucknow,IT,113590
9881,Rohit,46,Mumbai,IT,72177
9882,Anuj,24,Jaipur,Operations,67068
9883,Anuj,44,Hyderabad,HR,29433
9884,Simran,54,Hyderabad,Operations,84618
9885,Neha,43,Delhi,HR,114712
9886,Pooja,20,Kolkata,Marketing,44777
9887,Priya,50,Bangalore,IT,142554
9888,Priya,24,Pune,Finance,93147
9889,Priya,23,Hyderabad,Marketing,57163
9890,Neha,42,Delhi,Marketing,38462
9891,Priya,55,Lucknow,Sales,124377
9892,Pooja,23,Hyderabad,Sales,26285
9893,Vikas,25,Mumbai,Operations,146018
9894,Karan,27,Jaipur,Operations,41109
9895,Rahul,43,Jaipur,IT,97171
9896,Priya,20,Lucknow,Finance,149412
9897,Anuj,31,Hyderabad,Marketing,71323
9898,Rahul,49,Lucknow,Sales,120154
9899,Priya,26,Bangalore,Finance,114691
9900,Karan,25,Kolkata,HR,31459
9901,Aman,40,Delhi,Operations,93987
9902,Rohit,31,Pune,Finance,96608
9903,Priya,47,Lucknow,IT,31437
9904,Vikas,25,Chennai,Marketing,147503
9905,Neha,22,Lucknow,Marketing,95758
9906,Simran,43,Chennai,Operations,87938
9907,Pooja,34,Bangalore,HR,66430
9908,Neha,48,Hyderabad,Operations,77837
9909,Anuj,23,Pune,HR,121997
9910,Priya,28,Hyderabad,IT,65697
9911,Priya,32,Lucknow,Finance,132325
9912,Rohit,22,Noida,HR,147624
9913,Rohit,22,Kolkata,Operations,148465
9914,Pooja,49,Chennai,Operations,70956
9915,Anuj,24,Hyderabad,Operations,123325
9916,Neha,47,Delhi,HR,28350
9917,Anuj,40,Bangalore,HR,122933
9918,Aman,20,Kolkata,Sales,113820
9919,Vikas,20,Noida,Operations,69357
9920,Karan,50,Jaipur,HR,96163
9921,Pooja,36,Jaipur,Marketing,39563
9922,Aman,25,Pune,Sales,110263
9923,Vikas,52,Delhi,HR,26569
9924,Rohit,39,Delhi,Finance,66950
9925,Karan,55,Lucknow,IT,94439
9926,Karan,40,Lucknow,Operations,26381
9927,Aman,38,Hyderabad,Finance,39270
9928,Anuj,34,Bangalore,Finance,25197
9929,Rahul,29,Mumbai,HR,98664
9930,Rahul,53,Jaipur,IT,143551
9931,Priya,49,Jaipur,Marketing,109115
9932,Priya,46,Kolkata,HR,97883
9933,Karan,55,Pune,Finance,141608
9934,Rahul,33,Bangalore,Sales,114185
9935,Simran,46,Bangalore,IT,132963
9936,Rohit,42,Lucknow,Finance,80111
9937,Priya,28,Chennai,Marketing,88764
9938,Aman,36,Chennai,Operations,102927
9939,Priya,37,Jaipur,HR,89464
9940,Vikas,50,Chennai,Finance,130344
9941,Vikas,27,Chennai,Sales,59078
9942,Simran,46,Kolkata,Operations,58244
9943,Simran,25,Lucknow,Operations,90476
9944,Priya,52,Jaipur,Sales,82048
9945,Karan,29,Lucknow,Finance,35404
9946,Vikas,50,Lucknow,IT,102105
9947,Priya,32,Bangalore,Marketing,52806
9948,Rahul,39,Kolkata,Operations,83528
9949,Rahul,54,Delhi,Sales,94650
9950,Karan,25,Chennai,Finance,131341
9951,Neha,33,Noida,IT,126180
9952,Aman,24,Kolkata,Sales,120665
9953,Vikas,22,Delhi,Operations,96834
9954,Rohit,36,Chennai,Operations,80937
9955,Priya,41,Lucknow,Finance,74404
9956,Vikas,22,Delhi,Operations,50409
9957,Anuj,29,Noida,IT,133799
9958,Aman,42,Bangalore,IT,75344
9959,Pooja,55,Lucknow,Marketing,127997
9960,Anuj,45,Kolkata,Finance,108099
9961,Rahul,34,Noida,Marketing,63755
9962,Rahul,31,Noida,IT,75942
9963,Priya,24,Delhi,Operations,124980
9964,Simran,49,Pune,IT,68318
9965,Priya,38,Jaipur,IT,56750
9966,Vikas,33,Bangalore,Marketing,147686
9967,Priya,43,Kolkata,Sales,53738
9968,Aman,48,Noida,Finance,55666
9969,Aman,36,Hyderabad,IT,64367
9970,Neha,53,Chennai,Marketing,132117
9971,Aman,35,Kolkata,Operations,83223
9972,Aman,41,Hyderabad,IT,83023
9973,Rohit,29,Chennai,Marketing,61241
9974,Pooja,46,Chennai,HR,122485
9975,Aman,53,Hyderabad,Marketing,100245
9976,Simran,23,Delhi,IT,78532
9977,Rahul,45,Hyderabad,Marketing,54998
9978,Pooja,37,Noida,IT,51035
9979,Karan,54,Jaipur,Operations,149868
9980,Rohit,47,Jaipur,Finance,87850
9981,Aman,22,Chennai,IT,100649
9982,Rohit,47,Delhi,IT,142199
9983,Anuj,48,Noida,Sales,137803
9984,Aman,32,Chennai,Sales,44385
9985,Rohit,55,Kolkata,Finance,45475
9986,Vikas,34,Bangalore,Operations,128968
9987,Priya,36,Bangalore,Finance,138417
9988,Pooja,39,Lucknow,Operations,147074
9989,Karan,54,Mumbai,Sales,115753
9990,Rahul,52,Pune,Marketing,81413
9991,Aman,32,Bangalore,IT,145570
9992,Rahul,55,Pune,HR,141985
9993,Vikas,39,Hyderabad,Operations,47317
9994,Rahul,31,Lucknow,Operations,90797
9995,Priya,40,Chennai,Operations,40000
9996,Rahul,34,Lucknow,Marketing,105757
9997,Vikas,44,Jaipur,Finance,146224
9998,Rahul,39,Hyderabad,Finance,34734
9999,Neha,45,Delhi,Finance,70210
10000,Anuj,28,Bangalore,Finance,25067
